"CanonicalTable","Field","FirmId","CodeDomain","CodeType","CodeValue","OccurrenceCount","CurrentDescription","Classification"
"CustomerMaster","SalespersonCode","01","Sales","Salesperson","001","146","RAY PAYNE","SourceMaster"
"CustomerMaster","SalespersonCode","01","Sales","Salesperson","002","22","MIGUEL DE LEON, JR.","SourceMaster"
"CustomerMaster","SalespersonCode","01","Sales","Salesperson","003","204","HOUSE ACCOUNT","SourceMaster"
"CustomerMaster","SalespersonCode","01","Sales","Salesperson","004","6","MARTIN LEVAN","SourceMaster"
"CustomerAddress","SalespersonCode","01","Sales","Salesperson","001","14","RAY PAYNE","SourceMaster"
"CustomerAddress","SalespersonCode","01","Sales","Salesperson","002","5","MIGUEL DE LEON, JR.","SourceMaster"
"CustomerAddress","SalespersonCode","01","Sales","Salesperson","003","9","HOUSE ACCOUNT","SourceMaster"
"CustomerMaster","TerritoryCode","01","Customer","Territory","001","376","SOUTHERN CALIFORNIA","SourceMaster"
"CustomerMaster","TerritoryCode","01","Customer","Territory","002","4","OUT OF STATE","SourceMaster"
"CustomerAddress","TerritoryCode","01","Customer","Territory","001","25","SOUTHERN CALIFORNIA","SourceMaster"
"CustomerAddress","TerritoryCode","01","Customer","Territory","002","3","OUT OF STATE","SourceMaster"
"CustomerMaster","PaymentTermsCode","01","Sales","PaymentTerms","01","349","NET 30 DAYS","SourceMaster"
"CustomerMaster","PaymentTermsCode","01","Sales","PaymentTerms","02","22","C O D","SourceMaster"
"CustomerMaster","PaymentTermsCode","01","Sales","PaymentTerms","10","4","NET 30, 2% - 10","SourceMaster"
"CustomerMaster","PaymentTermsCode","01","Sales","PaymentTerms","15","1","NET 15 DAYS","SourceMaster"
"CustomerMaster","PaymentTermsCode","01","Sales","PaymentTerms","45","1","NET 45 DAYS","SourceMaster"
"CustomerMaster","PaymentTermsCode","01","Sales","PaymentTerms","60","2","NET 60","SourceMaster"
"CustomerMaster","PaymentTermsCode","01","Sales","PaymentTerms","PP","1","PREPAID","SourceMaster"
"VendorMaster","PaymentTermsCode","01","Purchasing","PaymentTerms","01","721","NET 30 DAYS","SourceMaster"
"VendorMaster","PaymentTermsCode","01","Purchasing","PaymentTerms","02","45","C.O.D.","SourceMaster"
"VendorMaster","PaymentTermsCode","01","Purchasing","PaymentTerms","45","2","NET 45 DAYS","SourceMaster"
"VendorMaster","PaymentTermsCode","01","Purchasing","PaymentTerms","60","2","NET 60 DAYS","SourceMaster"
"VendorMaster","PaymentTermsCode","01","Purchasing","PaymentTerms","CC","32","CREDIT CARD","SourceMaster"
"PurchaseOrder","PaymentTermsCode","01","Purchasing","PaymentTerms","01","450",,"SourceMaster"
"PurchaseOrder","PaymentTermsCode","01","Purchasing","PaymentTerms","02","15",,"SourceMaster"
"PurchaseOrder","PaymentTermsCode","01","Purchasing","PaymentTerms","15","1",,"SourceMaster"
"PurchaseOrder","PaymentTermsCode","01","Purchasing","PaymentTerms","45","8",,"SourceMaster"
"PurchaseOrder","PaymentTermsCode","01","Purchasing","PaymentTerms","60","31",,"SourceMaster"
"PurchaseOrder","PaymentTermsCode","01","Purchasing","PaymentTerms","CC","12",,"SourceMaster"
"PurchaseOrder","PaymentTermsCode","01","Purchasing","PaymentTerms","XX","1",,"SourceMaster"
"PurchaseReceipt","PaymentTermsCode","01","Purchasing","PaymentTerms","01","37923",,"SourceMaster"
"PurchaseReceipt","PaymentTermsCode","01","Purchasing","PaymentTerms","02","263",,"SourceMaster"
"PurchaseReceipt","PaymentTermsCode","01","Purchasing","PaymentTerms","15","1",,"SourceMaster"
"PurchaseReceipt","PaymentTermsCode","01","Purchasing","PaymentTerms","45","365",,"SourceMaster"
"PurchaseReceipt","PaymentTermsCode","01","Purchasing","PaymentTerms","60","861",,"SourceMaster"
"PurchaseReceipt","PaymentTermsCode","01","Purchasing","PaymentTerms","CC","151",,"SourceMaster"
"CustomerMaster","ShippingMethodCode","01","Sales","ShippingMethod","DHL","3",,"TransactionDerived"
"CustomerMaster","ShippingMethodCode","01","Sales","ShippingMethod","DLE","11",,"TransactionDerived"
"CustomerMaster","ShippingMethodCode","01","Sales","ShippingMethod","FED EX","1",,"TransactionDerived"
"CustomerMaster","ShippingMethodCode","01","Sales","ShippingMethod","FEDEX","2",,"TransactionDerived"
"CustomerMaster","ShippingMethodCode","01","Sales","ShippingMethod","UPD","1",,"TransactionDerived"
"CustomerMaster","ShippingMethodCode","01","Sales","ShippingMethod","UPS","135",,"TransactionDerived"
"CustomerMaster","ShippingMethodCode","01","Sales","ShippingMethod","UPS 477365","1",,"TransactionDerived"
"CustomerMaster","ShippingMethodCode","01","Sales","ShippingMethod","UPS 992499","1",,"TransactionDerived"
"CustomerMaster","ShippingMethodCode","01","Sales","ShippingMethod","UPS A054E8","1",,"TransactionDerived"
"CustomerMaster","ShippingMethodCode","01","Sales","ShippingMethod","UPS COLL","4",,"TransactionDerived"
"CustomerMaster","ShippingMethodCode","01","Sales","ShippingMethod","UPS RED","1",,"TransactionDerived"
"CustomerMaster","ShippingMethodCode","01","Sales","ShippingMethod","UPS#22Y96A","1",,"TransactionDerived"
"CustomerMaster","ShippingMethodCode","01","Sales","ShippingMethod","UPS#37154W","1",,"TransactionDerived"
"CustomerMaster","ShippingMethodCode","01","Sales","ShippingMethod","UPS#74A666","1",,"TransactionDerived"
"CustomerMaster","ShippingMethodCode","01","Sales","ShippingMethod","UPS#898398","1",,"TransactionDerived"
"CustomerMaster","ShippingMethodCode","01","Sales","ShippingMethod","UPS#920299","1",,"TransactionDerived"
"CustomerMaster","ShippingMethodCode","01","Sales","ShippingMethod","UPS#931051","1",,"TransactionDerived"
"CustomerMaster","ShippingMethodCode","01","Sales","ShippingMethod","UPS#936699","1",,"TransactionDerived"
"CustomerMaster","ShippingMethodCode","01","Sales","ShippingMethod","UPS#982502","1",,"TransactionDerived"
"CustomerMaster","ShippingMethodCode","01","Sales","ShippingMethod","UPS#992389","1",,"TransactionDerived"
"CustomerMaster","ShippingMethodCode","01","Sales","ShippingMethod","UPS(DLE)","1",,"TransactionDerived"
"CustomerMaster","ShippingMethodCode","01","Sales","ShippingMethod","UPS-76A22E","1",,"TransactionDerived"
"CustomerMaster","ShippingMethodCode","01","Sales","ShippingMethod","UPS-923072","1",,"TransactionDerived"
"CustomerMaster","ShippingMethodCode","01","Sales","ShippingMethod","UPS-COLL","2",,"TransactionDerived"
"CustomerMaster","ShippingMethodCode","01","Sales","ShippingMethod","USPS","1",,"TransactionDerived"
"CustomerMaster","ShippingMethodCode","01","Sales","ShippingMethod","W/C","12",,"TransactionDerived"
"PurchaseOrder","ShippingMethod","01","Purchasing","ShippingMethod","DELIVERY","1",,"TransactionDerived"
"PurchaseOrder","ShippingMethod","01","Purchasing","ShippingMethod","DHL","1",,"TransactionDerived"
"PurchaseOrder","ShippingMethod","01","Purchasing","ShippingMethod","FED EX","2",,"TransactionDerived"
"PurchaseOrder","ShippingMethod","01","Purchasing","ShippingMethod","FED EX PREPAID","1",,"TransactionDerived"
"PurchaseOrder","ShippingMethod","01","Purchasing","ShippingMethod","FED-EX","105",,"TransactionDerived"
"PurchaseOrder","ShippingMethod","01","Purchasing","ShippingMethod","FEDEX NEXT DAY","1",,"TransactionDerived"
"PurchaseOrder","ShippingMethod","01","Purchasing","ShippingMethod","FREE FEDEX OVER","1",,"TransactionDerived"
"PurchaseOrder","ShippingMethod","01","Purchasing","ShippingMethod","FREE SHIPPING","1",,"TransactionDerived"
"PurchaseOrder","ShippingMethod","01","Purchasing","ShippingMethod","TDA","1",,"TransactionDerived"
"PurchaseOrder","ShippingMethod","01","Purchasing","ShippingMethod","TRUCK","2",,"TransactionDerived"
"PurchaseOrder","ShippingMethod","01","Purchasing","ShippingMethod","UBER","1",,"TransactionDerived"
"PurchaseOrder","ShippingMethod","01","Purchasing","ShippingMethod","UPS","245",,"TransactionDerived"
"PurchaseOrder","ShippingMethod","01","Purchasing","ShippingMethod","UPS BLUE","1",,"TransactionDerived"
"PurchaseOrder","ShippingMethod","01","Purchasing","ShippingMethod","UPS GRND","4",,"TransactionDerived"
"PurchaseOrder","ShippingMethod","01","Purchasing","ShippingMethod","UPS GROUND","3",,"TransactionDerived"
"PurchaseOrder","ShippingMethod","01","Purchasing","ShippingMethod","UPS ORANGE","1",,"TransactionDerived"
"PurchaseOrder","ShippingMethod","01","Purchasing","ShippingMethod","UPS RED","2",,"TransactionDerived"
"PurchaseOrder","ShippingMethod","01","Purchasing","ShippingMethod","UPS UPGRADE","1",,"TransactionDerived"
"PurchaseOrder","ShippingMethod","01","Purchasing","ShippingMethod","W/C","3",,"TransactionDerived"
"PurchaseOrder","ShippingMethod","01","Purchasing","ShippingMethod","WILL CALL","6",,"TransactionDerived"
"PurchaseOrder","ShippingMethod","01","Purchasing","ShippingMethod","XXXXXXXXXXXXXXX","1",,"TransactionDerived"
"PurchaseReceipt","ShippingMethod","01","Purchasing","ShippingMethod","AIR DELIVERY","1",,"TransactionDerived"
"PurchaseReceipt","ShippingMethod","01","Purchasing","ShippingMethod","AIR SHIPPING","1",,"TransactionDerived"
"PurchaseReceipt","ShippingMethod","01","Purchasing","ShippingMethod","ASHLEIGH","1",,"TransactionDerived"
"PurchaseReceipt","ShippingMethod","01","Purchasing","ShippingMethod","BEST WAY","3",,"TransactionDerived"
"PurchaseReceipt","ShippingMethod","01","Purchasing","ShippingMethod","BY SEA","1",,"TransactionDerived"
"PurchaseReceipt","ShippingMethod","01","Purchasing","ShippingMethod","C.O.D.","1",,"TransactionDerived"
"PurchaseReceipt","ShippingMethod","01","Purchasing","ShippingMethod","DELEVERY","3",,"TransactionDerived"
"PurchaseReceipt","ShippingMethod","01","Purchasing","ShippingMethod","DELIEVERY","1",,"TransactionDerived"
"PurchaseReceipt","ShippingMethod","01","Purchasing","ShippingMethod","DELIVER","5",,"TransactionDerived"
"PurchaseReceipt","ShippingMethod","01","Purchasing","ShippingMethod","DELIVERED","1",,"TransactionDerived"
"PurchaseReceipt","ShippingMethod","01","Purchasing","ShippingMethod","DELIVERY","167",,"TransactionDerived"
"PurchaseReceipt","ShippingMethod","01","Purchasing","ShippingMethod","DELIVERY  PPA","1",,"TransactionDerived"
"PurchaseReceipt","ShippingMethod","01","Purchasing","ShippingMethod","DELIVERY TRUCK","1",,"TransactionDerived"
"PurchaseReceipt","ShippingMethod","01","Purchasing","ShippingMethod","DHL","12",,"TransactionDerived"
"PurchaseReceipt","ShippingMethod","01","Purchasing","ShippingMethod","DHL AIR","2",,"TransactionDerived"
"PurchaseReceipt","ShippingMethod","01","Purchasing","ShippingMethod","DHL PREPAID","1",,"TransactionDerived"
"PurchaseReceipt","ShippingMethod","01","Purchasing","ShippingMethod","DLE","2",,"TransactionDerived"
"PurchaseReceipt","ShippingMethod","01","Purchasing","ShippingMethod","DLE PICK UP","2",,"TransactionDerived"
"PurchaseReceipt","ShippingMethod","01","Purchasing","ShippingMethod","DLE PICK-UP","2",,"TransactionDerived"
"PurchaseReceipt","ShippingMethod","01","Purchasing","ShippingMethod","DLH","1",,"TransactionDerived"
"PurchaseReceipt","ShippingMethod","01","Purchasing","ShippingMethod","DROP OFF","1",,"TransactionDerived"
"PurchaseReceipt","ShippingMethod","01","Purchasing","ShippingMethod","DROP SHIPMENT","1",,"TransactionDerived"
"PurchaseReceipt","ShippingMethod","01","Purchasing","ShippingMethod","E.E. WILL BRING","1",,"TransactionDerived"
"PurchaseReceipt","ShippingMethod","01","Purchasing","ShippingMethod","FED EX","40",,"TransactionDerived"
"PurchaseReceipt","ShippingMethod","01","Purchasing","ShippingMethod","FED EX'","1",,"TransactionDerived"
"PurchaseReceipt","ShippingMethod","01","Purchasing","ShippingMethod","FED EX & UPS","3",,"TransactionDerived"
"PurchaseReceipt","ShippingMethod","01","Purchasing","ShippingMethod","FED EX / UPS","3",,"TransactionDerived"
"PurchaseReceipt","ShippingMethod","01","Purchasing","ShippingMethod","FED EX 2 DAY","1",,"TransactionDerived"
"PurchaseReceipt","ShippingMethod","01","Purchasing","ShippingMethod","FED EX 2DAY","2",,"TransactionDerived"
"PurchaseReceipt","ShippingMethod","01","Purchasing","ShippingMethod","FED EX AIR","1",,"TransactionDerived"
"PurchaseReceipt","ShippingMethod","01","Purchasing","ShippingMethod","FED EX GRND","1",,"TransactionDerived"
"PurchaseReceipt","ShippingMethod","01","Purchasing","ShippingMethod","FED EX NEXT DAY","2",,"TransactionDerived"
"PurchaseReceipt","ShippingMethod","01","Purchasing","ShippingMethod","FED EX OVERNGHT","3",,"TransactionDerived"
"PurchaseReceipt","ShippingMethod","01","Purchasing","ShippingMethod","FED EX OVERNGT","1",,"TransactionDerived"
"PurchaseReceipt","ShippingMethod","01","Purchasing","ShippingMethod","FED EX OVERNIGT","8",,"TransactionDerived"
"PurchaseReceipt","ShippingMethod","01","Purchasing","ShippingMethod","FED EX OVRNT","2",,"TransactionDerived"
"PurchaseReceipt","ShippingMethod","01","Purchasing","ShippingMethod","FED EX P-1","3",,"TransactionDerived"
"PurchaseReceipt","ShippingMethod","01","Purchasing","ShippingMethod","FED EX P2","4",,"TransactionDerived"
"PurchaseReceipt","ShippingMethod","01","Purchasing","ShippingMethod","FED EX PP&A","2",,"TransactionDerived"
"PurchaseReceipt","ShippingMethod","01","Purchasing","ShippingMethod","FED EX PPA","6",,"TransactionDerived"
"PurchaseReceipt","ShippingMethod","01","Purchasing","ShippingMethod","FED EX PPA&ADD","1",,"TransactionDerived"
"PurchaseReceipt","ShippingMethod","01","Purchasing","ShippingMethod","FED EX PRE PAY","1",,"TransactionDerived"
"PurchaseReceipt","ShippingMethod","01","Purchasing","ShippingMethod","FED EX PREPAOD","1",,"TransactionDerived"
"PurchaseReceipt","ShippingMethod","01","Purchasing","ShippingMethod","FED EX PREPAY","2",,"TransactionDerived"
"PurchaseReceipt","ShippingMethod","01","Purchasing","ShippingMethod","FED EX STANDARD","2",,"TransactionDerived"
"PurchaseReceipt","ShippingMethod","01","Purchasing","ShippingMethod","FED*EX","2",,"TransactionDerived"
"PurchaseReceipt","ShippingMethod","01","Purchasing","ShippingMethod","FED-+EX","1",,"TransactionDerived"
"PurchaseReceipt","ShippingMethod","01","Purchasing","ShippingMethod","FED-E","2",,"TransactionDerived"
"PurchaseReceipt","ShippingMethod","01","Purchasing","ShippingMethod","FED-EDX","1",,"TransactionDerived"
"PurchaseReceipt","ShippingMethod","01","Purchasing","ShippingMethod","FED-EEX","1",,"TransactionDerived"
"PurchaseReceipt","ShippingMethod","01","Purchasing","ShippingMethod","FEDE-EX","1",,"TransactionDerived"
"PurchaseReceipt","ShippingMethod","01","Purchasing","ShippingMethod","FED-EWX","1",,"TransactionDerived"
"PurchaseReceipt","ShippingMethod","01","Purchasing","ShippingMethod","FEDEX","11",,"TransactionDerived"
"PurchaseReceipt","ShippingMethod","01","Purchasing","ShippingMethod","FED-EX","3229",,"TransactionDerived"
"PurchaseReceipt","ShippingMethod","01","Purchasing","ShippingMethod","FED-EX  PPA","5",,"TransactionDerived"
"PurchaseReceipt","ShippingMethod","01","Purchasing","ShippingMethod","FEDEX FREE","1",,"TransactionDerived"
"PurchaseReceipt","ShippingMethod","01","Purchasing","ShippingMethod","FED-EX OVERNIGH","2",,"TransactionDerived"
"PurchaseReceipt","ShippingMethod","01","Purchasing","ShippingMethod","FEDEX OVERNIGHT","4",,"TransactionDerived"
"PurchaseReceipt","ShippingMethod","01","Purchasing","ShippingMethod","FEDEX P2","1",,"TransactionDerived"
"PurchaseReceipt","ShippingMethod","01","Purchasing","ShippingMethod","FEDEX PREPAID","1",,"TransactionDerived"
"PurchaseReceipt","ShippingMethod","01","Purchasing","ShippingMethod","FEDEX PZ","1",,"TransactionDerived"
"PurchaseReceipt","ShippingMethod","01","Purchasing","ShippingMethod","FED-RX","2",,"TransactionDerived"
"PurchaseReceipt","ShippingMethod","01","Purchasing","ShippingMethod","FEDS-EX","1",,"TransactionDerived"
"PurchaseReceipt","ShippingMethod","01","Purchasing","ShippingMethod","FE-EX","1",,"TransactionDerived"
"PurchaseReceipt","ShippingMethod","01","Purchasing","ShippingMethod","FREE  SHIPPING","1",,"TransactionDerived"
"PurchaseReceipt","ShippingMethod","01","Purchasing","ShippingMethod","FREE 2ND DAY SH","1",,"TransactionDerived"
"PurchaseReceipt","ShippingMethod","01","Purchasing","ShippingMethod","FREE FED EX","10",,"TransactionDerived"
"PurchaseReceipt","ShippingMethod","01","Purchasing","ShippingMethod","FREE FED EX GRD","1",,"TransactionDerived"
"PurchaseReceipt","ShippingMethod","01","Purchasing","ShippingMethod","FREE FED-EX","1",,"TransactionDerived"
"PurchaseReceipt","ShippingMethod","01","Purchasing","ShippingMethod","FREE FEDEX OVER","2",,"TransactionDerived"
"PurchaseReceipt","ShippingMethod","01","Purchasing","ShippingMethod","FREE FEDEX OVRN","4",,"TransactionDerived"
"PurchaseReceipt","ShippingMethod","01","Purchasing","ShippingMethod","FREE FEDEX PER","1",,"TransactionDerived"
"PurchaseReceipt","ShippingMethod","01","Purchasing","ShippingMethod","FREE GROUND","1",,"TransactionDerived"
"PurchaseReceipt","ShippingMethod","01","Purchasing","ShippingMethod","FREE OVERNIGHT","5",,"TransactionDerived"
"PurchaseReceipt","ShippingMethod","01","Purchasing","ShippingMethod","FREE OVRNT","1",,"TransactionDerived"
"PurchaseReceipt","ShippingMethod","01","Purchasing","ShippingMethod","FREE OVRNT PER","3",,"TransactionDerived"
"PurchaseReceipt","ShippingMethod","01","Purchasing","ShippingMethod","FREE SHIPPING","16",,"TransactionDerived"
"PurchaseReceipt","ShippingMethod","01","Purchasing","ShippingMethod","FREE UPS","2",,"TransactionDerived"
"PurchaseReceipt","ShippingMethod","01","Purchasing","ShippingMethod","FREIGHT","2",,"TransactionDerived"
"PurchaseReceipt","ShippingMethod","01","Purchasing","ShippingMethod","FUSES TRUCK","1",,"TransactionDerived"
"PurchaseReceipt","ShippingMethod","01","Purchasing","ShippingMethod","JAIME","1",,"TransactionDerived"
"PurchaseReceipt","ShippingMethod","01","Purchasing","ShippingMethod","LISA","1",,"TransactionDerived"
"PurchaseReceipt","ShippingMethod","01","Purchasing","ShippingMethod","O/T","9",,"TransactionDerived"
"PurchaseReceipt","ShippingMethod","01","Purchasing","ShippingMethod","OPS","1",,"TransactionDerived"
"PurchaseReceipt","ShippingMethod","01","Purchasing","ShippingMethod","PICK UP","6",,"TransactionDerived"
"PurchaseReceipt","ShippingMethod","01","Purchasing","ShippingMethod","PICKED UP:DLE","1",,"TransactionDerived"
"PurchaseReceipt","ShippingMethod","01","Purchasing","ShippingMethod","PICK-UP","1",,"TransactionDerived"
"PurchaseReceipt","ShippingMethod","01","Purchasing","ShippingMethod","PPA","2",,"TransactionDerived"
"PurchaseReceipt","ShippingMethod","01","Purchasing","ShippingMethod","PS","9",,"TransactionDerived"
"PurchaseReceipt","ShippingMethod","01","Purchasing","ShippingMethod","QUEST DELIVERY","1",,"TransactionDerived"
"PurchaseReceipt","ShippingMethod","01","Purchasing","ShippingMethod","TDA","3",,"TransactionDerived"
"PurchaseReceipt","ShippingMethod","01","Purchasing","ShippingMethod","TRUCK","58",,"TransactionDerived"
"PurchaseReceipt","ShippingMethod","01","Purchasing","ShippingMethod","U[S","1",,"TransactionDerived"
"PurchaseReceipt","ShippingMethod","01","Purchasing","ShippingMethod","U8PS","1",,"TransactionDerived"
"PurchaseReceipt","ShippingMethod","01","Purchasing","ShippingMethod","UBER","8",,"TransactionDerived"
"PurchaseReceipt","ShippingMethod","01","Purchasing","ShippingMethod","ULINE","1",,"TransactionDerived"
"PurchaseReceipt","ShippingMethod","01","Purchasing","ShippingMethod","ULINE MOTOR","1",,"TransactionDerived"
"PurchaseReceipt","ShippingMethod","01","Purchasing","ShippingMethod","UOS","2",,"TransactionDerived"
"PurchaseReceipt","ShippingMethod","01","Purchasing","ShippingMethod","UP","1",,"TransactionDerived"
"PurchaseReceipt","ShippingMethod","01","Purchasing","ShippingMethod","UPA","7",,"TransactionDerived"
"PurchaseReceipt","ShippingMethod","01","Purchasing","ShippingMethod","UPD","10",,"TransactionDerived"
"PurchaseReceipt","ShippingMethod","01","Purchasing","ShippingMethod","UPD BLUE","2",,"TransactionDerived"
"PurchaseReceipt","ShippingMethod","01","Purchasing","ShippingMethod","UPS","31222",,"TransactionDerived"
"PurchaseReceipt","ShippingMethod","01","Purchasing","ShippingMethod","UPS'","14",,"TransactionDerived"
"PurchaseReceipt","ShippingMethod","01","Purchasing","ShippingMethod","UPS  /  PPA","1",,"TransactionDerived"
"PurchaseReceipt","ShippingMethod","01","Purchasing","ShippingMethod","UPS  BLUE","1",,"TransactionDerived"
"PurchaseReceipt","ShippingMethod","01","Purchasing","ShippingMethod","UPS  C.O.D","1",,"TransactionDerived"
"PurchaseReceipt","ShippingMethod","01","Purchasing","ShippingMethod","UPS  PPA","9",,"TransactionDerived"
"PurchaseReceipt","ShippingMethod","01","Purchasing","ShippingMethod","UPS / A&C","5",,"TransactionDerived"
"PurchaseReceipt","ShippingMethod","01","Purchasing","ShippingMethod","UPS / BLUE","1",,"TransactionDerived"
"PurchaseReceipt","ShippingMethod","01","Purchasing","ShippingMethod","UPS / DEL.","4",,"TransactionDerived"
"PurchaseReceipt","ShippingMethod","01","Purchasing","ShippingMethod","UPS / FED EX","1",,"TransactionDerived"
"PurchaseReceipt","ShippingMethod","01","Purchasing","ShippingMethod","UPS / RPM DRIVR","4",,"TransactionDerived"
"PurchaseReceipt","ShippingMethod","01","Purchasing","ShippingMethod","UPS / WILL CALL","3",,"TransactionDerived"
"PurchaseReceipt","ShippingMethod","01","Purchasing","ShippingMethod","UPS 294897 OR F","1",,"TransactionDerived"
"PurchaseReceipt","ShippingMethod","01","Purchasing","ShippingMethod","UPS 2DAY","1",,"TransactionDerived"
"PurchaseReceipt","ShippingMethod","01","Purchasing","ShippingMethod","UPS 2DN DAY","2",,"TransactionDerived"
"PurchaseReceipt","ShippingMethod","01","Purchasing","ShippingMethod","UPS 2ND DAY","21",,"TransactionDerived"
"PurchaseReceipt","ShippingMethod","01","Purchasing","ShippingMethod","UPS 2ND DAY GRD","8",,"TransactionDerived"
"PurchaseReceipt","ShippingMethod","01","Purchasing","ShippingMethod","UPS 2ND DAY SAV","1",,"TransactionDerived"
"PurchaseReceipt","ShippingMethod","01","Purchasing","ShippingMethod","UPS 2ND GROUND","1",,"TransactionDerived"
"PurchaseReceipt","ShippingMethod","01","Purchasing","ShippingMethod","UPS 3 DAY","1",,"TransactionDerived"
"PurchaseReceipt","ShippingMethod","01","Purchasing","ShippingMethod","UPS 3DAY","1",,"TransactionDerived"
"PurchaseReceipt","ShippingMethod","01","Purchasing","ShippingMethod","UPS 3RD","1",,"TransactionDerived"
"PurchaseReceipt","ShippingMethod","01","Purchasing","ShippingMethod","UPS 924897","1",,"TransactionDerived"
"PurchaseReceipt","ShippingMethod","01","Purchasing","ShippingMethod","UPS B","1",,"TransactionDerived"
"PurchaseReceipt","ShippingMethod","01","Purchasing","ShippingMethod","UPS BLUE","199",,"TransactionDerived"
"PurchaseReceipt","ShippingMethod","01","Purchasing","ShippingMethod","UPS BLUE AT GRD","5",,"TransactionDerived"
"PurchaseReceipt","ShippingMethod","01","Purchasing","ShippingMethod","UPS BLUE GRND","1",,"TransactionDerived"
"PurchaseReceipt","ShippingMethod","01","Purchasing","ShippingMethod","UPS BLUE GROUND","4",,"TransactionDerived"
"PurchaseReceipt","ShippingMethod","01","Purchasing","ShippingMethod","UPS BLUE PPA","1",,"TransactionDerived"
"PurchaseReceipt","ShippingMethod","01","Purchasing","ShippingMethod","UPS BLUE RATE","1",,"TransactionDerived"
"PurchaseReceipt","ShippingMethod","01","Purchasing","ShippingMethod","UPS BLUR GRND R","2",,"TransactionDerived"
"PurchaseReceipt","ShippingMethod","01","Purchasing","ShippingMethod","UPS COLLCT","2",,"TransactionDerived"
"PurchaseReceipt","ShippingMethod","01","Purchasing","ShippingMethod","UPS COLLECT","6",,"TransactionDerived"
"PurchaseReceipt","ShippingMethod","01","Purchasing","ShippingMethod","UPS EXPRESS","1",,"TransactionDerived"
"PurchaseReceipt","ShippingMethod","01","Purchasing","ShippingMethod","UPS GRD & RED","5",,"TransactionDerived"
"PurchaseReceipt","ShippingMethod","01","Purchasing","ShippingMethod","UPS GRND","28",,"TransactionDerived"
"PurchaseReceipt","ShippingMethod","01","Purchasing","ShippingMethod","UPS GRND PPA","1",,"TransactionDerived"
"PurchaseReceipt","ShippingMethod","01","Purchasing","ShippingMethod","UPS GROUND","272",,"TransactionDerived"
"PurchaseReceipt","ShippingMethod","01","Purchasing","ShippingMethod","UPS GROUND PREP","1",,"TransactionDerived"
"PurchaseReceipt","ShippingMethod","01","Purchasing","ShippingMethod","UPS INTL","1",,"TransactionDerived"
"PurchaseReceipt","ShippingMethod","01","Purchasing","ShippingMethod","UPS NEXT DAY","1",,"TransactionDerived"
"PurchaseReceipt","ShippingMethod","01","Purchasing","ShippingMethod","UPS OR  FED-EX","2",,"TransactionDerived"
"PurchaseReceipt","ShippingMethod","01","Purchasing","ShippingMethod","UPS OR DELIVERY","2",,"TransactionDerived"
"PurchaseReceipt","ShippingMethod","01","Purchasing","ShippingMethod","UPS OR DROP OFF","1",,"TransactionDerived"
"PurchaseReceipt","ShippingMethod","01","Purchasing","ShippingMethod","UPS OR FED-EX","3",,"TransactionDerived"
"PurchaseReceipt","ShippingMethod","01","Purchasing","ShippingMethod","UPS OR W/C","5",,"TransactionDerived"
"PurchaseReceipt","ShippingMethod","01","Purchasing","ShippingMethod","UPS OR WILL CAL","6",,"TransactionDerived"
"PurchaseReceipt","ShippingMethod","01","Purchasing","ShippingMethod","UPS ORANGE","44",,"TransactionDerived"
"PurchaseReceipt","ShippingMethod","01","Purchasing","ShippingMethod","UPS ORANGEW","2",,"TransactionDerived"
"PurchaseReceipt","ShippingMethod","01","Purchasing","ShippingMethod","UPS ORG","3",,"TransactionDerived"
"PurchaseReceipt","ShippingMethod","01","Purchasing","ShippingMethod","UPS ORNG","2",,"TransactionDerived"
"PurchaseReceipt","ShippingMethod","01","Purchasing","ShippingMethod","UPS OVERNIGHT","1",,"TransactionDerived"
"PurchaseReceipt","ShippingMethod","01","Purchasing","ShippingMethod","ups ppa","11",,"TransactionDerived"
"PurchaseReceipt","ShippingMethod","01","Purchasing","ShippingMethod","UPS PPAA","1",,"TransactionDerived"
"PurchaseReceipt","ShippingMethod","01","Purchasing","ShippingMethod","UPS PRE PAID","3",,"TransactionDerived"
"PurchaseReceipt","ShippingMethod","01","Purchasing","ShippingMethod","UPS PREPAID","1",,"TransactionDerived"
"PurchaseReceipt","ShippingMethod","01","Purchasing","ShippingMethod","UPS PRIORITY","1",,"TransactionDerived"
"PurchaseReceipt","ShippingMethod","01","Purchasing","ShippingMethod","UPS RED","480",,"TransactionDerived"
"PurchaseReceipt","ShippingMethod","01","Purchasing","ShippingMethod","UPS RED (ARROW)","2",,"TransactionDerived"
"PurchaseReceipt","ShippingMethod","01","Purchasing","ShippingMethod","UPS RED / GRND","4",,"TransactionDerived"
"PurchaseReceipt","ShippingMethod","01","Purchasing","ShippingMethod","UPS RED / UPS G","2",,"TransactionDerived"
"PurchaseReceipt","ShippingMethod","01","Purchasing","ShippingMethod","UPS RED SAVER","1",,"TransactionDerived"
"PurchaseReceipt","ShippingMethod","01","Purchasing","ShippingMethod","UPS RES","1",,"TransactionDerived"
"PurchaseReceipt","ShippingMethod","01","Purchasing","ShippingMethod","UPS TRUCK","1",,"TransactionDerived"
"PurchaseReceipt","ShippingMethod","01","Purchasing","ShippingMethod","UPS UPGRADE 2ND","2",,"TransactionDerived"
"PurchaseReceipt","ShippingMethod","01","Purchasing","ShippingMethod","UPS(BLAKE TO D)","1",,"TransactionDerived"
"PurchaseReceipt","ShippingMethod","01","Purchasing","ShippingMethod","UPS/DELVRY/CALL","4",,"TransactionDerived"
"PurchaseReceipt","ShippingMethod","01","Purchasing","ShippingMethod","UPS/FED EX","2",,"TransactionDerived"
"PurchaseReceipt","ShippingMethod","01","Purchasing","ShippingMethod","UPS/TRUCK","3",,"TransactionDerived"
"PurchaseReceipt","ShippingMethod","01","Purchasing","ShippingMethod","UPS\","10",,"TransactionDerived"
"PurchaseReceipt","ShippingMethod","01","Purchasing","ShippingMethod","UPS]","4",,"TransactionDerived"
"PurchaseReceipt","ShippingMethod","01","Purchasing","ShippingMethod","UPS3","1",,"TransactionDerived"
"PurchaseReceipt","ShippingMethod","01","Purchasing","ShippingMethod","UPSRED","1",,"TransactionDerived"
"PurchaseReceipt","ShippingMethod","01","Purchasing","ShippingMethod","UPSRED #924-897","1",,"TransactionDerived"
"PurchaseReceipt","ShippingMethod","01","Purchasing","ShippingMethod","UPSS","2",,"TransactionDerived"
"PurchaseReceipt","ShippingMethod","01","Purchasing","ShippingMethod","UPW","2",,"TransactionDerived"
"PurchaseReceipt","ShippingMethod","01","Purchasing","ShippingMethod","US","1",,"TransactionDerived"
"PurchaseReceipt","ShippingMethod","01","Purchasing","ShippingMethod","US POSTAL SERVI","1",,"TransactionDerived"
"PurchaseReceipt","ShippingMethod","01","Purchasing","ShippingMethod","USPS","3",,"TransactionDerived"
"PurchaseReceipt","ShippingMethod","01","Purchasing","ShippingMethod","USPS PRIORITY","4",,"TransactionDerived"
"PurchaseReceipt","ShippingMethod","01","Purchasing","ShippingMethod","UUPS","1",,"TransactionDerived"
"PurchaseReceipt","ShippingMethod","01","Purchasing","ShippingMethod","VIKING","1",,"TransactionDerived"
"PurchaseReceipt","ShippingMethod","01","Purchasing","ShippingMethod","W.C.","1",,"TransactionDerived"
"PurchaseReceipt","ShippingMethod","01","Purchasing","ShippingMethod","W/C","175",,"TransactionDerived"
"PurchaseReceipt","ShippingMethod","01","Purchasing","ShippingMethod","W/C/","1",,"TransactionDerived"
"PurchaseReceipt","ShippingMethod","01","Purchasing","ShippingMethod","WC","5",,"TransactionDerived"
"PurchaseReceipt","ShippingMethod","01","Purchasing","ShippingMethod","WIIL CAL","1",,"TransactionDerived"
"PurchaseReceipt","ShippingMethod","01","Purchasing","ShippingMethod","WIIL CALL","1",,"TransactionDerived"
"PurchaseReceipt","ShippingMethod","01","Purchasing","ShippingMethod","WILL CALL","487",,"TransactionDerived"
"PurchaseReceipt","ShippingMethod","01","Purchasing","ShippingMethod","WILL CALL / UPS","2",,"TransactionDerived"
"PurchaseReceipt","ShippingMethod","01","Purchasing","ShippingMethod","WILL CALL ONLY","5",,"TransactionDerived"
"PurchaseReceipt","ShippingMethod","01","Purchasing","ShippingMethod","WILL CALL OR UP","3",,"TransactionDerived"
"PurchaseReceipt","ShippingMethod","01","Purchasing","ShippingMethod","WILL CALL=","1",,"TransactionDerived"
"PurchaseReceipt","ShippingMethod","01","Purchasing","ShippingMethod","WILL CALLL","4",,"TransactionDerived"
"PurchaseReceipt","ShippingMethod","01","Purchasing","ShippingMethod","WILL-CALL","1",,"TransactionDerived"
"PurchaseReceipt","ShippingMethod","01","Purchasing","ShippingMethod","WLLCALL","1",,"TransactionDerived"
"PurchaseOrder","FreightTerms","01","Purchasing","FreightTerms","DLE ACCNT","2",,"FreeText"
"PurchaseOrder","FreightTerms","01","Purchasing","FreightTerms","XXXXXXXXXXXXXXX","1",,"FreeText"
"PurchaseReceipt","FreightTerms","01","Purchasing","FreightTerms","'","3",,"FreeText"
"PurchaseReceipt","FreightTerms","01","Purchasing","FreightTerms",".","2",,"FreeText"
"PurchaseReceipt","FreightTerms","01","Purchasing","FreightTerms","\","1",,"FreeText"
"PurchaseReceipt","FreightTerms","01","Purchasing","FreightTerms","]","1",,"FreeText"
"PurchaseReceipt","FreightTerms","01","Purchasing","FreightTerms","0","1",,"FreeText"
"PurchaseReceipt","FreightTerms","01","Purchasing","FreightTerms","30","1",,"FreeText"
"PurchaseReceipt","FreightTerms","01","Purchasing","FreightTerms","924-897","1",,"FreeText"
"PurchaseReceipt","FreightTerms","01","Purchasing","FreightTerms","927-897","3",,"FreeText"
"PurchaseReceipt","FreightTerms","01","Purchasing","FreightTerms","ACCNT: 924-897","1",,"FreeText"
"PurchaseReceipt","FreightTerms","01","Purchasing","FreightTerms","C.O.D.","2",,"FreeText"
"PurchaseReceipt","FreightTerms","01","Purchasing","FreightTerms","CHARGE $130","1",,"FreeText"
"PurchaseReceipt","FreightTerms","01","Purchasing","FreightTerms","COLLECT","8",,"FreeText"
"PurchaseReceipt","FreightTerms","01","Purchasing","FreightTerms","COLLECT 924-897","1",,"FreeText"
"PurchaseReceipt","FreightTerms","01","Purchasing","FreightTerms","COLLEVT","1",,"FreeText"
"PurchaseReceipt","FreightTerms","01","Purchasing","FreightTerms","DLE ACCNT","19",,"FreeText"
"PurchaseReceipt","FreightTerms","01","Purchasing","FreightTerms","DLE ACCOUNT","10",,"FreeText"
"PurchaseReceipt","FreightTerms","01","Purchasing","FreightTerms","DLE UPS ACCNT","1",,"FreeText"
"PurchaseReceipt","FreightTerms","01","Purchasing","FreightTerms","FED-EX","2",,"FreeText"
"PurchaseReceipt","FreightTerms","01","Purchasing","FreightTerms","GRND RATES","2",,"FreeText"
"PurchaseReceipt","FreightTerms","01","Purchasing","FreightTerms","ORIGIN","15",,"FreeText"
"PurchaseReceipt","FreightTerms","01","Purchasing","FreightTerms","PRE PAY&ADD","1",,"FreeText"
"PurchaseReceipt","FreightTerms","01","Purchasing","FreightTerms","s","1",,"FreeText"
"PurchaseReceipt","FreightTerms","01","Purchasing","FreightTerms","STD","1",,"FreeText"
"PurchaseReceipt","FreightTerms","01","Purchasing","FreightTerms","UPS","23",,"FreeText"
"PurchaseReceipt","FreightTerms","01","Purchasing","FreightTerms","UPS 2ND DAY","1",,"FreeText"
"PurchaseReceipt","FreightTerms","01","Purchasing","FreightTerms","UPS# 924-897","1",,"FreeText"
"PurchaseReceipt","FreightTerms","01","Purchasing","FreightTerms","W/C","1",,"FreeText"
"CustomerMaster","CustomerTypeCode","01","Customer","CustomerType","001","78","DEFAULT","SourceMaster"
"EmployeeReference","DepartmentCode","01","Employee","Department","01","2","Officers","SourceMaster"
"EmployeeReference","DepartmentCode","01","Employee","Department","02","2","Office","SourceMaster"
"EmployeeReference","DepartmentCode","01","Employee","Department","03","1","Salesmen -Commission","SourceMaster"
"EmployeeReference","DepartmentCode","01","Employee","Department","04","6","Warehouse","SourceMaster"
"EmployeeReference","JobTitleCode","01","Employee","JobTitle","01","2","Officers","SourceMaster"
"EmployeeReference","JobTitleCode","01","Employee","JobTitle","02","2","Office","SourceMaster"
"EmployeeReference","JobTitleCode","01","Employee","JobTitle","03","1","Commission","SourceMaster"
"EmployeeReference","JobTitleCode","01","Employee","JobTitle","04","6","Warehouse","SourceMaster"
"SalesOrderLine","LineCode","01","Sales","SalesOrderLineType","S","105",,"SourceMaster"
"PurchaseOrderLine","LineCode","01","Purchasing","PurchaseOrderLineType","M","222",,"SourceMaster"
"PurchaseOrderLine","LineCode","01","Purchasing","PurchaseOrderLineType","N","65",,"SourceMaster"
"PurchaseOrderLine","LineCode","01","Purchasing","PurchaseOrderLineType","S","1097",,"SourceMaster"
"PurchaseOrderLine","UnitOfMeasure","01","Inventory","UnitOfMeasure","EA","1025",,"TransactionDerived"
"PurchaseOrderLine","UnitOfMeasure","01","Inventory","UnitOfMeasure","FT","79",,"TransactionDerived"
"PurchaseOrderLine","UnitOfMeasure","01","Inventory","UnitOfMeasure","GL","1",,"TransactionDerived"
"PurchaseOrderLine","UnitOfMeasure","01","Inventory","UnitOfMeasure","PK","2",,"TransactionDerived"
"PurchaseReceiptLine","UnitOfMeasure","01","Inventory","UnitOfMeasure",".","10",,"TransactionDerived"
"PurchaseReceiptLine","UnitOfMeasure","01","Inventory","UnitOfMeasure","1","1",,"TransactionDerived"
"PurchaseReceiptLine","UnitOfMeasure","01","Inventory","UnitOfMeasure","11","2",,"TransactionDerived"
"PurchaseReceiptLine","UnitOfMeasure","01","Inventory","UnitOfMeasure","20","1",,"TransactionDerived"
"PurchaseReceiptLine","UnitOfMeasure","01","Inventory","UnitOfMeasure","3","11",,"TransactionDerived"
"PurchaseReceiptLine","UnitOfMeasure","01","Inventory","UnitOfMeasure","40","3",,"TransactionDerived"
"PurchaseReceiptLine","UnitOfMeasure","01","Inventory","UnitOfMeasure","CA","70",,"TransactionDerived"
"PurchaseReceiptLine","UnitOfMeasure","01","Inventory","UnitOfMeasure","CN","1",,"TransactionDerived"
"PurchaseReceiptLine","UnitOfMeasure","01","Inventory","UnitOfMeasure","EA","182217",,"TransactionDerived"
"PurchaseReceiptLine","UnitOfMeasure","01","Inventory","UnitOfMeasure","FT","4795",,"TransactionDerived"
"PurchaseReceiptLine","UnitOfMeasure","01","Inventory","UnitOfMeasure","GL","185",,"TransactionDerived"
"PurchaseReceiptLine","UnitOfMeasure","01","Inventory","UnitOfMeasure","I.","32",,"TransactionDerived"
"PurchaseReceiptLine","UnitOfMeasure","01","Inventory","UnitOfMeasure","IC","35",,"TransactionDerived"
"PurchaseReceiptLine","UnitOfMeasure","01","Inventory","UnitOfMeasure","IN","86",,"TransactionDerived"
"PurchaseReceiptLine","UnitOfMeasure","01","Inventory","UnitOfMeasure","LB","12",,"TransactionDerived"
"PurchaseReceiptLine","UnitOfMeasure","01","Inventory","UnitOfMeasure","MR","2",,"TransactionDerived"
"PurchaseReceiptLine","UnitOfMeasure","01","Inventory","UnitOfMeasure","PK","1",,"TransactionDerived"
"PurchaseReceiptLine","UnitOfMeasure","01","Inventory","UnitOfMeasure","QT","1",,"TransactionDerived"
"PurchaseReceiptLine","UnitOfMeasure","01","Inventory","UnitOfMeasure","QZ","1",,"TransactionDerived"
"PurchaseReceiptLine","UnitOfMeasure","01","Inventory","UnitOfMeasure","RL","1",,"TransactionDerived"
"PurchaseReceiptLine","UnitOfMeasure","01","Inventory","UnitOfMeasure","WA","1",,"TransactionDerived"
"PurchaseReceiptLine","UnitOfMeasure","01","Inventory","UnitOfMeasure","YD","27",,"TransactionDerived"
"PurchaseReceiptLine","UnitOfMeasure","01","Inventory","UnitOfMeasure","ZI","54",,"TransactionDerived"
"InventoryItem","SalesUnitOfMeasure","01","Inventory","UnitOfMeasure","65","1",,"TransactionDerived"
"InventoryItem","SalesUnitOfMeasure","01","Inventory","UnitOfMeasure","A","3",,"TransactionDerived"
"InventoryItem","SalesUnitOfMeasure","01","Inventory","UnitOfMeasure","AR","1",,"TransactionDerived"
"InventoryItem","SalesUnitOfMeasure","01","Inventory","UnitOfMeasure","CS","2",,"TransactionDerived"
"InventoryItem","SalesUnitOfMeasure","01","Inventory","UnitOfMeasure","E","7",,"TransactionDerived"
"InventoryItem","SalesUnitOfMeasure","01","Inventory","UnitOfMeasure","EA","26777",,"TransactionDerived"
"InventoryItem","SalesUnitOfMeasure","01","Inventory","UnitOfMeasure","ED","1",,"TransactionDerived"
"InventoryItem","SalesUnitOfMeasure","01","Inventory","UnitOfMeasure","FT","1575",,"TransactionDerived"
"InventoryItem","SalesUnitOfMeasure","01","Inventory","UnitOfMeasure","GA","2",,"TransactionDerived"
"InventoryItem","SalesUnitOfMeasure","01","Inventory","UnitOfMeasure","GL","13",,"TransactionDerived"
"InventoryItem","SalesUnitOfMeasure","01","Inventory","UnitOfMeasure","IN","162",,"TransactionDerived"
"InventoryItem","SalesUnitOfMeasure","01","Inventory","UnitOfMeasure","LB","1",,"TransactionDerived"
"InventoryItem","SalesUnitOfMeasure","01","Inventory","UnitOfMeasure","LC","1",,"TransactionDerived"
"InventoryItem","SalesUnitOfMeasure","01","Inventory","UnitOfMeasure","LT","4",,"TransactionDerived"
"InventoryItem","SalesUnitOfMeasure","01","Inventory","UnitOfMeasure","NA","1",,"TransactionDerived"
"InventoryItem","SalesUnitOfMeasure","01","Inventory","UnitOfMeasure","OZ","2",,"TransactionDerived"
"InventoryItem","SalesUnitOfMeasure","01","Inventory","UnitOfMeasure","RA","1",,"TransactionDerived"
"InventoryItem","SalesUnitOfMeasure","01","Inventory","UnitOfMeasure","RL","3",,"TransactionDerived"
"InventoryItem","SalesUnitOfMeasure","01","Inventory","UnitOfMeasure","YD","2",,"TransactionDerived"
"InventoryItem","PurchaseUnitOfMeasure","01","Inventory","UnitOfMeasure","65","1",,"TransactionDerived"
"InventoryItem","PurchaseUnitOfMeasure","01","Inventory","UnitOfMeasure","A","3",,"TransactionDerived"
"InventoryItem","PurchaseUnitOfMeasure","01","Inventory","UnitOfMeasure","AR","1",,"TransactionDerived"
"InventoryItem","PurchaseUnitOfMeasure","01","Inventory","UnitOfMeasure","CS","2",,"TransactionDerived"
"InventoryItem","PurchaseUnitOfMeasure","01","Inventory","UnitOfMeasure","E","7",,"TransactionDerived"
"InventoryItem","PurchaseUnitOfMeasure","01","Inventory","UnitOfMeasure","EA","26723",,"TransactionDerived"
"InventoryItem","PurchaseUnitOfMeasure","01","Inventory","UnitOfMeasure","ED","1",,"TransactionDerived"
"InventoryItem","PurchaseUnitOfMeasure","01","Inventory","UnitOfMeasure","FT","1641",,"TransactionDerived"
"InventoryItem","PurchaseUnitOfMeasure","01","Inventory","UnitOfMeasure","GA","2",,"TransactionDerived"
"InventoryItem","PurchaseUnitOfMeasure","01","Inventory","UnitOfMeasure","GL","19",,"TransactionDerived"
"InventoryItem","PurchaseUnitOfMeasure","01","Inventory","UnitOfMeasure","IN","147",,"TransactionDerived"
"InventoryItem","PurchaseUnitOfMeasure","01","Inventory","UnitOfMeasure","LB","1",,"TransactionDerived"
"InventoryItem","PurchaseUnitOfMeasure","01","Inventory","UnitOfMeasure","LC","1",,"TransactionDerived"
"InventoryItem","PurchaseUnitOfMeasure","01","Inventory","UnitOfMeasure","LT","4",,"TransactionDerived"
"InventoryItem","PurchaseUnitOfMeasure","01","Inventory","UnitOfMeasure","NA","1",,"TransactionDerived"
"InventoryItem","PurchaseUnitOfMeasure","01","Inventory","UnitOfMeasure","RA","1",,"TransactionDerived"
"InventoryItem","PurchaseUnitOfMeasure","01","Inventory","UnitOfMeasure","RL","3",,"TransactionDerived"
"InventoryItem","PurchaseUnitOfMeasure","01","Inventory","UnitOfMeasure","YD","2",,"TransactionDerived"
"WorkOrder","UnitOfMeasure","01","Production","UnitOfMeasure","EA","10348",,"TransactionDerived"
"PurchaseOrder","WarehouseId","01","Inventory","Warehouse","00","1",,"SourceMaster"
"PurchaseOrder","WarehouseId","01","Inventory","Warehouse","01","68",,"SourceMaster"
"PurchaseOrder","WarehouseId","01","Inventory","Warehouse","02","47",,"SourceMaster"
"PurchaseOrder","WarehouseId","01","Inventory","Warehouse","07","2",,"SourceMaster"
"PurchaseOrder","WarehouseId","01","Inventory","Warehouse","08","30",,"SourceMaster"
"PurchaseOrder","WarehouseId","01","Inventory","Warehouse","09","1",,"SourceMaster"
"PurchaseOrder","WarehouseId","01","Inventory","Warehouse","12","109",,"SourceMaster"
"PurchaseOrder","WarehouseId","01","Inventory","Warehouse","14","11",,"SourceMaster"
"PurchaseOrder","WarehouseId","01","Inventory","Warehouse","27","11",,"SourceMaster"
"PurchaseOrder","WarehouseId","01","Inventory","Warehouse","30","22",,"SourceMaster"
"PurchaseOrder","WarehouseId","01","Inventory","Warehouse","31","25",,"SourceMaster"
"PurchaseOrder","WarehouseId","01","Inventory","Warehouse","38","35",,"SourceMaster"
"PurchaseOrder","WarehouseId","01","Inventory","Warehouse","39","7",,"SourceMaster"
"PurchaseOrder","WarehouseId","01","Inventory","Warehouse","60","4",,"SourceMaster"
"PurchaseOrder","WarehouseId","01","Inventory","Warehouse","62","10",,"SourceMaster"
"PurchaseOrder","WarehouseId","01","Inventory","Warehouse","67","2",,"SourceMaster"
"PurchaseOrder","WarehouseId","01","Inventory","Warehouse","72","17",,"SourceMaster"
"PurchaseOrder","WarehouseId","01","Inventory","Warehouse","73","1",,"SourceMaster"
"PurchaseOrder","WarehouseId","01","Inventory","Warehouse","83","3",,"SourceMaster"
"PurchaseOrder","WarehouseId","01","Inventory","Warehouse","87","46",,"SourceMaster"
"PurchaseOrder","WarehouseId","01","Inventory","Warehouse","93","6",,"SourceMaster"
"PurchaseOrder","WarehouseId","01","Inventory","Warehouse","95","2",,"SourceMaster"
"PurchaseOrder","WarehouseId","01","Inventory","Warehouse","A1","4",,"SourceMaster"
"PurchaseOrder","WarehouseId","01","Inventory","Warehouse","A2","11",,"SourceMaster"
"PurchaseOrder","WarehouseId","01","Inventory","Warehouse","A3","15",,"SourceMaster"
"PurchaseOrder","WarehouseId","01","Inventory","Warehouse","A4","2",,"SourceMaster"
"PurchaseOrder","WarehouseId","01","Inventory","Warehouse","A6","1",,"SourceMaster"
"PurchaseOrder","WarehouseId","01","Inventory","Warehouse","A7","1",,"SourceMaster"
"PurchaseOrder","WarehouseId","01","Inventory","Warehouse","B0","23",,"SourceMaster"
"PurchaseOrder","WarehouseId","01","Inventory","Warehouse","XX","1",,"SourceMaster"
"PurchaseOrderLine","WarehouseId","01","Inventory","Warehouse","00","6",,"SourceMaster"
"PurchaseOrderLine","WarehouseId","01","Inventory","Warehouse","01","151",,"SourceMaster"
"PurchaseOrderLine","WarehouseId","01","Inventory","Warehouse","02","134",,"SourceMaster"
"PurchaseOrderLine","WarehouseId","01","Inventory","Warehouse","03","1",,"SourceMaster"
"PurchaseOrderLine","WarehouseId","01","Inventory","Warehouse","07","4",,"SourceMaster"
"PurchaseOrderLine","WarehouseId","01","Inventory","Warehouse","08","63",,"SourceMaster"
"PurchaseOrderLine","WarehouseId","01","Inventory","Warehouse","09","3",,"SourceMaster"
"PurchaseOrderLine","WarehouseId","01","Inventory","Warehouse","12","405",,"SourceMaster"
"PurchaseOrderLine","WarehouseId","01","Inventory","Warehouse","14","24",,"SourceMaster"
"PurchaseOrderLine","WarehouseId","01","Inventory","Warehouse","27","14",,"SourceMaster"
"PurchaseOrderLine","WarehouseId","01","Inventory","Warehouse","30","57",,"SourceMaster"
"PurchaseOrderLine","WarehouseId","01","Inventory","Warehouse","31","55",,"SourceMaster"
"PurchaseOrderLine","WarehouseId","01","Inventory","Warehouse","38","71",,"SourceMaster"
"PurchaseOrderLine","WarehouseId","01","Inventory","Warehouse","39","12",,"SourceMaster"
"PurchaseOrderLine","WarehouseId","01","Inventory","Warehouse","60","11",,"SourceMaster"
"PurchaseOrderLine","WarehouseId","01","Inventory","Warehouse","62","22",,"SourceMaster"
"PurchaseOrderLine","WarehouseId","01","Inventory","Warehouse","67","2",,"SourceMaster"
"PurchaseOrderLine","WarehouseId","01","Inventory","Warehouse","72","50",,"SourceMaster"
"PurchaseOrderLine","WarehouseId","01","Inventory","Warehouse","83","5",,"SourceMaster"
"PurchaseOrderLine","WarehouseId","01","Inventory","Warehouse","87","140",,"SourceMaster"
"PurchaseOrderLine","WarehouseId","01","Inventory","Warehouse","93","13",,"SourceMaster"
"PurchaseOrderLine","WarehouseId","01","Inventory","Warehouse","95","5",,"SourceMaster"
"PurchaseOrderLine","WarehouseId","01","Inventory","Warehouse","A1","4",,"SourceMaster"
"PurchaseOrderLine","WarehouseId","01","Inventory","Warehouse","A2","34",,"SourceMaster"
"PurchaseOrderLine","WarehouseId","01","Inventory","Warehouse","A3","29",,"SourceMaster"
"PurchaseOrderLine","WarehouseId","01","Inventory","Warehouse","A4","4",,"SourceMaster"
"PurchaseOrderLine","WarehouseId","01","Inventory","Warehouse","A6","4",,"SourceMaster"
"PurchaseOrderLine","WarehouseId","01","Inventory","Warehouse","A7","4",,"SourceMaster"
"PurchaseOrderLine","WarehouseId","01","Inventory","Warehouse","B0","57",,"SourceMaster"
"PurchaseReceipt","WarehouseId","01","Inventory","Warehouse","00","14",,"SourceMaster"
"PurchaseReceipt","WarehouseId","01","Inventory","Warehouse","01","2867",,"SourceMaster"
"PurchaseReceipt","WarehouseId","01","Inventory","Warehouse","02","4526",,"SourceMaster"
"PurchaseReceipt","WarehouseId","01","Inventory","Warehouse","03","1128",,"SourceMaster"
"PurchaseReceipt","WarehouseId","01","Inventory","Warehouse","06","421",,"SourceMaster"
"PurchaseReceipt","WarehouseId","01","Inventory","Warehouse","07","136",,"SourceMaster"
"PurchaseReceipt","WarehouseId","01","Inventory","Warehouse","08","764",,"SourceMaster"
"PurchaseReceipt","WarehouseId","01","Inventory","Warehouse","09","47",,"SourceMaster"
"PurchaseReceipt","WarehouseId","01","Inventory","Warehouse","11","28",,"SourceMaster"
"PurchaseReceipt","WarehouseId","01","Inventory","Warehouse","12","15511",,"SourceMaster"
"PurchaseReceipt","WarehouseId","01","Inventory","Warehouse","13","39",,"SourceMaster"
"PurchaseReceipt","WarehouseId","01","Inventory","Warehouse","14","481",,"SourceMaster"
"PurchaseReceipt","WarehouseId","01","Inventory","Warehouse","15","7",,"SourceMaster"
"PurchaseReceipt","WarehouseId","01","Inventory","Warehouse","17","231",,"SourceMaster"
"PurchaseReceipt","WarehouseId","01","Inventory","Warehouse","18","65",,"SourceMaster"
"PurchaseReceipt","WarehouseId","01","Inventory","Warehouse","19","1",,"SourceMaster"
"PurchaseReceipt","WarehouseId","01","Inventory","Warehouse","2","4",,"SourceMaster"
"PurchaseReceipt","WarehouseId","01","Inventory","Warehouse","27","1388",,"SourceMaster"
"PurchaseReceipt","WarehouseId","01","Inventory","Warehouse","28","1",,"SourceMaster"
"PurchaseReceipt","WarehouseId","01","Inventory","Warehouse","30","2298",,"SourceMaster"
"PurchaseReceipt","WarehouseId","01","Inventory","Warehouse","31","1024",,"SourceMaster"
"PurchaseReceipt","WarehouseId","01","Inventory","Warehouse","32","12",,"SourceMaster"
"PurchaseReceipt","WarehouseId","01","Inventory","Warehouse","37","21",,"SourceMaster"
"PurchaseReceipt","WarehouseId","01","Inventory","Warehouse","38","2599",,"SourceMaster"
"PurchaseReceipt","WarehouseId","01","Inventory","Warehouse","39","819",,"SourceMaster"
"PurchaseReceipt","WarehouseId","01","Inventory","Warehouse","40","3",,"SourceMaster"
"PurchaseReceipt","WarehouseId","01","Inventory","Warehouse","44","16",,"SourceMaster"
"PurchaseReceipt","WarehouseId","01","Inventory","Warehouse","45","16",,"SourceMaster"
"PurchaseReceipt","WarehouseId","01","Inventory","Warehouse","46","1",,"SourceMaster"
"PurchaseReceipt","WarehouseId","01","Inventory","Warehouse","50","2",,"SourceMaster"
"PurchaseReceipt","WarehouseId","01","Inventory","Warehouse","51","1",,"SourceMaster"
"PurchaseReceipt","WarehouseId","01","Inventory","Warehouse","57","44",,"SourceMaster"
"PurchaseReceipt","WarehouseId","01","Inventory","Warehouse","58","65",,"SourceMaster"
"PurchaseReceipt","WarehouseId","01","Inventory","Warehouse","60","62",,"SourceMaster"
"PurchaseReceipt","WarehouseId","01","Inventory","Warehouse","61","4",,"SourceMaster"
"PurchaseReceipt","WarehouseId","01","Inventory","Warehouse","62","358",,"SourceMaster"
"PurchaseReceipt","WarehouseId","01","Inventory","Warehouse","63","5",,"SourceMaster"
"PurchaseReceipt","WarehouseId","01","Inventory","Warehouse","65","8",,"SourceMaster"
"PurchaseReceipt","WarehouseId","01","Inventory","Warehouse","66","132",,"SourceMaster"
"PurchaseReceipt","WarehouseId","01","Inventory","Warehouse","67","49",,"SourceMaster"
"PurchaseReceipt","WarehouseId","01","Inventory","Warehouse","71","22",,"SourceMaster"
"PurchaseReceipt","WarehouseId","01","Inventory","Warehouse","72","1186",,"SourceMaster"
"PurchaseReceipt","WarehouseId","01","Inventory","Warehouse","73","33",,"SourceMaster"
"PurchaseReceipt","WarehouseId","01","Inventory","Warehouse","76","1",,"SourceMaster"
"PurchaseReceipt","WarehouseId","01","Inventory","Warehouse","77","4",,"SourceMaster"
"PurchaseReceipt","WarehouseId","01","Inventory","Warehouse","78","84",,"SourceMaster"
"PurchaseReceipt","WarehouseId","01","Inventory","Warehouse","80","23",,"SourceMaster"
"PurchaseReceipt","WarehouseId","01","Inventory","Warehouse","83","91",,"SourceMaster"
"PurchaseReceipt","WarehouseId","01","Inventory","Warehouse","84","8",,"SourceMaster"
"PurchaseReceipt","WarehouseId","01","Inventory","Warehouse","85","95",,"SourceMaster"
"PurchaseReceipt","WarehouseId","01","Inventory","Warehouse","87","1156",,"SourceMaster"
"PurchaseReceipt","WarehouseId","01","Inventory","Warehouse","89","92",,"SourceMaster"
"PurchaseReceipt","WarehouseId","01","Inventory","Warehouse","90","19",,"SourceMaster"
"PurchaseReceipt","WarehouseId","01","Inventory","Warehouse","93","56",,"SourceMaster"
"PurchaseReceipt","WarehouseId","01","Inventory","Warehouse","94","1",,"SourceMaster"
"PurchaseReceipt","WarehouseId","01","Inventory","Warehouse","95","96",,"SourceMaster"
"PurchaseReceipt","WarehouseId","01","Inventory","Warehouse","96","5",,"SourceMaster"
"PurchaseReceipt","WarehouseId","01","Inventory","Warehouse","97","26",,"SourceMaster"
"PurchaseReceipt","WarehouseId","01","Inventory","Warehouse","99","12",,"SourceMaster"
"PurchaseReceipt","WarehouseId","01","Inventory","Warehouse","A0","3",,"SourceMaster"
"PurchaseReceipt","WarehouseId","01","Inventory","Warehouse","A1","92",,"SourceMaster"
"PurchaseReceipt","WarehouseId","01","Inventory","Warehouse","A2","245",,"SourceMaster"
"PurchaseReceipt","WarehouseId","01","Inventory","Warehouse","A3","455",,"SourceMaster"
"PurchaseReceipt","WarehouseId","01","Inventory","Warehouse","A4","4",,"SourceMaster"
"PurchaseReceipt","WarehouseId","01","Inventory","Warehouse","A5","18",,"SourceMaster"
"PurchaseReceipt","WarehouseId","01","Inventory","Warehouse","A6","47",,"SourceMaster"
"PurchaseReceipt","WarehouseId","01","Inventory","Warehouse","A7","10",,"SourceMaster"
"PurchaseReceipt","WarehouseId","01","Inventory","Warehouse","A8","12",,"SourceMaster"
"PurchaseReceipt","WarehouseId","01","Inventory","Warehouse","A9","1",,"SourceMaster"
"PurchaseReceipt","WarehouseId","01","Inventory","Warehouse","B0","456",,"SourceMaster"
"PurchaseReceipt","WarehouseId","01","Inventory","Warehouse","B1","13",,"SourceMaster"
"PurchaseReceiptLine","WarehouseId","01","Inventory","Warehouse","00","72",,"SourceMaster"
"PurchaseReceiptLine","WarehouseId","01","Inventory","Warehouse","01","6390",,"SourceMaster"
"PurchaseReceiptLine","WarehouseId","01","Inventory","Warehouse","02","25219",,"SourceMaster"
"PurchaseReceiptLine","WarehouseId","01","Inventory","Warehouse","03","4683",,"SourceMaster"
"PurchaseReceiptLine","WarehouseId","01","Inventory","Warehouse","06","1831",,"SourceMaster"
"PurchaseReceiptLine","WarehouseId","01","Inventory","Warehouse","07","445",,"SourceMaster"
"PurchaseReceiptLine","WarehouseId","01","Inventory","Warehouse","08","4876",,"SourceMaster"
"PurchaseReceiptLine","WarehouseId","01","Inventory","Warehouse","09","191",,"SourceMaster"
"PurchaseReceiptLine","WarehouseId","01","Inventory","Warehouse","11","41",,"SourceMaster"
"PurchaseReceiptLine","WarehouseId","01","Inventory","Warehouse","12","78322",,"SourceMaster"
"PurchaseReceiptLine","WarehouseId","01","Inventory","Warehouse","13","119",,"SourceMaster"
"PurchaseReceiptLine","WarehouseId","01","Inventory","Warehouse","14","2395",,"SourceMaster"
"PurchaseReceiptLine","WarehouseId","01","Inventory","Warehouse","15","36",,"SourceMaster"
"PurchaseReceiptLine","WarehouseId","01","Inventory","Warehouse","17","1175",,"SourceMaster"
"PurchaseReceiptLine","WarehouseId","01","Inventory","Warehouse","18","421",,"SourceMaster"
"PurchaseReceiptLine","WarehouseId","01","Inventory","Warehouse","19","1",,"SourceMaster"
"PurchaseReceiptLine","WarehouseId","01","Inventory","Warehouse","27","6208",,"SourceMaster"
"PurchaseReceiptLine","WarehouseId","01","Inventory","Warehouse","28","1",,"SourceMaster"
"PurchaseReceiptLine","WarehouseId","01","Inventory","Warehouse","30","15032",,"SourceMaster"
"PurchaseReceiptLine","WarehouseId","01","Inventory","Warehouse","31","3720",,"SourceMaster"
"PurchaseReceiptLine","WarehouseId","01","Inventory","Warehouse","32","17",,"SourceMaster"
"PurchaseReceiptLine","WarehouseId","01","Inventory","Warehouse","37","45",,"SourceMaster"
"PurchaseReceiptLine","WarehouseId","01","Inventory","Warehouse","38","10691",,"SourceMaster"
"PurchaseReceiptLine","WarehouseId","01","Inventory","Warehouse","39","4809",,"SourceMaster"
"PurchaseReceiptLine","WarehouseId","01","Inventory","Warehouse","40","2",,"SourceMaster"
"PurchaseReceiptLine","WarehouseId","01","Inventory","Warehouse","44","53",,"SourceMaster"
"PurchaseReceiptLine","WarehouseId","01","Inventory","Warehouse","45","27",,"SourceMaster"
"PurchaseReceiptLine","WarehouseId","01","Inventory","Warehouse","46","1",,"SourceMaster"
"PurchaseReceiptLine","WarehouseId","01","Inventory","Warehouse","50","5",,"SourceMaster"
"PurchaseReceiptLine","WarehouseId","01","Inventory","Warehouse","51","2",,"SourceMaster"
"PurchaseReceiptLine","WarehouseId","01","Inventory","Warehouse","57","187",,"SourceMaster"
"PurchaseReceiptLine","WarehouseId","01","Inventory","Warehouse","58","541",,"SourceMaster"
"PurchaseReceiptLine","WarehouseId","01","Inventory","Warehouse","60","213",,"SourceMaster"
"PurchaseReceiptLine","WarehouseId","01","Inventory","Warehouse","61","15",,"SourceMaster"
"PurchaseReceiptLine","WarehouseId","01","Inventory","Warehouse","62","933",,"SourceMaster"
"PurchaseReceiptLine","WarehouseId","01","Inventory","Warehouse","63","7",,"SourceMaster"
"PurchaseReceiptLine","WarehouseId","01","Inventory","Warehouse","65","18",,"SourceMaster"
"PurchaseReceiptLine","WarehouseId","01","Inventory","Warehouse","66","707",,"SourceMaster"
"PurchaseReceiptLine","WarehouseId","01","Inventory","Warehouse","67","276",,"SourceMaster"
"PurchaseReceiptLine","WarehouseId","01","Inventory","Warehouse","71","158",,"SourceMaster"
"PurchaseReceiptLine","WarehouseId","01","Inventory","Warehouse","72","3802",,"SourceMaster"
"PurchaseReceiptLine","WarehouseId","01","Inventory","Warehouse","73","74",,"SourceMaster"
"PurchaseReceiptLine","WarehouseId","01","Inventory","Warehouse","76","7",,"SourceMaster"
"PurchaseReceiptLine","WarehouseId","01","Inventory","Warehouse","77","10",,"SourceMaster"
"PurchaseReceiptLine","WarehouseId","01","Inventory","Warehouse","78","267",,"SourceMaster"
"PurchaseReceiptLine","WarehouseId","01","Inventory","Warehouse","80","222",,"SourceMaster"
"PurchaseReceiptLine","WarehouseId","01","Inventory","Warehouse","83","210",,"SourceMaster"
"PurchaseReceiptLine","WarehouseId","01","Inventory","Warehouse","84","19",,"SourceMaster"
"PurchaseReceiptLine","WarehouseId","01","Inventory","Warehouse","85","406",,"SourceMaster"
"PurchaseReceiptLine","WarehouseId","01","Inventory","Warehouse","87","6216",,"SourceMaster"
"PurchaseReceiptLine","WarehouseId","01","Inventory","Warehouse","89","159",,"SourceMaster"
"PurchaseReceiptLine","WarehouseId","01","Inventory","Warehouse","90","155",,"SourceMaster"
"PurchaseReceiptLine","WarehouseId","01","Inventory","Warehouse","93","327",,"SourceMaster"
"PurchaseReceiptLine","WarehouseId","01","Inventory","Warehouse","94","2",,"SourceMaster"
"PurchaseReceiptLine","WarehouseId","01","Inventory","Warehouse","95","1309",,"SourceMaster"
"PurchaseReceiptLine","WarehouseId","01","Inventory","Warehouse","96","15",,"SourceMaster"
"PurchaseReceiptLine","WarehouseId","01","Inventory","Warehouse","97","115",,"SourceMaster"
"PurchaseReceiptLine","WarehouseId","01","Inventory","Warehouse","99","24",,"SourceMaster"
"PurchaseReceiptLine","WarehouseId","01","Inventory","Warehouse","A0","5",,"SourceMaster"
"PurchaseReceiptLine","WarehouseId","01","Inventory","Warehouse","A1","344",,"SourceMaster"
"PurchaseReceiptLine","WarehouseId","01","Inventory","Warehouse","A2","1231",,"SourceMaster"
"PurchaseReceiptLine","WarehouseId","01","Inventory","Warehouse","A3","2368",,"SourceMaster"
"PurchaseReceiptLine","WarehouseId","01","Inventory","Warehouse","A4","14",,"SourceMaster"
"PurchaseReceiptLine","WarehouseId","01","Inventory","Warehouse","A5","51",,"SourceMaster"
"PurchaseReceiptLine","WarehouseId","01","Inventory","Warehouse","A6","252",,"SourceMaster"
"PurchaseReceiptLine","WarehouseId","01","Inventory","Warehouse","A7","41",,"SourceMaster"
"PurchaseReceiptLine","WarehouseId","01","Inventory","Warehouse","A8","81",,"SourceMaster"
"PurchaseReceiptLine","WarehouseId","01","Inventory","Warehouse","A9","3",,"SourceMaster"
"PurchaseReceiptLine","WarehouseId","01","Inventory","Warehouse","B0","1627",,"SourceMaster"
"PurchaseReceiptLine","WarehouseId","01","Inventory","Warehouse","B1","31",,"SourceMaster"
"WorkOrder","WarehouseId","01","Inventory","Warehouse","00","465",,"SourceMaster"
"WorkOrder","WarehouseId","01","Inventory","Warehouse","01","1692",,"SourceMaster"
"WorkOrder","WarehouseId","01","Inventory","Warehouse","02","485",,"SourceMaster"
"WorkOrder","WarehouseId","01","Inventory","Warehouse","03","83",,"SourceMaster"
"WorkOrder","WarehouseId","01","Inventory","Warehouse","06","46",,"SourceMaster"
"WorkOrder","WarehouseId","01","Inventory","Warehouse","07","125",,"SourceMaster"
"WorkOrder","WarehouseId","01","Inventory","Warehouse","08","136",,"SourceMaster"
"WorkOrder","WarehouseId","01","Inventory","Warehouse","09","13",,"SourceMaster"
"WorkOrder","WarehouseId","01","Inventory","Warehouse","11","6",,"SourceMaster"
"WorkOrder","WarehouseId","01","Inventory","Warehouse","12","6497",,"SourceMaster"
"WorkOrder","WarehouseId","01","Inventory","Warehouse","14","61",,"SourceMaster"
"WorkOrder","WarehouseId","01","Inventory","Warehouse","15","6",,"SourceMaster"
"WorkOrder","WarehouseId","01","Inventory","Warehouse","17","92",,"SourceMaster"
"WorkOrder","WarehouseId","01","Inventory","Warehouse","18","11",,"SourceMaster"
"WorkOrder","WarehouseId","01","Inventory","Warehouse","27","246",,"SourceMaster"
"WorkOrder","WarehouseId","01","Inventory","Warehouse","30","320",,"SourceMaster"
"WorkOrder","WarehouseId","01","Inventory","Warehouse","31","133",,"SourceMaster"
"WorkOrder","WarehouseId","01","Inventory","Warehouse","32","1",,"SourceMaster"
"WorkOrder","WarehouseId","01","Inventory","Warehouse","37","4",,"SourceMaster"
"WorkOrder","WarehouseId","01","Inventory","Warehouse","38","301",,"SourceMaster"
"WorkOrder","WarehouseId","01","Inventory","Warehouse","39","121",,"SourceMaster"
"WorkOrder","WarehouseId","01","Inventory","Warehouse","44","1",,"SourceMaster"
"WorkOrder","WarehouseId","01","Inventory","Warehouse","45","5",,"SourceMaster"
"WorkOrder","WarehouseId","01","Inventory","Warehouse","50","1",,"SourceMaster"
"WorkOrder","WarehouseId","01","Inventory","Warehouse","57","9",,"SourceMaster"
"WorkOrder","WarehouseId","01","Inventory","Warehouse","58","2",,"SourceMaster"
"WorkOrder","WarehouseId","01","Inventory","Warehouse","60","20",,"SourceMaster"
"WorkOrder","WarehouseId","01","Inventory","Warehouse","61","2",,"SourceMaster"
"WorkOrder","WarehouseId","01","Inventory","Warehouse","62","84",,"SourceMaster"
"WorkOrder","WarehouseId","01","Inventory","Warehouse","63","1",,"SourceMaster"
"WorkOrder","WarehouseId","01","Inventory","Warehouse","65","4",,"SourceMaster"
"WorkOrder","WarehouseId","01","Inventory","Warehouse","66","6",,"SourceMaster"
"WorkOrder","WarehouseId","01","Inventory","Warehouse","67","5",,"SourceMaster"
"WorkOrder","WarehouseId","01","Inventory","Warehouse","71","15",,"SourceMaster"
"WorkOrder","WarehouseId","01","Inventory","Warehouse","72","222",,"SourceMaster"
"WorkOrder","WarehouseId","01","Inventory","Warehouse","73","3",,"SourceMaster"
"WorkOrder","WarehouseId","01","Inventory","Warehouse","74","4",,"SourceMaster"
"WorkOrder","WarehouseId","01","Inventory","Warehouse","76","1",,"SourceMaster"
"WorkOrder","WarehouseId","01","Inventory","Warehouse","77","1",,"SourceMaster"
"WorkOrder","WarehouseId","01","Inventory","Warehouse","78","24",,"SourceMaster"
"WorkOrder","WarehouseId","01","Inventory","Warehouse","79","4",,"SourceMaster"
"WorkOrder","WarehouseId","01","Inventory","Warehouse","80","15",,"SourceMaster"
"WorkOrder","WarehouseId","01","Inventory","Warehouse","83","50",,"SourceMaster"
"WorkOrder","WarehouseId","01","Inventory","Warehouse","84","14",,"SourceMaster"
"WorkOrder","WarehouseId","01","Inventory","Warehouse","85","9",,"SourceMaster"
"WorkOrder","WarehouseId","01","Inventory","Warehouse","86","1",,"SourceMaster"
"WorkOrder","WarehouseId","01","Inventory","Warehouse","87","192",,"SourceMaster"
"WorkOrder","WarehouseId","01","Inventory","Warehouse","88","1",,"SourceMaster"
"WorkOrder","WarehouseId","01","Inventory","Warehouse","89","6",,"SourceMaster"
"WorkOrder","WarehouseId","01","Inventory","Warehouse","90","25",,"SourceMaster"
"WorkOrder","WarehouseId","01","Inventory","Warehouse","91","2",,"SourceMaster"
"WorkOrder","WarehouseId","01","Inventory","Warehouse","93","38",,"SourceMaster"
"WorkOrder","WarehouseId","01","Inventory","Warehouse","94","1",,"SourceMaster"
"WorkOrder","WarehouseId","01","Inventory","Warehouse","95","64",,"SourceMaster"
"WorkOrder","WarehouseId","01","Inventory","Warehouse","96","4",,"SourceMaster"
"WorkOrder","WarehouseId","01","Inventory","Warehouse","97","2",,"SourceMaster"
"WorkOrder","WarehouseId","01","Inventory","Warehouse","99","2",,"SourceMaster"
"WorkOrder","WarehouseId","01","Inventory","Warehouse","A0","2",,"SourceMaster"
"WorkOrder","WarehouseId","01","Inventory","Warehouse","A1","5",,"SourceMaster"
"WorkOrder","WarehouseId","01","Inventory","Warehouse","A2","118",,"SourceMaster"
"WorkOrder","WarehouseId","01","Inventory","Warehouse","A3","108",,"SourceMaster"
"WorkOrder","WarehouseId","01","Inventory","Warehouse","A4","2",,"SourceMaster"
"WorkOrder","WarehouseId","01","Inventory","Warehouse","A5","8",,"SourceMaster"
"WorkOrder","WarehouseId","01","Inventory","Warehouse","A6","8",,"SourceMaster"
"WorkOrder","WarehouseId","01","Inventory","Warehouse","A7","3",,"SourceMaster"
"WorkOrder","WarehouseId","01","Inventory","Warehouse","A8","1",,"SourceMaster"
"WorkOrder","WarehouseId","01","Inventory","Warehouse","A9","2",,"SourceMaster"
"WorkOrder","WarehouseId","01","Inventory","Warehouse","B0","166",,"SourceMaster"
"WorkOrder","WarehouseId","01","Inventory","Warehouse","B1","6",,"SourceMaster"
"PurchaseOrderLine","InventoryLocation","01","Inventory","Location","\","1",,"TransactionDerived"
"PurchaseOrderLine","InventoryLocation","01","Inventory","Location","02A-34","1",,"TransactionDerived"
"PurchaseOrderLine","InventoryLocation","01","Inventory","Location","02B-145","2",,"TransactionDerived"
"PurchaseOrderLine","InventoryLocation","01","Inventory","Location","02C-140","1",,"TransactionDerived"
"PurchaseOrderLine","InventoryLocation","01","Inventory","Location","02C-60","1",,"TransactionDerived"
"PurchaseOrderLine","InventoryLocation","01","Inventory","Location","03A-105","2",,"TransactionDerived"
"PurchaseOrderLine","InventoryLocation","01","Inventory","Location","03C-135","1",,"TransactionDerived"
"PurchaseOrderLine","InventoryLocation","01","Inventory","Location","04A-115","6",,"TransactionDerived"
"PurchaseOrderLine","InventoryLocation","01","Inventory","Location","04A-195","1",,"TransactionDerived"
"PurchaseOrderLine","InventoryLocation","01","Inventory","Location","04A-265","1",,"TransactionDerived"
"PurchaseOrderLine","InventoryLocation","01","Inventory","Location","04A-350","4",,"TransactionDerived"
"PurchaseOrderLine","InventoryLocation","01","Inventory","Location","04A-390","1",,"TransactionDerived"
"PurchaseOrderLine","InventoryLocation","01","Inventory","Location","04A-430","3",,"TransactionDerived"
"PurchaseOrderLine","InventoryLocation","01","Inventory","Location","04B-200","2",,"TransactionDerived"
"PurchaseOrderLine","InventoryLocation","01","Inventory","Location","04B-310","1",,"TransactionDerived"
"PurchaseOrderLine","InventoryLocation","01","Inventory","Location","04C-05","4",,"TransactionDerived"
"PurchaseOrderLine","InventoryLocation","01","Inventory","Location","04C-10","3",,"TransactionDerived"
"PurchaseOrderLine","InventoryLocation","01","Inventory","Location","04C-110","1",,"TransactionDerived"
"PurchaseOrderLine","InventoryLocation","01","Inventory","Location","04C-125","2",,"TransactionDerived"
"PurchaseOrderLine","InventoryLocation","01","Inventory","Location","04C-155","2",,"TransactionDerived"
"PurchaseOrderLine","InventoryLocation","01","Inventory","Location","04C-160","2",,"TransactionDerived"
"PurchaseOrderLine","InventoryLocation","01","Inventory","Location","04C-325","2",,"TransactionDerived"
"PurchaseOrderLine","InventoryLocation","01","Inventory","Location","04C-330","1",,"TransactionDerived"
"PurchaseOrderLine","InventoryLocation","01","Inventory","Location","04C-370","1",,"TransactionDerived"
"PurchaseOrderLine","InventoryLocation","01","Inventory","Location","04C-440","1",,"TransactionDerived"
"PurchaseOrderLine","InventoryLocation","01","Inventory","Location","04C-45","1",,"TransactionDerived"
"PurchaseOrderLine","InventoryLocation","01","Inventory","Location","04C-490","1",,"TransactionDerived"
"PurchaseOrderLine","InventoryLocation","01","Inventory","Location","04C-50","2",,"TransactionDerived"
"PurchaseOrderLine","InventoryLocation","01","Inventory","Location","04C-75","1",,"TransactionDerived"
"PurchaseOrderLine","InventoryLocation","01","Inventory","Location","04C-85","3",,"TransactionDerived"
"PurchaseOrderLine","InventoryLocation","01","Inventory","Location","05A-315","2",,"TransactionDerived"
"PurchaseOrderLine","InventoryLocation","01","Inventory","Location","05A-330","1",,"TransactionDerived"
"PurchaseOrderLine","InventoryLocation","01","Inventory","Location","05A-35","1",,"TransactionDerived"
"PurchaseOrderLine","InventoryLocation","01","Inventory","Location","05C-105","2",,"TransactionDerived"
"PurchaseOrderLine","InventoryLocation","01","Inventory","Location","05C-25","2",,"TransactionDerived"
"PurchaseOrderLine","InventoryLocation","01","Inventory","Location","06B-105","1",,"TransactionDerived"
"PurchaseOrderLine","InventoryLocation","01","Inventory","Location","06B-115","1",,"TransactionDerived"
"PurchaseOrderLine","InventoryLocation","01","Inventory","Location","06B-120","1",,"TransactionDerived"
"PurchaseOrderLine","InventoryLocation","01","Inventory","Location","06B-160","2",,"TransactionDerived"
"PurchaseOrderLine","InventoryLocation","01","Inventory","Location","06B-20","3",,"TransactionDerived"
"PurchaseOrderLine","InventoryLocation","01","Inventory","Location","06B-25","1",,"TransactionDerived"
"PurchaseOrderLine","InventoryLocation","01","Inventory","Location","06B-35","2",,"TransactionDerived"
"PurchaseOrderLine","InventoryLocation","01","Inventory","Location","06B-65","4",,"TransactionDerived"
"PurchaseOrderLine","InventoryLocation","01","Inventory","Location","06B-85","2",,"TransactionDerived"
"PurchaseOrderLine","InventoryLocation","01","Inventory","Location","06C-10","1",,"TransactionDerived"
"PurchaseOrderLine","InventoryLocation","01","Inventory","Location","06C-100","2",,"TransactionDerived"
"PurchaseOrderLine","InventoryLocation","01","Inventory","Location","06C-105","1",,"TransactionDerived"
"PurchaseOrderLine","InventoryLocation","01","Inventory","Location","06C-130","1",,"TransactionDerived"
"PurchaseOrderLine","InventoryLocation","01","Inventory","Location","06C-150","3",,"TransactionDerived"
"PurchaseOrderLine","InventoryLocation","01","Inventory","Location","06C-155","3",,"TransactionDerived"
"PurchaseOrderLine","InventoryLocation","01","Inventory","Location","06C-54","1",,"TransactionDerived"
"PurchaseOrderLine","InventoryLocation","01","Inventory","Location","06C-55","1",,"TransactionDerived"
"PurchaseOrderLine","InventoryLocation","01","Inventory","Location","06C-75","2",,"TransactionDerived"
"PurchaseOrderLine","InventoryLocation","01","Inventory","Location","07A","2",,"TransactionDerived"
"PurchaseOrderLine","InventoryLocation","01","Inventory","Location","07A-20","1",,"TransactionDerived"
"PurchaseOrderLine","InventoryLocation","01","Inventory","Location","07A-40","1",,"TransactionDerived"
"PurchaseOrderLine","InventoryLocation","01","Inventory","Location","07B-120","2",,"TransactionDerived"
"PurchaseOrderLine","InventoryLocation","01","Inventory","Location","07B-200","3",,"TransactionDerived"
"PurchaseOrderLine","InventoryLocation","01","Inventory","Location","07B-80","1",,"TransactionDerived"
"PurchaseOrderLine","InventoryLocation","01","Inventory","Location","08A-200","3",,"TransactionDerived"
"PurchaseOrderLine","InventoryLocation","01","Inventory","Location","08A-205","2",,"TransactionDerived"
"PurchaseOrderLine","InventoryLocation","01","Inventory","Location","15A-605 A","1",,"TransactionDerived"
"PurchaseOrderLine","InventoryLocation","01","Inventory","Location","15A-721","1",,"TransactionDerived"
"PurchaseOrderLine","InventoryLocation","01","Inventory","Location","15C-125","1",,"TransactionDerived"
"PurchaseOrderLine","InventoryLocation","01","Inventory","Location","15C-315","1",,"TransactionDerived"
"PurchaseOrderLine","InventoryLocation","01","Inventory","Location","15C-325","1",,"TransactionDerived"
"PurchaseOrderLine","InventoryLocation","01","Inventory","Location","15C-400","1",,"TransactionDerived"
"PurchaseOrderLine","InventoryLocation","01","Inventory","Location","MK","3",,"TransactionDerived"
"PurchaseOrderLine","InventoryLocation","01","Inventory","Location","Stock","787",,"TransactionDerived"
"PurchaseReceiptLine","InventoryLocation","01","Inventory","Location",".","9",,"TransactionDerived"
"PurchaseReceiptLine","InventoryLocation","01","Inventory","Location",".003","1",,"TransactionDerived"
"PurchaseReceiptLine","InventoryLocation","01","Inventory","Location","[E","6",,"TransactionDerived"
"PurchaseReceiptLine","InventoryLocation","01","Inventory","Location","\","21",,"TransactionDerived"
"PurchaseReceiptLine","InventoryLocation","01","Inventory","Location","+","2",,"TransactionDerived"
"PurchaseReceiptLine","InventoryLocation","01","Inventory","Location","0","84",,"TransactionDerived"
"PurchaseReceiptLine","InventoryLocation","01","Inventory","Location","01","4",,"TransactionDerived"
"PurchaseReceiptLine","InventoryLocation","01","Inventory","Location","02A-01","13",,"TransactionDerived"
"PurchaseReceiptLine","InventoryLocation","01","Inventory","Location","02A-02","2",,"TransactionDerived"
"PurchaseReceiptLine","InventoryLocation","01","Inventory","Location","02A-06","4",,"TransactionDerived"
"PurchaseReceiptLine","InventoryLocation","01","Inventory","Location","02A-10","2",,"TransactionDerived"
"PurchaseReceiptLine","InventoryLocation","01","Inventory","Location","02A-11","12",,"TransactionDerived"
"PurchaseReceiptLine","InventoryLocation","01","Inventory","Location","02A-12","15",,"TransactionDerived"
"PurchaseReceiptLine","InventoryLocation","01","Inventory","Location","02A-14","9",,"TransactionDerived"
"PurchaseReceiptLine","InventoryLocation","01","Inventory","Location","02A-15","42",,"TransactionDerived"
"PurchaseReceiptLine","InventoryLocation","01","Inventory","Location","02A-16","10",,"TransactionDerived"
"PurchaseReceiptLine","InventoryLocation","01","Inventory","Location","02A-19","14",,"TransactionDerived"
"PurchaseReceiptLine","InventoryLocation","01","Inventory","Location","02A-20","10",,"TransactionDerived"
"PurchaseReceiptLine","InventoryLocation","01","Inventory","Location","02A-25","66",,"TransactionDerived"
"PurchaseReceiptLine","InventoryLocation","01","Inventory","Location","02A-26","41",,"TransactionDerived"
"PurchaseReceiptLine","InventoryLocation","01","Inventory","Location","02A-27","37",,"TransactionDerived"
"PurchaseReceiptLine","InventoryLocation","01","Inventory","Location","02A-33","35",,"TransactionDerived"
"PurchaseReceiptLine","InventoryLocation","01","Inventory","Location","02A-34","34",,"TransactionDerived"
"PurchaseReceiptLine","InventoryLocation","01","Inventory","Location","02A-35","18",,"TransactionDerived"
"PurchaseReceiptLine","InventoryLocation","01","Inventory","Location","02A-36","38",,"TransactionDerived"
"PurchaseReceiptLine","InventoryLocation","01","Inventory","Location","02A-37","20",,"TransactionDerived"
"PurchaseReceiptLine","InventoryLocation","01","Inventory","Location","02A-38","24",,"TransactionDerived"
"PurchaseReceiptLine","InventoryLocation","01","Inventory","Location","02A-39","21",,"TransactionDerived"
"PurchaseReceiptLine","InventoryLocation","01","Inventory","Location","02A-41","2",,"TransactionDerived"
"PurchaseReceiptLine","InventoryLocation","01","Inventory","Location","02A-47","22",,"TransactionDerived"
"PurchaseReceiptLine","InventoryLocation","01","Inventory","Location","02A-48","42",,"TransactionDerived"
"PurchaseReceiptLine","InventoryLocation","01","Inventory","Location","02A-50","13",,"TransactionDerived"
"PurchaseReceiptLine","InventoryLocation","01","Inventory","Location","02A-60","25",,"TransactionDerived"
"PurchaseReceiptLine","InventoryLocation","01","Inventory","Location","02A-65","4",,"TransactionDerived"
"PurchaseReceiptLine","InventoryLocation","01","Inventory","Location","02A-TEST","19",,"TransactionDerived"
"PurchaseReceiptLine","InventoryLocation","01","Inventory","Location","02B-05","2",,"TransactionDerived"
"PurchaseReceiptLine","InventoryLocation","01","Inventory","Location","02B-100","2",,"TransactionDerived"
"PurchaseReceiptLine","InventoryLocation","01","Inventory","Location","02B-130","2",,"TransactionDerived"
"PurchaseReceiptLine","InventoryLocation","01","Inventory","Location","02B-135","12",,"TransactionDerived"
"PurchaseReceiptLine","InventoryLocation","01","Inventory","Location","02B-140","2",,"TransactionDerived"
"PurchaseReceiptLine","InventoryLocation","01","Inventory","Location","02B-145","7",,"TransactionDerived"
"PurchaseReceiptLine","InventoryLocation","01","Inventory","Location","02B-165","6",,"TransactionDerived"
"PurchaseReceiptLine","InventoryLocation","01","Inventory","Location","02B-184","12",,"TransactionDerived"
"PurchaseReceiptLine","InventoryLocation","01","Inventory","Location","02B-19","2",,"TransactionDerived"
"PurchaseReceiptLine","InventoryLocation","01","Inventory","Location","02B-30","2",,"TransactionDerived"
"PurchaseReceiptLine","InventoryLocation","01","Inventory","Location","02B-80","2",,"TransactionDerived"
"PurchaseReceiptLine","InventoryLocation","01","Inventory","Location","02B-TEST","4",,"TransactionDerived"
"PurchaseReceiptLine","InventoryLocation","01","Inventory","Location","02C-125","5",,"TransactionDerived"
"PurchaseReceiptLine","InventoryLocation","01","Inventory","Location","02C-135","2",,"TransactionDerived"
"PurchaseReceiptLine","InventoryLocation","01","Inventory","Location","02C-140","3",,"TransactionDerived"
"PurchaseReceiptLine","InventoryLocation","01","Inventory","Location","02C-150","10",,"TransactionDerived"
"PurchaseReceiptLine","InventoryLocation","01","Inventory","Location","02C-50","2",,"TransactionDerived"
"PurchaseReceiptLine","InventoryLocation","01","Inventory","Location","02C-65","36",,"TransactionDerived"
"PurchaseReceiptLine","InventoryLocation","01","Inventory","Location","02C-80","3",,"TransactionDerived"
"PurchaseReceiptLine","InventoryLocation","01","Inventory","Location","02C-95","8",,"TransactionDerived"
"PurchaseReceiptLine","InventoryLocation","01","Inventory","Location","02C-TEST","1",,"TransactionDerived"
"PurchaseReceiptLine","InventoryLocation","01","Inventory","Location","03A-10","2",,"TransactionDerived"
"PurchaseReceiptLine","InventoryLocation","01","Inventory","Location","03A-105","11",,"TransactionDerived"
"PurchaseReceiptLine","InventoryLocation","01","Inventory","Location","03A-130","3",,"TransactionDerived"
"PurchaseReceiptLine","InventoryLocation","01","Inventory","Location","03A-30","3",,"TransactionDerived"
"PurchaseReceiptLine","InventoryLocation","01","Inventory","Location","03A-35","6",,"TransactionDerived"
"PurchaseReceiptLine","InventoryLocation","01","Inventory","Location","03A-45","2",,"TransactionDerived"
"PurchaseReceiptLine","InventoryLocation","01","Inventory","Location","03A-60","6",,"TransactionDerived"
"PurchaseReceiptLine","InventoryLocation","01","Inventory","Location","03A-70","3",,"TransactionDerived"
"PurchaseReceiptLine","InventoryLocation","01","Inventory","Location","03A-80","4",,"TransactionDerived"
"PurchaseReceiptLine","InventoryLocation","01","Inventory","Location","03B-05","2",,"TransactionDerived"
"PurchaseReceiptLine","InventoryLocation","01","Inventory","Location","03B-105","2",,"TransactionDerived"
"PurchaseReceiptLine","InventoryLocation","01","Inventory","Location","03B-160","3",,"TransactionDerived"
"PurchaseReceiptLine","InventoryLocation","01","Inventory","Location","03B-166","6",,"TransactionDerived"
"PurchaseReceiptLine","InventoryLocation","01","Inventory","Location","03B-168","1",,"TransactionDerived"
"PurchaseReceiptLine","InventoryLocation","01","Inventory","Location","03B-170","5",,"TransactionDerived"
"PurchaseReceiptLine","InventoryLocation","01","Inventory","Location","03B-205","2",,"TransactionDerived"
"PurchaseReceiptLine","InventoryLocation","01","Inventory","Location","03B-25","24",,"TransactionDerived"
"PurchaseReceiptLine","InventoryLocation","01","Inventory","Location","03B-270","4",,"TransactionDerived"
"PurchaseReceiptLine","InventoryLocation","01","Inventory","Location","03B-29","2",,"TransactionDerived"
"PurchaseReceiptLine","InventoryLocation","01","Inventory","Location","03B-305","4",,"TransactionDerived"
"PurchaseReceiptLine","InventoryLocation","01","Inventory","Location","03B-50","2",,"TransactionDerived"
"PurchaseReceiptLine","InventoryLocation","01","Inventory","Location","03C-100","2",,"TransactionDerived"
"PurchaseReceiptLine","InventoryLocation","01","Inventory","Location","03C-105","4",,"TransactionDerived"
"PurchaseReceiptLine","InventoryLocation","01","Inventory","Location","03C-115","12",,"TransactionDerived"
"PurchaseReceiptLine","InventoryLocation","01","Inventory","Location","03C-125","5",,"TransactionDerived"
"PurchaseReceiptLine","InventoryLocation","01","Inventory","Location","03C-130","10",,"TransactionDerived"
"PurchaseReceiptLine","InventoryLocation","01","Inventory","Location","03C-135","10",,"TransactionDerived"
"PurchaseReceiptLine","InventoryLocation","01","Inventory","Location","03C-15","4",,"TransactionDerived"
"PurchaseReceiptLine","InventoryLocation","01","Inventory","Location","03C-170","7",,"TransactionDerived"
"PurchaseReceiptLine","InventoryLocation","01","Inventory","Location","03C-175","2",,"TransactionDerived"
"PurchaseReceiptLine","InventoryLocation","01","Inventory","Location","03C-180","10",,"TransactionDerived"
"PurchaseReceiptLine","InventoryLocation","01","Inventory","Location","03C-205","10",,"TransactionDerived"
"PurchaseReceiptLine","InventoryLocation","01","Inventory","Location","03C-235","2",,"TransactionDerived"
"PurchaseReceiptLine","InventoryLocation","01","Inventory","Location","03C-240","2",,"TransactionDerived"
"PurchaseReceiptLine","InventoryLocation","01","Inventory","Location","03C-250","1",,"TransactionDerived"
"PurchaseReceiptLine","InventoryLocation","01","Inventory","Location","03C-27","2",,"TransactionDerived"
"PurchaseReceiptLine","InventoryLocation","01","Inventory","Location","03C-295","22",,"TransactionDerived"
"PurchaseReceiptLine","InventoryLocation","01","Inventory","Location","03C-310","4",,"TransactionDerived"
"PurchaseReceiptLine","InventoryLocation","01","Inventory","Location","03C-320","7",,"TransactionDerived"
"PurchaseReceiptLine","InventoryLocation","01","Inventory","Location","03C-335","30",,"TransactionDerived"
"PurchaseReceiptLine","InventoryLocation","01","Inventory","Location","03C-380","10",,"TransactionDerived"
"PurchaseReceiptLine","InventoryLocation","01","Inventory","Location","03C-425","2",,"TransactionDerived"
"PurchaseReceiptLine","InventoryLocation","01","Inventory","Location","03C-65","9",,"TransactionDerived"
"PurchaseReceiptLine","InventoryLocation","01","Inventory","Location","03C-70","4",,"TransactionDerived"
"PurchaseReceiptLine","InventoryLocation","01","Inventory","Location","04A-115","30",,"TransactionDerived"
"PurchaseReceiptLine","InventoryLocation","01","Inventory","Location","04A-131","13",,"TransactionDerived"
"PurchaseReceiptLine","InventoryLocation","01","Inventory","Location","04A-133","17",,"TransactionDerived"
"PurchaseReceiptLine","InventoryLocation","01","Inventory","Location","04A-150","13",,"TransactionDerived"
"PurchaseReceiptLine","InventoryLocation","01","Inventory","Location","04A-160","1",,"TransactionDerived"
"PurchaseReceiptLine","InventoryLocation","01","Inventory","Location","04A-165","32",,"TransactionDerived"
"PurchaseReceiptLine","InventoryLocation","01","Inventory","Location","04A-180","31",,"TransactionDerived"
"PurchaseReceiptLine","InventoryLocation","01","Inventory","Location","04A-190","39",,"TransactionDerived"
"PurchaseReceiptLine","InventoryLocation","01","Inventory","Location","04A-195","62",,"TransactionDerived"
"PurchaseReceiptLine","InventoryLocation","01","Inventory","Location","04A-20","4",,"TransactionDerived"
"PurchaseReceiptLine","InventoryLocation","01","Inventory","Location","04A-210","15",,"TransactionDerived"
"PurchaseReceiptLine","InventoryLocation","01","Inventory","Location","04A-220","21",,"TransactionDerived"
"PurchaseReceiptLine","InventoryLocation","01","Inventory","Location","04A-230","2",,"TransactionDerived"
"PurchaseReceiptLine","InventoryLocation","01","Inventory","Location","04A-235","11",,"TransactionDerived"
"PurchaseReceiptLine","InventoryLocation","01","Inventory","Location","04A-240","13",,"TransactionDerived"
"PurchaseReceiptLine","InventoryLocation","01","Inventory","Location","04A-250","55",,"TransactionDerived"
"PurchaseReceiptLine","InventoryLocation","01","Inventory","Location","04A-260","16",,"TransactionDerived"
"PurchaseReceiptLine","InventoryLocation","01","Inventory","Location","04A-265","8",,"TransactionDerived"
"PurchaseReceiptLine","InventoryLocation","01","Inventory","Location","04A-270","82",,"TransactionDerived"
"PurchaseReceiptLine","InventoryLocation","01","Inventory","Location","04A-290","13",,"TransactionDerived"
"PurchaseReceiptLine","InventoryLocation","01","Inventory","Location","04A-30","20",,"TransactionDerived"
"PurchaseReceiptLine","InventoryLocation","01","Inventory","Location","04A-305","19",,"TransactionDerived"
"PurchaseReceiptLine","InventoryLocation","01","Inventory","Location","04A-306","17",,"TransactionDerived"
"PurchaseReceiptLine","InventoryLocation","01","Inventory","Location","04A-308","9",,"TransactionDerived"
"PurchaseReceiptLine","InventoryLocation","01","Inventory","Location","04A-309","2",,"TransactionDerived"
"PurchaseReceiptLine","InventoryLocation","01","Inventory","Location","04A-312","36",,"TransactionDerived"
"PurchaseReceiptLine","InventoryLocation","01","Inventory","Location","04A-330","31",,"TransactionDerived"
"PurchaseReceiptLine","InventoryLocation","01","Inventory","Location","04A-335","16",,"TransactionDerived"
"PurchaseReceiptLine","InventoryLocation","01","Inventory","Location","04A-345","4",,"TransactionDerived"
"PurchaseReceiptLine","InventoryLocation","01","Inventory","Location","04A-350","73",,"TransactionDerived"
"PurchaseReceiptLine","InventoryLocation","01","Inventory","Location","04A-377","53",,"TransactionDerived"
"PurchaseReceiptLine","InventoryLocation","01","Inventory","Location","04A-390","90",,"TransactionDerived"
"PurchaseReceiptLine","InventoryLocation","01","Inventory","Location","04A-430","53",,"TransactionDerived"
"PurchaseReceiptLine","InventoryLocation","01","Inventory","Location","04A-435","13",,"TransactionDerived"
"PurchaseReceiptLine","InventoryLocation","01","Inventory","Location","04A-440","45",,"TransactionDerived"
"PurchaseReceiptLine","InventoryLocation","01","Inventory","Location","04A-485","19",,"TransactionDerived"
"PurchaseReceiptLine","InventoryLocation","01","Inventory","Location","04A-50","7",,"TransactionDerived"
"PurchaseReceiptLine","InventoryLocation","01","Inventory","Location","04A-500","22",,"TransactionDerived"
"PurchaseReceiptLine","InventoryLocation","01","Inventory","Location","04A-505","17",,"TransactionDerived"
"PurchaseReceiptLine","InventoryLocation","01","Inventory","Location","04A-510","8",,"TransactionDerived"
"PurchaseReceiptLine","InventoryLocation","01","Inventory","Location","04A-545","61",,"TransactionDerived"
"PurchaseReceiptLine","InventoryLocation","01","Inventory","Location","04A-550","24",,"TransactionDerived"
"PurchaseReceiptLine","InventoryLocation","01","Inventory","Location","04B-10","3",,"TransactionDerived"
"PurchaseReceiptLine","InventoryLocation","01","Inventory","Location","04B-110","34",,"TransactionDerived"
"PurchaseReceiptLine","InventoryLocation","01","Inventory","Location","04B-115","56",,"TransactionDerived"
"PurchaseReceiptLine","InventoryLocation","01","Inventory","Location","04B-130","22",,"TransactionDerived"
"PurchaseReceiptLine","InventoryLocation","01","Inventory","Location","04B-135","33",,"TransactionDerived"
"PurchaseReceiptLine","InventoryLocation","01","Inventory","Location","04B-140","5",,"TransactionDerived"
"PurchaseReceiptLine","InventoryLocation","01","Inventory","Location","04B-143","35",,"TransactionDerived"
"PurchaseReceiptLine","InventoryLocation","01","Inventory","Location","04B-155","12",,"TransactionDerived"
"PurchaseReceiptLine","InventoryLocation","01","Inventory","Location","04B-20","7",,"TransactionDerived"
"PurchaseReceiptLine","InventoryLocation","01","Inventory","Location","04B-200","27",,"TransactionDerived"
"PurchaseReceiptLine","InventoryLocation","01","Inventory","Location","04B-205","2",,"TransactionDerived"
"PurchaseReceiptLine","InventoryLocation","01","Inventory","Location","04B-210","40",,"TransactionDerived"
"PurchaseReceiptLine","InventoryLocation","01","Inventory","Location","04B-215","8",,"TransactionDerived"
"PurchaseReceiptLine","InventoryLocation","01","Inventory","Location","04B-218","48",,"TransactionDerived"
"PurchaseReceiptLine","InventoryLocation","01","Inventory","Location","04B-225","19",,"TransactionDerived"
"PurchaseReceiptLine","InventoryLocation","01","Inventory","Location","04B-255","2",,"TransactionDerived"
"PurchaseReceiptLine","InventoryLocation","01","Inventory","Location","04B-260","28",,"TransactionDerived"
"PurchaseReceiptLine","InventoryLocation","01","Inventory","Location","04B-265","27",,"TransactionDerived"
"PurchaseReceiptLine","InventoryLocation","01","Inventory","Location","04B-270","17",,"TransactionDerived"
"PurchaseReceiptLine","InventoryLocation","01","Inventory","Location","04B-275","5",,"TransactionDerived"
"PurchaseReceiptLine","InventoryLocation","01","Inventory","Location","04B-280","5",,"TransactionDerived"
"PurchaseReceiptLine","InventoryLocation","01","Inventory","Location","04B-285","5",,"TransactionDerived"
"PurchaseReceiptLine","InventoryLocation","01","Inventory","Location","04B-300","35",,"TransactionDerived"
"PurchaseReceiptLine","InventoryLocation","01","Inventory","Location","04B-305","2",,"TransactionDerived"
"PurchaseReceiptLine","InventoryLocation","01","Inventory","Location","04B-310","4",,"TransactionDerived"
"PurchaseReceiptLine","InventoryLocation","01","Inventory","Location","04B-350","23",,"TransactionDerived"
"PurchaseReceiptLine","InventoryLocation","01","Inventory","Location","04B-355","21",,"TransactionDerived"
"PurchaseReceiptLine","InventoryLocation","01","Inventory","Location","04B-55","25",,"TransactionDerived"
"PurchaseReceiptLine","InventoryLocation","01","Inventory","Location","04B-60","13",,"TransactionDerived"
"PurchaseReceiptLine","InventoryLocation","01","Inventory","Location","04B-65","4",,"TransactionDerived"
"PurchaseReceiptLine","InventoryLocation","01","Inventory","Location","04B-70","30",,"TransactionDerived"
"PurchaseReceiptLine","InventoryLocation","01","Inventory","Location","04B-80","5",,"TransactionDerived"
"PurchaseReceiptLine","InventoryLocation","01","Inventory","Location","04B-90","24",,"TransactionDerived"
"PurchaseReceiptLine","InventoryLocation","01","Inventory","Location","04B-95","24",,"TransactionDerived"
"PurchaseReceiptLine","InventoryLocation","01","Inventory","Location","04C-05","39",,"TransactionDerived"
"PurchaseReceiptLine","InventoryLocation","01","Inventory","Location","04C-10","39",,"TransactionDerived"
"PurchaseReceiptLine","InventoryLocation","01","Inventory","Location","04C-105","95",,"TransactionDerived"
"PurchaseReceiptLine","InventoryLocation","01","Inventory","Location","04C-110","14",,"TransactionDerived"
"PurchaseReceiptLine","InventoryLocation","01","Inventory","Location","04C-115","25",,"TransactionDerived"
"PurchaseReceiptLine","InventoryLocation","01","Inventory","Location","04C-120","4",,"TransactionDerived"
"PurchaseReceiptLine","InventoryLocation","01","Inventory","Location","04C-125","28",,"TransactionDerived"
"PurchaseReceiptLine","InventoryLocation","01","Inventory","Location","04C-130","15",,"TransactionDerived"
"PurchaseReceiptLine","InventoryLocation","01","Inventory","Location","04C-135","29",,"TransactionDerived"
"PurchaseReceiptLine","InventoryLocation","01","Inventory","Location","04C-140","52",,"TransactionDerived"
"PurchaseReceiptLine","InventoryLocation","01","Inventory","Location","04C-145","65",,"TransactionDerived"
"PurchaseReceiptLine","InventoryLocation","01","Inventory","Location","04C-15","8",,"TransactionDerived"
"PurchaseReceiptLine","InventoryLocation","01","Inventory","Location","04C-150","20",,"TransactionDerived"
"PurchaseReceiptLine","InventoryLocation","01","Inventory","Location","04C-155","67",,"TransactionDerived"
"PurchaseReceiptLine","InventoryLocation","01","Inventory","Location","04C-160","1",,"TransactionDerived"
"PurchaseReceiptLine","InventoryLocation","01","Inventory","Location","04C-165","27",,"TransactionDerived"
"PurchaseReceiptLine","InventoryLocation","01","Inventory","Location","04C-170","12",,"TransactionDerived"
"PurchaseReceiptLine","InventoryLocation","01","Inventory","Location","04C-175","5",,"TransactionDerived"
"PurchaseReceiptLine","InventoryLocation","01","Inventory","Location","04C-180","37",,"TransactionDerived"
"PurchaseReceiptLine","InventoryLocation","01","Inventory","Location","04C-190","57",,"TransactionDerived"
"PurchaseReceiptLine","InventoryLocation","01","Inventory","Location","04C-195","8",,"TransactionDerived"
"PurchaseReceiptLine","InventoryLocation","01","Inventory","Location","04C-20","2",,"TransactionDerived"
"PurchaseReceiptLine","InventoryLocation","01","Inventory","Location","04C-205","36",,"TransactionDerived"
"PurchaseReceiptLine","InventoryLocation","01","Inventory","Location","04C-210","24",,"TransactionDerived"
"PurchaseReceiptLine","InventoryLocation","01","Inventory","Location","04C-225","23",,"TransactionDerived"
"PurchaseReceiptLine","InventoryLocation","01","Inventory","Location","04C-230","2",,"TransactionDerived"
"PurchaseReceiptLine","InventoryLocation","01","Inventory","Location","04C-235","75",,"TransactionDerived"
"PurchaseReceiptLine","InventoryLocation","01","Inventory","Location","04C-240","40",,"TransactionDerived"
"PurchaseReceiptLine","InventoryLocation","01","Inventory","Location","04C-280","3",,"TransactionDerived"
"PurchaseReceiptLine","InventoryLocation","01","Inventory","Location","04C-30","26",,"TransactionDerived"
"PurchaseReceiptLine","InventoryLocation","01","Inventory","Location","04C-310","17",,"TransactionDerived"
"PurchaseReceiptLine","InventoryLocation","01","Inventory","Location","04C-315","70",,"TransactionDerived"
"PurchaseReceiptLine","InventoryLocation","01","Inventory","Location","04C-320","29",,"TransactionDerived"
"PurchaseReceiptLine","InventoryLocation","01","Inventory","Location","04C-325","37",,"TransactionDerived"
"PurchaseReceiptLine","InventoryLocation","01","Inventory","Location","04C-330","40",,"TransactionDerived"
"PurchaseReceiptLine","InventoryLocation","01","Inventory","Location","04C-345","10",,"TransactionDerived"
"PurchaseReceiptLine","InventoryLocation","01","Inventory","Location","04C-360","69",,"TransactionDerived"
"PurchaseReceiptLine","InventoryLocation","01","Inventory","Location","04C-370","85",,"TransactionDerived"
"PurchaseReceiptLine","InventoryLocation","01","Inventory","Location","04C-40","2",,"TransactionDerived"
"PurchaseReceiptLine","InventoryLocation","01","Inventory","Location","04C-420","16",,"TransactionDerived"
"PurchaseReceiptLine","InventoryLocation","01","Inventory","Location","04C-425","4",,"TransactionDerived"
"PurchaseReceiptLine","InventoryLocation","01","Inventory","Location","04C-430","46",,"TransactionDerived"
"PurchaseReceiptLine","InventoryLocation","01","Inventory","Location","04C-435","50",,"TransactionDerived"
"PurchaseReceiptLine","InventoryLocation","01","Inventory","Location","04C-440","35",,"TransactionDerived"
"PurchaseReceiptLine","InventoryLocation","01","Inventory","Location","04C-45","52",,"TransactionDerived"
"PurchaseReceiptLine","InventoryLocation","01","Inventory","Location","04C-455","4",,"TransactionDerived"
"PurchaseReceiptLine","InventoryLocation","01","Inventory","Location","04C-460","7",,"TransactionDerived"
"PurchaseReceiptLine","InventoryLocation","01","Inventory","Location","04C-465","6",,"TransactionDerived"
"PurchaseReceiptLine","InventoryLocation","01","Inventory","Location","04C-470","2",,"TransactionDerived"
"PurchaseReceiptLine","InventoryLocation","01","Inventory","Location","04C-475","6",,"TransactionDerived"
"PurchaseReceiptLine","InventoryLocation","01","Inventory","Location","04C-480","13",,"TransactionDerived"
"PurchaseReceiptLine","InventoryLocation","01","Inventory","Location","04C-485","37",,"TransactionDerived"
"PurchaseReceiptLine","InventoryLocation","01","Inventory","Location","04C-490","38",,"TransactionDerived"
"PurchaseReceiptLine","InventoryLocation","01","Inventory","Location","04C-50","47",,"TransactionDerived"
"PurchaseReceiptLine","InventoryLocation","01","Inventory","Location","04C-500","21",,"TransactionDerived"
"PurchaseReceiptLine","InventoryLocation","01","Inventory","Location","04C-510","19",,"TransactionDerived"
"PurchaseReceiptLine","InventoryLocation","01","Inventory","Location","04C-515","30",,"TransactionDerived"
"PurchaseReceiptLine","InventoryLocation","01","Inventory","Location","04C-520","55",,"TransactionDerived"
"PurchaseReceiptLine","InventoryLocation","01","Inventory","Location","04C-530","10",,"TransactionDerived"
"PurchaseReceiptLine","InventoryLocation","01","Inventory","Location","04C-535","15",,"TransactionDerived"
"PurchaseReceiptLine","InventoryLocation","01","Inventory","Location","04C-545","14",,"TransactionDerived"
"PurchaseReceiptLine","InventoryLocation","01","Inventory","Location","04C-55","14",,"TransactionDerived"
"PurchaseReceiptLine","InventoryLocation","01","Inventory","Location","04C-60","3",,"TransactionDerived"
"PurchaseReceiptLine","InventoryLocation","01","Inventory","Location","04C-70","25",,"TransactionDerived"
"PurchaseReceiptLine","InventoryLocation","01","Inventory","Location","04C-75","10",,"TransactionDerived"
"PurchaseReceiptLine","InventoryLocation","01","Inventory","Location","04C-80","4",,"TransactionDerived"
"PurchaseReceiptLine","InventoryLocation","01","Inventory","Location","04C-85","41",,"TransactionDerived"
"PurchaseReceiptLine","InventoryLocation","01","Inventory","Location","04C-90","2",,"TransactionDerived"
"PurchaseReceiptLine","InventoryLocation","01","Inventory","Location","04C-95","8",,"TransactionDerived"
"PurchaseReceiptLine","InventoryLocation","01","Inventory","Location","05-135","21",,"TransactionDerived"
"PurchaseReceiptLine","InventoryLocation","01","Inventory","Location","05A-05","60",,"TransactionDerived"
"PurchaseReceiptLine","InventoryLocation","01","Inventory","Location","05A-10","22",,"TransactionDerived"
"PurchaseReceiptLine","InventoryLocation","01","Inventory","Location","05A-130","28",,"TransactionDerived"
"PurchaseReceiptLine","InventoryLocation","01","Inventory","Location","05A-140","19",,"TransactionDerived"
"PurchaseReceiptLine","InventoryLocation","01","Inventory","Location","05A-15","7",,"TransactionDerived"
"PurchaseReceiptLine","InventoryLocation","01","Inventory","Location","05A-160","15",,"TransactionDerived"
"PurchaseReceiptLine","InventoryLocation","01","Inventory","Location","05A-175","19",,"TransactionDerived"
"PurchaseReceiptLine","InventoryLocation","01","Inventory","Location","05A-185","17",,"TransactionDerived"
"PurchaseReceiptLine","InventoryLocation","01","Inventory","Location","05A-190","15",,"TransactionDerived"
"PurchaseReceiptLine","InventoryLocation","01","Inventory","Location","05A-215","6",,"TransactionDerived"
"PurchaseReceiptLine","InventoryLocation","01","Inventory","Location","05A-220","25",,"TransactionDerived"
"PurchaseReceiptLine","InventoryLocation","01","Inventory","Location","05A-240","23",,"TransactionDerived"
"PurchaseReceiptLine","InventoryLocation","01","Inventory","Location","05A-275","34",,"TransactionDerived"
"PurchaseReceiptLine","InventoryLocation","01","Inventory","Location","05A-280","28",,"TransactionDerived"
"PurchaseReceiptLine","InventoryLocation","01","Inventory","Location","05A-285","6",,"TransactionDerived"
"PurchaseReceiptLine","InventoryLocation","01","Inventory","Location","05A-290","2",,"TransactionDerived"
"PurchaseReceiptLine","InventoryLocation","01","Inventory","Location","05A-295","12",,"TransactionDerived"
"PurchaseReceiptLine","InventoryLocation","01","Inventory","Location","05A-30","19",,"TransactionDerived"
"PurchaseReceiptLine","InventoryLocation","01","Inventory","Location","05A-315","4",,"TransactionDerived"
"PurchaseReceiptLine","InventoryLocation","01","Inventory","Location","05A-320","2",,"TransactionDerived"
"PurchaseReceiptLine","InventoryLocation","01","Inventory","Location","05A-330","17",,"TransactionDerived"
"PurchaseReceiptLine","InventoryLocation","01","Inventory","Location","05A-345","16",,"TransactionDerived"
"PurchaseReceiptLine","InventoryLocation","01","Inventory","Location","05A-35","39",,"TransactionDerived"
"PurchaseReceiptLine","InventoryLocation","01","Inventory","Location","05A-360","26",,"TransactionDerived"
"PurchaseReceiptLine","InventoryLocation","01","Inventory","Location","05A-365","25",,"TransactionDerived"
"PurchaseReceiptLine","InventoryLocation","01","Inventory","Location","05A-370","6",,"TransactionDerived"
"PurchaseReceiptLine","InventoryLocation","01","Inventory","Location","05A-375","6",,"TransactionDerived"
"PurchaseReceiptLine","InventoryLocation","01","Inventory","Location","05A-380","2",,"TransactionDerived"
"PurchaseReceiptLine","InventoryLocation","01","Inventory","Location","05A-385","12",,"TransactionDerived"
"PurchaseReceiptLine","InventoryLocation","01","Inventory","Location","05A-386","2",,"TransactionDerived"
"PurchaseReceiptLine","InventoryLocation","01","Inventory","Location","05A-390","5",,"TransactionDerived"
"PurchaseReceiptLine","InventoryLocation","01","Inventory","Location","05A-395","2",,"TransactionDerived"
"PurchaseReceiptLine","InventoryLocation","01","Inventory","Location","05A-40","81",,"TransactionDerived"
"PurchaseReceiptLine","InventoryLocation","01","Inventory","Location","05A-400","10",,"TransactionDerived"
"PurchaseReceiptLine","InventoryLocation","01","Inventory","Location","05A-420","11",,"TransactionDerived"
"PurchaseReceiptLine","InventoryLocation","01","Inventory","Location","05A-421","3",,"TransactionDerived"
"PurchaseReceiptLine","InventoryLocation","01","Inventory","Location","05A-45","65",,"TransactionDerived"
"PurchaseReceiptLine","InventoryLocation","01","Inventory","Location","05A-60","156",,"TransactionDerived"
"PurchaseReceiptLine","InventoryLocation","01","Inventory","Location","05A-65","10",,"TransactionDerived"
"PurchaseReceiptLine","InventoryLocation","01","Inventory","Location","05A-75","15",,"TransactionDerived"
"PurchaseReceiptLine","InventoryLocation","01","Inventory","Location","05A-80","31",,"TransactionDerived"
"PurchaseReceiptLine","InventoryLocation","01","Inventory","Location","05A-85","104",,"TransactionDerived"
"PurchaseReceiptLine","InventoryLocation","01","Inventory","Location","05A-90","94",,"TransactionDerived"
"PurchaseReceiptLine","InventoryLocation","01","Inventory","Location","05C-100","38",,"TransactionDerived"
"PurchaseReceiptLine","InventoryLocation","01","Inventory","Location","05C-105","23",,"TransactionDerived"
"PurchaseReceiptLine","InventoryLocation","01","Inventory","Location","05C-110","16",,"TransactionDerived"
"PurchaseReceiptLine","InventoryLocation","01","Inventory","Location","05C-135","2",,"TransactionDerived"
"PurchaseReceiptLine","InventoryLocation","01","Inventory","Location","05C-145","6",,"TransactionDerived"
"PurchaseReceiptLine","InventoryLocation","01","Inventory","Location","05C-15","38",,"TransactionDerived"
"PurchaseReceiptLine","InventoryLocation","01","Inventory","Location","05C-165","17",,"TransactionDerived"
"PurchaseReceiptLine","InventoryLocation","01","Inventory","Location","05C-170","10",,"TransactionDerived"
"PurchaseReceiptLine","InventoryLocation","01","Inventory","Location","05C-200","1",,"TransactionDerived"
"PurchaseReceiptLine","InventoryLocation","01","Inventory","Location","05C-215","3",,"TransactionDerived"
"PurchaseReceiptLine","InventoryLocation","01","Inventory","Location","05C-240","8",,"TransactionDerived"
"PurchaseReceiptLine","InventoryLocation","01","Inventory","Location","05C-245","28",,"TransactionDerived"
"PurchaseReceiptLine","InventoryLocation","01","Inventory","Location","05C-25","34",,"TransactionDerived"
"PurchaseReceiptLine","InventoryLocation","01","Inventory","Location","05C-260","5",,"TransactionDerived"
"PurchaseReceiptLine","InventoryLocation","01","Inventory","Location","05C-285","2",,"TransactionDerived"
"PurchaseReceiptLine","InventoryLocation","01","Inventory","Location","05C-310","11",,"TransactionDerived"
"PurchaseReceiptLine","InventoryLocation","01","Inventory","Location","05C-315","5",,"TransactionDerived"
"PurchaseReceiptLine","InventoryLocation","01","Inventory","Location","05C-335","4",,"TransactionDerived"
"PurchaseReceiptLine","InventoryLocation","01","Inventory","Location","05C-40","26",,"TransactionDerived"
"PurchaseReceiptLine","InventoryLocation","01","Inventory","Location","05C-50","6",,"TransactionDerived"
"PurchaseReceiptLine","InventoryLocation","01","Inventory","Location","05C-55","38",,"TransactionDerived"
"PurchaseReceiptLine","InventoryLocation","01","Inventory","Location","05C-56","2",,"TransactionDerived"
"PurchaseReceiptLine","InventoryLocation","01","Inventory","Location","05C-60","33",,"TransactionDerived"
"PurchaseReceiptLine","InventoryLocation","01","Inventory","Location","05C-70","3",,"TransactionDerived"
"PurchaseReceiptLine","InventoryLocation","01","Inventory","Location","05C-75","2",,"TransactionDerived"
"PurchaseReceiptLine","InventoryLocation","01","Inventory","Location","06B-05","2",,"TransactionDerived"
"PurchaseReceiptLine","InventoryLocation","01","Inventory","Location","06B-10","34",,"TransactionDerived"
"PurchaseReceiptLine","InventoryLocation","01","Inventory","Location","06B-100","83",,"TransactionDerived"
"PurchaseReceiptLine","InventoryLocation","01","Inventory","Location","06B-105","22",,"TransactionDerived"
"PurchaseReceiptLine","InventoryLocation","01","Inventory","Location","06B-110","12",,"TransactionDerived"
"PurchaseReceiptLine","InventoryLocation","01","Inventory","Location","06B-115","32",,"TransactionDerived"
"PurchaseReceiptLine","InventoryLocation","01","Inventory","Location","06B-117","57",,"TransactionDerived"
"PurchaseReceiptLine","InventoryLocation","01","Inventory","Location","06B-120","24",,"TransactionDerived"
"PurchaseReceiptLine","InventoryLocation","01","Inventory","Location","06B-130","1",,"TransactionDerived"
"PurchaseReceiptLine","InventoryLocation","01","Inventory","Location","06B-135","9",,"TransactionDerived"
"PurchaseReceiptLine","InventoryLocation","01","Inventory","Location","06B-140","6",,"TransactionDerived"
"PurchaseReceiptLine","InventoryLocation","01","Inventory","Location","06B-145","59",,"TransactionDerived"
"PurchaseReceiptLine","InventoryLocation","01","Inventory","Location","06B-15","3",,"TransactionDerived"
"PurchaseReceiptLine","InventoryLocation","01","Inventory","Location","06B-150","58",,"TransactionDerived"
"PurchaseReceiptLine","InventoryLocation","01","Inventory","Location","06B-155","6",,"TransactionDerived"
"PurchaseReceiptLine","InventoryLocation","01","Inventory","Location","06B-160","53",,"TransactionDerived"
"PurchaseReceiptLine","InventoryLocation","01","Inventory","Location","06B-170","7",,"TransactionDerived"
"PurchaseReceiptLine","InventoryLocation","01","Inventory","Location","06B-20","77",,"TransactionDerived"
"PurchaseReceiptLine","InventoryLocation","01","Inventory","Location","06B-25","64",,"TransactionDerived"
"PurchaseReceiptLine","InventoryLocation","01","Inventory","Location","06B-30","7",,"TransactionDerived"
"PurchaseReceiptLine","InventoryLocation","01","Inventory","Location","06B-35","10",,"TransactionDerived"
"PurchaseReceiptLine","InventoryLocation","01","Inventory","Location","06B-40","20",,"TransactionDerived"
"PurchaseReceiptLine","InventoryLocation","01","Inventory","Location","06B-45","36",,"TransactionDerived"
"PurchaseReceiptLine","InventoryLocation","01","Inventory","Location","06B-50","27",,"TransactionDerived"
"PurchaseReceiptLine","InventoryLocation","01","Inventory","Location","06B-55","17",,"TransactionDerived"
"PurchaseReceiptLine","InventoryLocation","01","Inventory","Location","06B-65","63",,"TransactionDerived"
"PurchaseReceiptLine","InventoryLocation","01","Inventory","Location","06B-70","62",,"TransactionDerived"
"PurchaseReceiptLine","InventoryLocation","01","Inventory","Location","06B-75","32",,"TransactionDerived"
"PurchaseReceiptLine","InventoryLocation","01","Inventory","Location","06B-80","6",,"TransactionDerived"
"PurchaseReceiptLine","InventoryLocation","01","Inventory","Location","06B-85","16",,"TransactionDerived"
"PurchaseReceiptLine","InventoryLocation","01","Inventory","Location","06B-90","13",,"TransactionDerived"
"PurchaseReceiptLine","InventoryLocation","01","Inventory","Location","06C-10","40",,"TransactionDerived"
"PurchaseReceiptLine","InventoryLocation","01","Inventory","Location","06C-100","85",,"TransactionDerived"
"PurchaseReceiptLine","InventoryLocation","01","Inventory","Location","06C-105","99",,"TransactionDerived"
"PurchaseReceiptLine","InventoryLocation","01","Inventory","Location","06C-107","70",,"TransactionDerived"
"PurchaseReceiptLine","InventoryLocation","01","Inventory","Location","06C-110","3",,"TransactionDerived"
"PurchaseReceiptLine","InventoryLocation","01","Inventory","Location","06C-115","81",,"TransactionDerived"
"PurchaseReceiptLine","InventoryLocation","01","Inventory","Location","06C-130","92",,"TransactionDerived"
"PurchaseReceiptLine","InventoryLocation","01","Inventory","Location","06C-15","14",,"TransactionDerived"
"PurchaseReceiptLine","InventoryLocation","01","Inventory","Location","06C-150","147",,"TransactionDerived"
"PurchaseReceiptLine","InventoryLocation","01","Inventory","Location","06C-155","35",,"TransactionDerived"
"PurchaseReceiptLine","InventoryLocation","01","Inventory","Location","06C-160","86",,"TransactionDerived"
"PurchaseReceiptLine","InventoryLocation","01","Inventory","Location","06C-170","3",,"TransactionDerived"
"PurchaseReceiptLine","InventoryLocation","01","Inventory","Location","06C-20","4",,"TransactionDerived"
"PurchaseReceiptLine","InventoryLocation","01","Inventory","Location","06C-25","51",,"TransactionDerived"
"PurchaseReceiptLine","InventoryLocation","01","Inventory","Location","06C-30","49",,"TransactionDerived"
"PurchaseReceiptLine","InventoryLocation","01","Inventory","Location","06C-35","36",,"TransactionDerived"
"PurchaseReceiptLine","InventoryLocation","01","Inventory","Location","06C-40","16",,"TransactionDerived"
"PurchaseReceiptLine","InventoryLocation","01","Inventory","Location","06C-45","22",,"TransactionDerived"
"PurchaseReceiptLine","InventoryLocation","01","Inventory","Location","06C-50","18",,"TransactionDerived"
"PurchaseReceiptLine","InventoryLocation","01","Inventory","Location","06C-53","2",,"TransactionDerived"
"PurchaseReceiptLine","InventoryLocation","01","Inventory","Location","06C-54","19",,"TransactionDerived"
"PurchaseReceiptLine","InventoryLocation","01","Inventory","Location","06C-55","50",,"TransactionDerived"
"PurchaseReceiptLine","InventoryLocation","01","Inventory","Location","06C-60","3",,"TransactionDerived"
"PurchaseReceiptLine","InventoryLocation","01","Inventory","Location","06C-70","225",,"TransactionDerived"
"PurchaseReceiptLine","InventoryLocation","01","Inventory","Location","06C-75","49",,"TransactionDerived"
"PurchaseReceiptLine","InventoryLocation","01","Inventory","Location","06C-80","51",,"TransactionDerived"
"PurchaseReceiptLine","InventoryLocation","01","Inventory","Location","06C-85","4",,"TransactionDerived"
"PurchaseReceiptLine","InventoryLocation","01","Inventory","Location","06C-90","125",,"TransactionDerived"
"PurchaseReceiptLine","InventoryLocation","01","Inventory","Location","06C-95","114",,"TransactionDerived"
"PurchaseReceiptLine","InventoryLocation","01","Inventory","Location","07A","2",,"TransactionDerived"
"PurchaseReceiptLine","InventoryLocation","01","Inventory","Location","07A-05","22",,"TransactionDerived"
"PurchaseReceiptLine","InventoryLocation","01","Inventory","Location","07A-10","31",,"TransactionDerived"
"PurchaseReceiptLine","InventoryLocation","01","Inventory","Location","07A-15","18",,"TransactionDerived"
"PurchaseReceiptLine","InventoryLocation","01","Inventory","Location","07A-20","16",,"TransactionDerived"
"PurchaseReceiptLine","InventoryLocation","01","Inventory","Location","07A-25","13",,"TransactionDerived"
"PurchaseReceiptLine","InventoryLocation","01","Inventory","Location","07A-27","37",,"TransactionDerived"
"PurchaseReceiptLine","InventoryLocation","01","Inventory","Location","07A-30","4",,"TransactionDerived"
"PurchaseReceiptLine","InventoryLocation","01","Inventory","Location","07A-35","17",,"TransactionDerived"
"PurchaseReceiptLine","InventoryLocation","01","Inventory","Location","07A-40","32",,"TransactionDerived"
"PurchaseReceiptLine","InventoryLocation","01","Inventory","Location","07A-45","114",,"TransactionDerived"
"PurchaseReceiptLine","InventoryLocation","01","Inventory","Location","07B-07","1",,"TransactionDerived"
"PurchaseReceiptLine","InventoryLocation","01","Inventory","Location","07B-120","4",,"TransactionDerived"
"PurchaseReceiptLine","InventoryLocation","01","Inventory","Location","07B-20","1",,"TransactionDerived"
"PurchaseReceiptLine","InventoryLocation","01","Inventory","Location","07B-200","159",,"TransactionDerived"
"PurchaseReceiptLine","InventoryLocation","01","Inventory","Location","07B-25","1",,"TransactionDerived"
"PurchaseReceiptLine","InventoryLocation","01","Inventory","Location","07B-40","5",,"TransactionDerived"
"PurchaseReceiptLine","InventoryLocation","01","Inventory","Location","07B-45","6",,"TransactionDerived"
"PurchaseReceiptLine","InventoryLocation","01","Inventory","Location","07B-50","5",,"TransactionDerived"
"PurchaseReceiptLine","InventoryLocation","01","Inventory","Location","07B-60","4",,"TransactionDerived"
"PurchaseReceiptLine","InventoryLocation","01","Inventory","Location","07B-65","7",,"TransactionDerived"
"PurchaseReceiptLine","InventoryLocation","01","Inventory","Location","07B-80","21",,"TransactionDerived"
"PurchaseReceiptLine","InventoryLocation","01","Inventory","Location","07B-85","4",,"TransactionDerived"
"PurchaseReceiptLine","InventoryLocation","01","Inventory","Location","07B-95","19",,"TransactionDerived"
"PurchaseReceiptLine","InventoryLocation","01","Inventory","Location","08A-10","23",,"TransactionDerived"
"PurchaseReceiptLine","InventoryLocation","01","Inventory","Location","08A-100","36",,"TransactionDerived"
"PurchaseReceiptLine","InventoryLocation","01","Inventory","Location","08A-105","2",,"TransactionDerived"
"PurchaseReceiptLine","InventoryLocation","01","Inventory","Location","08A-110","3",,"TransactionDerived"
"PurchaseReceiptLine","InventoryLocation","01","Inventory","Location","08A-135","1",,"TransactionDerived"
"PurchaseReceiptLine","InventoryLocation","01","Inventory","Location","08A-190","8",,"TransactionDerived"
"PurchaseReceiptLine","InventoryLocation","01","Inventory","Location","08A-195","18",,"TransactionDerived"
"PurchaseReceiptLine","InventoryLocation","01","Inventory","Location","08A-200","26",,"TransactionDerived"
"PurchaseReceiptLine","InventoryLocation","01","Inventory","Location","08A-205","7",,"TransactionDerived"
"PurchaseReceiptLine","InventoryLocation","01","Inventory","Location","08A-230","9",,"TransactionDerived"
"PurchaseReceiptLine","InventoryLocation","01","Inventory","Location","08A-25","7",,"TransactionDerived"
"PurchaseReceiptLine","InventoryLocation","01","Inventory","Location","08A-270","2",,"TransactionDerived"
"PurchaseReceiptLine","InventoryLocation","01","Inventory","Location","08A-30","6",,"TransactionDerived"
"PurchaseReceiptLine","InventoryLocation","01","Inventory","Location","08A-35","2",,"TransactionDerived"
"PurchaseReceiptLine","InventoryLocation","01","Inventory","Location","08A-40","4",,"TransactionDerived"
"PurchaseReceiptLine","InventoryLocation","01","Inventory","Location","08A-45","5",,"TransactionDerived"
"PurchaseReceiptLine","InventoryLocation","01","Inventory","Location","08A-50","3",,"TransactionDerived"
"PurchaseReceiptLine","InventoryLocation","01","Inventory","Location","08A-60","2",,"TransactionDerived"
"PurchaseReceiptLine","InventoryLocation","01","Inventory","Location","08B-200","4",,"TransactionDerived"
"PurchaseReceiptLine","InventoryLocation","01","Inventory","Location","08B-205","28",,"TransactionDerived"
"PurchaseReceiptLine","InventoryLocation","01","Inventory","Location","08B-210","32",,"TransactionDerived"
"PurchaseReceiptLine","InventoryLocation","01","Inventory","Location","08B-215","25",,"TransactionDerived"
"PurchaseReceiptLine","InventoryLocation","01","Inventory","Location","090103","3",,"TransactionDerived"
"PurchaseReceiptLine","InventoryLocation","01","Inventory","Location","1","6",,"TransactionDerived"
"PurchaseReceiptLine","InventoryLocation","01","Inventory","Location","1000","1",,"TransactionDerived"
"PurchaseReceiptLine","InventoryLocation","01","Inventory","Location","102527","19",,"TransactionDerived"
"PurchaseReceiptLine","InventoryLocation","01","Inventory","Location","102528","17",,"TransactionDerived"
"PurchaseReceiptLine","InventoryLocation","01","Inventory","Location","102529","14",,"TransactionDerived"
"PurchaseReceiptLine","InventoryLocation","01","Inventory","Location","102571","40",,"TransactionDerived"
"PurchaseReceiptLine","InventoryLocation","01","Inventory","Location","102601","21",,"TransactionDerived"
"PurchaseReceiptLine","InventoryLocation","01","Inventory","Location","102603","3",,"TransactionDerived"
"PurchaseReceiptLine","InventoryLocation","01","Inventory","Location","102684","16",,"TransactionDerived"
"PurchaseReceiptLine","InventoryLocation","01","Inventory","Location","102756","1",,"TransactionDerived"
"PurchaseReceiptLine","InventoryLocation","01","Inventory","Location","102762","479",,"TransactionDerived"
"PurchaseReceiptLine","InventoryLocation","01","Inventory","Location","102763","2",,"TransactionDerived"
"PurchaseReceiptLine","InventoryLocation","01","Inventory","Location","102764","2",,"TransactionDerived"
"PurchaseReceiptLine","InventoryLocation","01","Inventory","Location","102806","60",,"TransactionDerived"
"PurchaseReceiptLine","InventoryLocation","01","Inventory","Location","102820","2",,"TransactionDerived"
"PurchaseReceiptLine","InventoryLocation","01","Inventory","Location","102823","3",,"TransactionDerived"
"PurchaseReceiptLine","InventoryLocation","01","Inventory","Location","102824","6",,"TransactionDerived"
"PurchaseReceiptLine","InventoryLocation","01","Inventory","Location","102825","5",,"TransactionDerived"
"PurchaseReceiptLine","InventoryLocation","01","Inventory","Location","102826","8",,"TransactionDerived"
"PurchaseReceiptLine","InventoryLocation","01","Inventory","Location","102880","5",,"TransactionDerived"
"PurchaseReceiptLine","InventoryLocation","01","Inventory","Location","102891","5",,"TransactionDerived"
"PurchaseReceiptLine","InventoryLocation","01","Inventory","Location","102902","22",,"TransactionDerived"
"PurchaseReceiptLine","InventoryLocation","01","Inventory","Location","102973","2",,"TransactionDerived"
"PurchaseReceiptLine","InventoryLocation","01","Inventory","Location","103045","2",,"TransactionDerived"
"PurchaseReceiptLine","InventoryLocation","01","Inventory","Location","104596","1",,"TransactionDerived"
"PurchaseReceiptLine","InventoryLocation","01","Inventory","Location","104614","1",,"TransactionDerived"
"PurchaseReceiptLine","InventoryLocation","01","Inventory","Location","104722","2",,"TransactionDerived"
"PurchaseReceiptLine","InventoryLocation","01","Inventory","Location","106671","3",,"TransactionDerived"
"PurchaseReceiptLine","InventoryLocation","01","Inventory","Location","106672","1",,"TransactionDerived"
"PurchaseReceiptLine","InventoryLocation","01","Inventory","Location","106673","2",,"TransactionDerived"
"PurchaseReceiptLine","InventoryLocation","01","Inventory","Location","106674","2",,"TransactionDerived"
"PurchaseReceiptLine","InventoryLocation","01","Inventory","Location","106675","2",,"TransactionDerived"
"PurchaseReceiptLine","InventoryLocation","01","Inventory","Location","107652","7",,"TransactionDerived"
"PurchaseReceiptLine","InventoryLocation","01","Inventory","Location","107653","10",,"TransactionDerived"
"PurchaseReceiptLine","InventoryLocation","01","Inventory","Location","107654","10",,"TransactionDerived"
"PurchaseReceiptLine","InventoryLocation","01","Inventory","Location","107655","3",,"TransactionDerived"
"PurchaseReceiptLine","InventoryLocation","01","Inventory","Location","107656","1",,"TransactionDerived"
"PurchaseReceiptLine","InventoryLocation","01","Inventory","Location","107657","1",,"TransactionDerived"
"PurchaseReceiptLine","InventoryLocation","01","Inventory","Location","107658","5",,"TransactionDerived"
"PurchaseReceiptLine","InventoryLocation","01","Inventory","Location","107659","15",,"TransactionDerived"
"PurchaseReceiptLine","InventoryLocation","01","Inventory","Location","107660","18",,"TransactionDerived"
"PurchaseReceiptLine","InventoryLocation","01","Inventory","Location","107662","1",,"TransactionDerived"
"PurchaseReceiptLine","InventoryLocation","01","Inventory","Location","107663","1",,"TransactionDerived"
"PurchaseReceiptLine","InventoryLocation","01","Inventory","Location","107664","12",,"TransactionDerived"
"PurchaseReceiptLine","InventoryLocation","01","Inventory","Location","107665","13",,"TransactionDerived"
"PurchaseReceiptLine","InventoryLocation","01","Inventory","Location","107666","2",,"TransactionDerived"
"PurchaseReceiptLine","InventoryLocation","01","Inventory","Location","107667","6",,"TransactionDerived"
"PurchaseReceiptLine","InventoryLocation","01","Inventory","Location","107668","10",,"TransactionDerived"
"PurchaseReceiptLine","InventoryLocation","01","Inventory","Location","108655","2",,"TransactionDerived"
"PurchaseReceiptLine","InventoryLocation","01","Inventory","Location","108699","1",,"TransactionDerived"
"PurchaseReceiptLine","InventoryLocation","01","Inventory","Location","108701","1",,"TransactionDerived"
"PurchaseReceiptLine","InventoryLocation","01","Inventory","Location","108702","3",,"TransactionDerived"
"PurchaseReceiptLine","InventoryLocation","01","Inventory","Location","108703","10",,"TransactionDerived"
"PurchaseReceiptLine","InventoryLocation","01","Inventory","Location","108704","1",,"TransactionDerived"
"PurchaseReceiptLine","InventoryLocation","01","Inventory","Location","108724","2",,"TransactionDerived"
"PurchaseReceiptLine","InventoryLocation","01","Inventory","Location","108729","1",,"TransactionDerived"
"PurchaseReceiptLine","InventoryLocation","01","Inventory","Location","108742","12",,"TransactionDerived"
"PurchaseReceiptLine","InventoryLocation","01","Inventory","Location","108743","29",,"TransactionDerived"
"PurchaseReceiptLine","InventoryLocation","01","Inventory","Location","108744","1",,"TransactionDerived"
"PurchaseReceiptLine","InventoryLocation","01","Inventory","Location","108751","65",,"TransactionDerived"
"PurchaseReceiptLine","InventoryLocation","01","Inventory","Location","108752","3",,"TransactionDerived"
"PurchaseReceiptLine","InventoryLocation","01","Inventory","Location","108754","5",,"TransactionDerived"
"PurchaseReceiptLine","InventoryLocation","01","Inventory","Location","108759","130",,"TransactionDerived"
"PurchaseReceiptLine","InventoryLocation","01","Inventory","Location","108760","1",,"TransactionDerived"
"PurchaseReceiptLine","InventoryLocation","01","Inventory","Location","130","1",,"TransactionDerived"
"PurchaseReceiptLine","InventoryLocation","01","Inventory","Location","15A-100","2",,"TransactionDerived"
"PurchaseReceiptLine","InventoryLocation","01","Inventory","Location","15A-104","1",,"TransactionDerived"
"PurchaseReceiptLine","InventoryLocation","01","Inventory","Location","15A-130","4",,"TransactionDerived"
"PurchaseReceiptLine","InventoryLocation","01","Inventory","Location","15A-150","1",,"TransactionDerived"
"PurchaseReceiptLine","InventoryLocation","01","Inventory","Location","15A-165","3",,"TransactionDerived"
"PurchaseReceiptLine","InventoryLocation","01","Inventory","Location","15A-170","4",,"TransactionDerived"
"PurchaseReceiptLine","InventoryLocation","01","Inventory","Location","15A-190","1",,"TransactionDerived"
"PurchaseReceiptLine","InventoryLocation","01","Inventory","Location","15A-249","2",,"TransactionDerived"
"PurchaseReceiptLine","InventoryLocation","01","Inventory","Location","15A-250","2",,"TransactionDerived"
"PurchaseReceiptLine","InventoryLocation","01","Inventory","Location","15A-400","3",,"TransactionDerived"
"PurchaseReceiptLine","InventoryLocation","01","Inventory","Location","15A-405","10",,"TransactionDerived"
"PurchaseReceiptLine","InventoryLocation","01","Inventory","Location","15A-408","10",,"TransactionDerived"
"PurchaseReceiptLine","InventoryLocation","01","Inventory","Location","15A-415","14",,"TransactionDerived"
"PurchaseReceiptLine","InventoryLocation","01","Inventory","Location","15A-431","2",,"TransactionDerived"
"PurchaseReceiptLine","InventoryLocation","01","Inventory","Location","15A-435","9",,"TransactionDerived"
"PurchaseReceiptLine","InventoryLocation","01","Inventory","Location","15A-450","13",,"TransactionDerived"
"PurchaseReceiptLine","InventoryLocation","01","Inventory","Location","15A-455","15",,"TransactionDerived"
"PurchaseReceiptLine","InventoryLocation","01","Inventory","Location","15A-460","2",,"TransactionDerived"
"PurchaseReceiptLine","InventoryLocation","01","Inventory","Location","15A-461","3",,"TransactionDerived"
"PurchaseReceiptLine","InventoryLocation","01","Inventory","Location","15A-463","3",,"TransactionDerived"
"PurchaseReceiptLine","InventoryLocation","01","Inventory","Location","15A-475","1",,"TransactionDerived"
"PurchaseReceiptLine","InventoryLocation","01","Inventory","Location","15A-480","4",,"TransactionDerived"
"PurchaseReceiptLine","InventoryLocation","01","Inventory","Location","15A-500","18",,"TransactionDerived"
"PurchaseReceiptLine","InventoryLocation","01","Inventory","Location","15A-510","6",,"TransactionDerived"
"PurchaseReceiptLine","InventoryLocation","01","Inventory","Location","15A-515","2",,"TransactionDerived"
"PurchaseReceiptLine","InventoryLocation","01","Inventory","Location","15A-540","1",,"TransactionDerived"
"PurchaseReceiptLine","InventoryLocation","01","Inventory","Location","15A-550","14",,"TransactionDerived"
"PurchaseReceiptLine","InventoryLocation","01","Inventory","Location","15A-560","24",,"TransactionDerived"
"PurchaseReceiptLine","InventoryLocation","01","Inventory","Location","15A-563","7",,"TransactionDerived"
"PurchaseReceiptLine","InventoryLocation","01","Inventory","Location","15A-580","29",,"TransactionDerived"
"PurchaseReceiptLine","InventoryLocation","01","Inventory","Location","15A-585","3",,"TransactionDerived"
"PurchaseReceiptLine","InventoryLocation","01","Inventory","Location","15A-600","3",,"TransactionDerived"
"PurchaseReceiptLine","InventoryLocation","01","Inventory","Location","15A-605 A","6",,"TransactionDerived"
"PurchaseReceiptLine","InventoryLocation","01","Inventory","Location","15A-606","8",,"TransactionDerived"
"PurchaseReceiptLine","InventoryLocation","01","Inventory","Location","15A-610","3",,"TransactionDerived"
"PurchaseReceiptLine","InventoryLocation","01","Inventory","Location","15A-612","2",,"TransactionDerived"
"PurchaseReceiptLine","InventoryLocation","01","Inventory","Location","15A-619","1",,"TransactionDerived"
"PurchaseReceiptLine","InventoryLocation","01","Inventory","Location","15A-621","12",,"TransactionDerived"
"PurchaseReceiptLine","InventoryLocation","01","Inventory","Location","15A-623","2",,"TransactionDerived"
"PurchaseReceiptLine","InventoryLocation","01","Inventory","Location","15A-625","7",,"TransactionDerived"
"PurchaseReceiptLine","InventoryLocation","01","Inventory","Location","15A-630","8",,"TransactionDerived"
"PurchaseReceiptLine","InventoryLocation","01","Inventory","Location","15A-645","1",,"TransactionDerived"
"PurchaseReceiptLine","InventoryLocation","01","Inventory","Location","15A-690","7",,"TransactionDerived"
"PurchaseReceiptLine","InventoryLocation","01","Inventory","Location","15A-700","3",,"TransactionDerived"
"PurchaseReceiptLine","InventoryLocation","01","Inventory","Location","15A-715","1",,"TransactionDerived"
"PurchaseReceiptLine","InventoryLocation","01","Inventory","Location","15A-716","2",,"TransactionDerived"
"PurchaseReceiptLine","InventoryLocation","01","Inventory","Location","15A-717","2",,"TransactionDerived"
"PurchaseReceiptLine","InventoryLocation","01","Inventory","Location","15A-719","19",,"TransactionDerived"
"PurchaseReceiptLine","InventoryLocation","01","Inventory","Location","15A-720","5",,"TransactionDerived"
"PurchaseReceiptLine","InventoryLocation","01","Inventory","Location","15A-721","6",,"TransactionDerived"
"PurchaseReceiptLine","InventoryLocation","01","Inventory","Location","15A-722","10",,"TransactionDerived"
"PurchaseReceiptLine","InventoryLocation","01","Inventory","Location","15A-726","3",,"TransactionDerived"
"PurchaseReceiptLine","InventoryLocation","01","Inventory","Location","15A-741","2",,"TransactionDerived"
"PurchaseReceiptLine","InventoryLocation","01","Inventory","Location","15A-753","2",,"TransactionDerived"
"PurchaseReceiptLine","InventoryLocation","01","Inventory","Location","15A-759","3",,"TransactionDerived"
"PurchaseReceiptLine","InventoryLocation","01","Inventory","Location","15A-766","11",,"TransactionDerived"
"PurchaseReceiptLine","InventoryLocation","01","Inventory","Location","15A-768","1",,"TransactionDerived"
"PurchaseReceiptLine","InventoryLocation","01","Inventory","Location","15A-769","5",,"TransactionDerived"
"PurchaseReceiptLine","InventoryLocation","01","Inventory","Location","15A-770","4",,"TransactionDerived"
"PurchaseReceiptLine","InventoryLocation","01","Inventory","Location","15A-773","2",,"TransactionDerived"
"PurchaseReceiptLine","InventoryLocation","01","Inventory","Location","15A-775","3",,"TransactionDerived"
"PurchaseReceiptLine","InventoryLocation","01","Inventory","Location","15A-825","1",,"TransactionDerived"
"PurchaseReceiptLine","InventoryLocation","01","Inventory","Location","15B-50","17",,"TransactionDerived"
"PurchaseReceiptLine","InventoryLocation","01","Inventory","Location","15B-60","1",,"TransactionDerived"
"PurchaseReceiptLine","InventoryLocation","01","Inventory","Location","15B-65","1",,"TransactionDerived"
"PurchaseReceiptLine","InventoryLocation","01","Inventory","Location","15B-70","1",,"TransactionDerived"
"PurchaseReceiptLine","InventoryLocation","01","Inventory","Location","15B-75","2",,"TransactionDerived"
"PurchaseReceiptLine","InventoryLocation","01","Inventory","Location","15B-80","4",,"TransactionDerived"
"PurchaseReceiptLine","InventoryLocation","01","Inventory","Location","15B-85","1",,"TransactionDerived"
"PurchaseReceiptLine","InventoryLocation","01","Inventory","Location","15B-90","2",,"TransactionDerived"
"PurchaseReceiptLine","InventoryLocation","01","Inventory","Location","15C-100","1",,"TransactionDerived"
"PurchaseReceiptLine","InventoryLocation","01","Inventory","Location","15C-107","4",,"TransactionDerived"
"PurchaseReceiptLine","InventoryLocation","01","Inventory","Location","15C-110","4",,"TransactionDerived"
"PurchaseReceiptLine","InventoryLocation","01","Inventory","Location","15C-113","1",,"TransactionDerived"
"PurchaseReceiptLine","InventoryLocation","01","Inventory","Location","15C-114 A","1",,"TransactionDerived"
"PurchaseReceiptLine","InventoryLocation","01","Inventory","Location","15C-114C","3",,"TransactionDerived"
"PurchaseReceiptLine","InventoryLocation","01","Inventory","Location","15C-115","1",,"TransactionDerived"
"PurchaseReceiptLine","InventoryLocation","01","Inventory","Location","15C-120","3",,"TransactionDerived"
"PurchaseReceiptLine","InventoryLocation","01","Inventory","Location","15C-125","6",,"TransactionDerived"
"PurchaseReceiptLine","InventoryLocation","01","Inventory","Location","15C-126","34",,"TransactionDerived"
"PurchaseReceiptLine","InventoryLocation","01","Inventory","Location","15C-130","1",,"TransactionDerived"
"PurchaseReceiptLine","InventoryLocation","01","Inventory","Location","15C-135","5",,"TransactionDerived"
"PurchaseReceiptLine","InventoryLocation","01","Inventory","Location","15C-136","1",,"TransactionDerived"
"PurchaseReceiptLine","InventoryLocation","01","Inventory","Location","15C-138","7",,"TransactionDerived"
"PurchaseReceiptLine","InventoryLocation","01","Inventory","Location","15C-140","3",,"TransactionDerived"
"PurchaseReceiptLine","InventoryLocation","01","Inventory","Location","15C-210","3",,"TransactionDerived"
"PurchaseReceiptLine","InventoryLocation","01","Inventory","Location","15C-25","10",,"TransactionDerived"
"PurchaseReceiptLine","InventoryLocation","01","Inventory","Location","15C-310","1",,"TransactionDerived"
"PurchaseReceiptLine","InventoryLocation","01","Inventory","Location","15C-315","2",,"TransactionDerived"
"PurchaseReceiptLine","InventoryLocation","01","Inventory","Location","15C-320","5",,"TransactionDerived"
"PurchaseReceiptLine","InventoryLocation","01","Inventory","Location","15C-325","18",,"TransactionDerived"
"PurchaseReceiptLine","InventoryLocation","01","Inventory","Location","15C-400","8",,"TransactionDerived"
"PurchaseReceiptLine","InventoryLocation","01","Inventory","Location","15C-50","1",,"TransactionDerived"
"PurchaseReceiptLine","InventoryLocation","01","Inventory","Location","15C-56","4",,"TransactionDerived"
"PurchaseReceiptLine","InventoryLocation","01","Inventory","Location","15C-66","1",,"TransactionDerived"
"PurchaseReceiptLine","InventoryLocation","01","Inventory","Location","3","6",,"TransactionDerived"
"PurchaseReceiptLine","InventoryLocation","01","Inventory","Location","31.55","2",,"TransactionDerived"
"PurchaseReceiptLine","InventoryLocation","01","Inventory","Location","4A-2","1",,"TransactionDerived"
"PurchaseReceiptLine","InventoryLocation","01","Inventory","Location","5","2",,"TransactionDerived"
"PurchaseReceiptLine","InventoryLocation","01","Inventory","Location","8A-235","2",,"TransactionDerived"
"PurchaseReceiptLine","InventoryLocation","01","Inventory","Location","8A-245","15",,"TransactionDerived"
"PurchaseReceiptLine","InventoryLocation","01","Inventory","Location","8A-255","8",,"TransactionDerived"
"PurchaseReceiptLine","InventoryLocation","01","Inventory","Location","8A-260","20",,"TransactionDerived"
"PurchaseReceiptLine","InventoryLocation","01","Inventory","Location","8A-265","3",,"TransactionDerived"
"PurchaseReceiptLine","InventoryLocation","01","Inventory","Location","8A-270","1",,"TransactionDerived"
"PurchaseReceiptLine","InventoryLocation","01","Inventory","Location","8A-275","1",,"TransactionDerived"
"PurchaseReceiptLine","InventoryLocation","01","Inventory","Location","8A-280","13",,"TransactionDerived"
"PurchaseReceiptLine","InventoryLocation","01","Inventory","Location","8A-285","6",,"TransactionDerived"
"PurchaseReceiptLine","InventoryLocation","01","Inventory","Location","8A-295","9",,"TransactionDerived"
"PurchaseReceiptLine","InventoryLocation","01","Inventory","Location","8A-300","2",,"TransactionDerived"
"PurchaseReceiptLine","InventoryLocation","01","Inventory","Location","8A-305","8",,"TransactionDerived"
"PurchaseReceiptLine","InventoryLocation","01","Inventory","Location","8A-310","15",,"TransactionDerived"
"PurchaseReceiptLine","InventoryLocation","01","Inventory","Location","9","5",,"TransactionDerived"
"PurchaseReceiptLine","InventoryLocation","01","Inventory","Location","9C","3",,"TransactionDerived"
"PurchaseReceiptLine","InventoryLocation","01","Inventory","Location","MK","221",,"TransactionDerived"
"PurchaseReceiptLine","InventoryLocation","01","Inventory","Location","Stock","176034",,"TransactionDerived"
"PurchaseReceiptLine","InventoryLocation","01","Inventory","Location","Y","2",,"TransactionDerived"
"InventoryItem","ProductType","01","Inventory","ProductType",".","2",,"SourceMaster"
"InventoryItem","ProductType","01","Inventory","ProductType","[CB","3",,"SourceMaster"
"InventoryItem","ProductType","01","Inventory","ProductType","00","1",,"SourceMaster"
"InventoryItem","ProductType","01","Inventory","ProductType","01","2",,"SourceMaster"
"InventoryItem","ProductType","01","Inventory","ProductType","02","1",,"SourceMaster"
"InventoryItem","ProductType","01","Inventory","ProductType","1","1",,"SourceMaster"
"InventoryItem","ProductType","01","Inventory","ProductType","39","2",,"SourceMaster"
"InventoryItem","ProductType","01","Inventory","ProductType","6","1",,"SourceMaster"
"InventoryItem","ProductType","01","Inventory","ProductType","87","2",,"SourceMaster"
"InventoryItem","ProductType","01","Inventory","ProductType","ADP","1",,"SourceMaster"
"InventoryItem","ProductType","01","Inventory","ProductType","ASY","25",,"SourceMaster"
"InventoryItem","ProductType","01","Inventory","ProductType","AWG","1",,"SourceMaster"
"InventoryItem","ProductType","01","Inventory","ProductType","B","1",,"SourceMaster"
"InventoryItem","ProductType","01","Inventory","ProductType","BBL","1",,"SourceMaster"
"InventoryItem","ProductType","01","Inventory","ProductType","BD","10",,"SourceMaster"
"InventoryItem","ProductType","01","Inventory","ProductType","BOX","13",,"SourceMaster"
"InventoryItem","ProductType","01","Inventory","ProductType","BRD","31",,"SourceMaster"
"InventoryItem","ProductType","01","Inventory","ProductType","BRK","1",,"SourceMaster"
"InventoryItem","ProductType","01","Inventory","ProductType","C","1",,"SourceMaster"
"InventoryItem","ProductType","01","Inventory","ProductType","CAB","7",,"SourceMaster"
"InventoryItem","ProductType","01","Inventory","ProductType","CAP","414",,"SourceMaster"
"InventoryItem","ProductType","01","Inventory","ProductType","CBA","345",,"SourceMaster"
"InventoryItem","ProductType","01","Inventory","ProductType","CBL","1663",,"SourceMaster"
"InventoryItem","ProductType","01","Inventory","ProductType","CBN","1",,"SourceMaster"
"InventoryItem","ProductType","01","Inventory","ProductType","CHA","22",,"SourceMaster"
"InventoryItem","ProductType","01","Inventory","ProductType","CHE","7",,"SourceMaster"
"InventoryItem","ProductType","01","Inventory","ProductType","CHM","3",,"SourceMaster"
"InventoryItem","ProductType","01","Inventory","ProductType","CHS","2",,"SourceMaster"
"InventoryItem","ProductType","01","Inventory","ProductType","CLB","1",,"SourceMaster"
"InventoryItem","ProductType","01","Inventory","ProductType","CM","2",,"SourceMaster"
"InventoryItem","ProductType","01","Inventory","ProductType","CNN","175",,"SourceMaster"
"InventoryItem","ProductType","01","Inventory","ProductType","COM","2",,"SourceMaster"
"InventoryItem","ProductType","01","Inventory","ProductType","CON","213",,"SourceMaster"
"InventoryItem","ProductType","01","Inventory","ProductType","CPM","1",,"SourceMaster"
"InventoryItem","ProductType","01","Inventory","ProductType","CPN","1706",,"SourceMaster"
"InventoryItem","ProductType","01","Inventory","ProductType","CRY","3",,"SourceMaster"
"InventoryItem","ProductType","01","Inventory","ProductType","CTC","2",,"SourceMaster"
"InventoryItem","ProductType","01","Inventory","ProductType","CW","1",,"SourceMaster"
"InventoryItem","ProductType","01","Inventory","ProductType","D","1",,"SourceMaster"
"InventoryItem","ProductType","01","Inventory","ProductType","DB","1",,"SourceMaster"
"InventoryItem","ProductType","01","Inventory","ProductType","DIO","95",,"SourceMaster"
"InventoryItem","ProductType","01","Inventory","ProductType","E","1",,"SourceMaster"
"InventoryItem","ProductType","01","Inventory","ProductType","EA","6",,"SourceMaster"
"InventoryItem","ProductType","01","Inventory","ProductType","ELM","50",,"SourceMaster"
"InventoryItem","ProductType","01","Inventory","ProductType","EM","401",,"SourceMaster"
"InventoryItem","ProductType","01","Inventory","ProductType","EM\","1",,"SourceMaster"
"InventoryItem","ProductType","01","Inventory","ProductType","EMA","37",,"SourceMaster"
"InventoryItem","ProductType","01","Inventory","ProductType","EMC","3",,"SourceMaster"
"InventoryItem","ProductType","01","Inventory","ProductType","END","3",,"SourceMaster"
"InventoryItem","ProductType","01","Inventory","ProductType","EQP","7",,"SourceMaster"
"InventoryItem","ProductType","01","Inventory","ProductType","FER","2",,"SourceMaster"
"InventoryItem","ProductType","01","Inventory","ProductType","FIX","2",,"SourceMaster"
"InventoryItem","ProductType","01","Inventory","ProductType","FLX","5",,"SourceMaster"
"InventoryItem","ProductType","01","Inventory","ProductType","FT","3",,"SourceMaster"
"InventoryItem","ProductType","01","Inventory","ProductType","GLV","1",,"SourceMaster"
"InventoryItem","ProductType","01","Inventory","ProductType","HNS","6",,"SourceMaster"
"InventoryItem","ProductType","01","Inventory","ProductType","HOS","5",,"SourceMaster"
"InventoryItem","ProductType","01","Inventory","ProductType","HRN","351",,"SourceMaster"
"InventoryItem","ProductType","01","Inventory","ProductType","HRS","1",,"SourceMaster"
"InventoryItem","ProductType","01","Inventory","ProductType","HRW","423",,"SourceMaster"
"InventoryItem","ProductType","01","Inventory","ProductType","HSK","12",,"SourceMaster"
"InventoryItem","ProductType","01","Inventory","ProductType","HWR","12",,"SourceMaster"
"InventoryItem","ProductType","01","Inventory","ProductType","IC","61",,"SourceMaster"
"InventoryItem","ProductType","01","Inventory","ProductType","ICS","130",,"SourceMaster"
"InventoryItem","ProductType","01","Inventory","ProductType","IM","2",,"SourceMaster"
"InventoryItem","ProductType","01","Inventory","ProductType","IND","30",,"SourceMaster"
"InventoryItem","ProductType","01","Inventory","ProductType","INS","2",,"SourceMaster"
"InventoryItem","ProductType","01","Inventory","ProductType","JB","1",,"SourceMaster"
"InventoryItem","ProductType","01","Inventory","ProductType","LBL","8",,"SourceMaster"
"InventoryItem","ProductType","01","Inventory","ProductType","LBR","8",,"SourceMaster"
"InventoryItem","ProductType","01","Inventory","ProductType","LED","13",,"SourceMaster"
"InventoryItem","ProductType","01","Inventory","ProductType","LIQ","2",,"SourceMaster"
"InventoryItem","ProductType","01","Inventory","ProductType","LUG","2",,"SourceMaster"
"InventoryItem","ProductType","01","Inventory","ProductType","MIL","60",,"SourceMaster"
"InventoryItem","ProductType","01","Inventory","ProductType","MOD","1",,"SourceMaster"
"InventoryItem","ProductType","01","Inventory","ProductType","MSC","2",,"SourceMaster"
"InventoryItem","ProductType","01","Inventory","ProductType","MTL","5",,"SourceMaster"
"InventoryItem","ProductType","01","Inventory","ProductType","MTR","1",,"SourceMaster"
"InventoryItem","ProductType","01","Inventory","ProductType","MTW","11",,"SourceMaster"
"InventoryItem","ProductType","01","Inventory","ProductType","N","25",,"SourceMaster"
"InventoryItem","ProductType","01","Inventory","ProductType","PAP","1",,"SourceMaster"
"InventoryItem","ProductType","01","Inventory","ProductType","PB","1",,"SourceMaster"
"InventoryItem","ProductType","01","Inventory","ProductType","PC","1",,"SourceMaster"
"InventoryItem","ProductType","01","Inventory","ProductType","PCA","184",,"SourceMaster"
"InventoryItem","ProductType","01","Inventory","ProductType","PCB","2898",,"SourceMaster"
"InventoryItem","ProductType","01","Inventory","ProductType","PCV","1",,"SourceMaster"
"InventoryItem","ProductType","01","Inventory","ProductType","PIN","45",,"SourceMaster"
"InventoryItem","ProductType","01","Inventory","ProductType","PN","1",,"SourceMaster"
"InventoryItem","ProductType","01","Inventory","ProductType","PNL","4",,"SourceMaster"
"InventoryItem","ProductType","01","Inventory","ProductType","POT","5",,"SourceMaster"
"InventoryItem","ProductType","01","Inventory","ProductType","PPR","6",,"SourceMaster"
"InventoryItem","ProductType","01","Inventory","ProductType","PWA","13",,"SourceMaster"
"InventoryItem","ProductType","01","Inventory","ProductType","PWB","26",,"SourceMaster"
"InventoryItem","ProductType","01","Inventory","ProductType","REL","2",,"SourceMaster"
"InventoryItem","ProductType","01","Inventory","ProductType","REP","2",,"SourceMaster"
"InventoryItem","ProductType","01","Inventory","ProductType","RES","859",,"SourceMaster"
"InventoryItem","ProductType","01","Inventory","ProductType","RET","1",,"SourceMaster"
"InventoryItem","ProductType","01","Inventory","ProductType","RTL","1",,"SourceMaster"
"InventoryItem","ProductType","01","Inventory","ProductType","SCK","5",,"SourceMaster"
"InventoryItem","ProductType","01","Inventory","ProductType","SDR","2",,"SourceMaster"
"InventoryItem","ProductType","01","Inventory","ProductType","SHK","1",,"SourceMaster"
"InventoryItem","ProductType","01","Inventory","ProductType","SLV","15",,"SourceMaster"
"InventoryItem","ProductType","01","Inventory","ProductType","SOL","20",,"SourceMaster"
"InventoryItem","ProductType","01","Inventory","ProductType","SPK","1",,"SourceMaster"
"InventoryItem","ProductType","01","Inventory","ProductType","SUP","6",,"SourceMaster"
"InventoryItem","ProductType","01","Inventory","ProductType","SW","3",,"SourceMaster"
"InventoryItem","ProductType","01","Inventory","ProductType","SWT","15",,"SourceMaster"
"InventoryItem","ProductType","01","Inventory","ProductType","TAP","2",,"SourceMaster"
"InventoryItem","ProductType","01","Inventory","ProductType","TER","73",,"SourceMaster"
"InventoryItem","ProductType","01","Inventory","ProductType","TIE","6",,"SourceMaster"
"InventoryItem","ProductType","01","Inventory","ProductType","TIN","1",,"SourceMaster"
"InventoryItem","ProductType","01","Inventory","ProductType","TIP","2",,"SourceMaster"
"InventoryItem","ProductType","01","Inventory","ProductType","TL","1",,"SourceMaster"
"InventoryItem","ProductType","01","Inventory","ProductType","TOO","9",,"SourceMaster"
"InventoryItem","ProductType","01","Inventory","ProductType","TRA","1",,"SourceMaster"
"InventoryItem","ProductType","01","Inventory","ProductType","TRN","4",,"SourceMaster"
"InventoryItem","ProductType","01","Inventory","ProductType","TS","1",,"SourceMaster"
"InventoryItem","ProductType","01","Inventory","ProductType","TUB","8",,"SourceMaster"
"InventoryItem","ProductType","01","Inventory","ProductType","UNI","1",,"SourceMaster"
"InventoryItem","ProductType","01","Inventory","ProductType","VAR","3",,"SourceMaster"
"InventoryItem","ProductType","01","Inventory","ProductType","VCR","14",,"SourceMaster"
"InventoryItem","ProductType","01","Inventory","ProductType","WIP","1",,"SourceMaster"
"InventoryItem","ProductType","01","Inventory","ProductType","WIR","471",,"SourceMaster"
"InventoryItem","ProductType","01","Inventory","ProductType","WRA","1",,"SourceMaster"
"InventoryItem","ProductType","01","Inventory","ProductType","WRE","38",,"SourceMaster"
"InventoryItem","ProductType","01","Inventory","ProductType","XST","4",,"SourceMaster"
"InventoryItem","ProductType","01","Inventory","ProductType","Y","2",,"SourceMaster"
"WorkOrder","WorkOrderType","01","Production","WorkOrderType","N","1770",,"SourceMaster"
"WorkOrder","WorkOrderType","01","Production","WorkOrderType","S","10343",,"SourceMaster"
"WorkOrder","WorkOrderStatus","01","Production","WorkOrderStatus","C","8747",,"CanonicalEnum"
"WorkOrder","WorkOrderStatus","01","Production","WorkOrderStatus","O","3329",,"CanonicalEnum"
"WorkOrder","WorkOrderStatus","01","Production","WorkOrderStatus","P","33",,"CanonicalEnum"
"WorkOrder","WorkOrderStatus","01","Production","WorkOrderStatus","Q","4",,"CanonicalEnum"
"GeneralLedgerAccount","GeneralLedgerAccountType","01","Accounting","AccountType","A","51",,"CanonicalEnum"
"GeneralLedgerAccount","GeneralLedgerAccountType","01","Accounting","AccountType","C","7",,"CanonicalEnum"
"GeneralLedgerAccount","GeneralLedgerAccountType","01","Accounting","AccountType","E","120",,"CanonicalEnum"
"GeneralLedgerAccount","GeneralLedgerAccountType","01","Accounting","AccountType","I","12",,"CanonicalEnum"
"GeneralLedgerAccount","GeneralLedgerAccountType","01","Accounting","AccountType","L","67",,"CanonicalEnum"
"PurchaseOrder","PurchaseOrderStatus","01","Purchasing","PurchaseOrderStatus","ActiveOpenFile","518",,"CanonicalEnum"
"PurchaseOrderLine","LineStatus","01","Purchasing","PurchaseOrderLineStatus","FullyReceivedPendingClose","249",,"CanonicalEnum"
"PurchaseOrderLine","LineStatus","01","Purchasing","PurchaseOrderLineStatus","Open","1130",,"CanonicalEnum"
"PurchaseOrderLine","LineStatus","01","Purchasing","PurchaseOrderLineStatus","OverReceivedOrReturn","5",,"CanonicalEnum"
"PurchaseReceipt","ReceiptType","01","Receiving","ReceiptType","PostedPurchaseReceipt","39564",,"CanonicalEnum"
"PurchaseReceipt","ReceiptStatus","01","Receiving","ReceiptStatus","Posted","39564",,"CanonicalEnum"
"PurchaseReceiptLine","InspectionStatus","01","Quality","InspectionStatus","UnavailableFromRetainedReceiptHistory","189272",,"CanonicalEnum"
"PurchaseReceiptLine","QuantityDispositionStatus","01","Receiving","QuantityDispositionStatus","NegativeReceiptOrReversal","16",,"CanonicalEnum"
"PurchaseReceiptLine","QuantityDispositionStatus","01","Receiving","QuantityDispositionStatus","PostedReceipt","109087",,"CanonicalEnum"
"PurchaseReceiptLine","QuantityDispositionStatus","01","Receiving","QuantityDispositionStatus","ZeroPostedQuantity","80169",,"CanonicalEnum"
