"FirmId","PurchaseOrderNumber","VendorNumber","VendorName","WarehouseId","PurchasingAddressCode","OrderDateRaw","OrderDateIso","PromisedDateRaw","PromisedDateIso","NotBeforeDateRaw","NotBeforeDateIso","RequiredDateRaw","RequiredDateIso","LastReceiptDateRaw","LastReceiptDateIso","HoldFlag","PrintStatus","PaymentTermsCode","FreightTerms","ShippingMethod","Acknowledgment","Fob","MessageCode","RequisitionNumber","PurchaseOrderStatus","IsOpen","IsClosed","IsCanceled","VendorResolutionStatus","SourceRecordIdentity"
"01","0044118","000031","ELLSWORTH ADHESIVES","38","","C21208","2022-12-08","","","","","C21212","2022-12-12","C31221","2023-12-21","","","01","","FED-EX","CUSTOMER CARE","","","","ActiveOpenFile","true","false","false","Resolved","303130303030333130303434313138"
"01","0044336","000031","ELLSWORTH ADHESIVES","14","","C30328","2023-03-28","","","","","C30403","2023-04-03","","","","","01","","UPS","","","","","ActiveOpenFile","true","false","false","Resolved","303130303030333130303434333336"
"01","0038651","000032","STELLAR TECHNICAL PRODUCTS","01","","B60324","2016-03-24","","","","","B60329","2016-03-29","B60329","2016-03-29","","","01","","","DEB","","","","ActiveOpenFile","true","false","false","Resolved","303130303030333230303338363531"
"01","0041023","000032","STELLAR TECHNICAL PRODUCTS","01","","B90613","2019-06-13","","","","","B90613","2019-06-13","","","","","01","","","","","","","ActiveOpenFile","true","false","false","Resolved","303130303030333230303431303233"
"01","0042222","000032","STELLAR TECHNICAL PRODUCTS","01","","C00413","2020-04-13","","","","","C00824","2020-08-24","C00504","2020-05-04","","","01","","","","","","","ActiveOpenFile","true","false","false","Resolved","303130303030333230303432323232"
"01","0042363","000032","STELLAR TECHNICAL PRODUCTS","01","","C00727","2020-07-27","","","","","C00727","2020-07-27","","","","","01","","","","","","","ActiveOpenFile","true","false","false","Resolved","303130303030333230303432333633"
"01","0043754","000032","STELLAR TECHNICAL PRODUCTS","01","","C20516","2022-05-16","","","","","C20517","2022-05-17","C20517","2022-05-17","","","CC","","","","","","","ActiveOpenFile","true","false","false","Resolved","303130303030333230303433373534"
"01","0026699","000034","WALKER COMPONENT GROUP","12","","B31119","2013-11-19","","","","","B31123","2013-11-23","B31203","2013-12-03","","","01","","UPS","TOM","","","","ActiveOpenFile","true","false","false","Resolved","303130303030333430303236363939"
"01","0028579","000049","PHOTO FABRICATORS","A3","","B60226","2016-02-26","","","","","B60315","2016-03-15","","","","","01","","UPS","","","","","ActiveOpenFile","true","false","false","Resolved","303130303030343930303238353739"
"01","0038548","000049","PHOTO FABRICATORS","A3","","B60127","2016-01-27","","","","","B60212","2016-02-12","B60209","2016-02-09","","","01","","UPS","","","","","ActiveOpenFile","true","false","false","Resolved","303130303030343930303338353438"
"01","0038648","000049","PHOTO FABRICATORS","A3","","B60324","2016-03-24","","","","","B60406","2016-04-06","B60414","2016-04-14","","","01","","UPS","","","","","ActiveOpenFile","true","false","false","Resolved","303130303030343930303338363438"
"01","0039428","000049","PHOTO FABRICATORS","A3","","B70124","2017-01-24","","","","","B70201","2017-02-01","","","","","01","","UPS","RYAN","","","","ActiveOpenFile","true","false","false","Resolved","303130303030343930303339343238"
"01","0040976","000049","PHOTO FABRICATORS","87","","B81029","2018-10-29","","","","","B81101","2018-11-01","","","","","01","","UPS","RYAN","","","","ActiveOpenFile","true","false","false","Resolved","303130303030343930303430393736"
"01","0046113","000049","PHOTO FABRICATORS","87","","C60713","2026-07-13","","","","","C60804","2026-08-04","","","","","01","","UPS","RYAN","","","","ActiveOpenFile","true","false","false","Resolved","303130303030343930303436313133"
"01","0046116","000049","PHOTO FABRICATORS","87","","C60714","2026-07-14","","","","","C60811","2026-08-11","","","","","01","","UPS","RYAN","","","","ActiveOpenFile","true","false","false","Resolved","303130303030343930303436313136"
"01","0027329","000057","MICRO QUALITY CALIBRATION","01","","B40730","2014-07-30","","","","","B40730","2014-07-30","","","","","01","","","","","","","ActiveOpenFile","true","false","false","Resolved","303130303030353730303237333239"
"01","0028476","000073","KRAYDEN, INC (K.R. ANDERSON)","01","","B51214","2015-12-14","","","","","B51215","2015-12-15","","","","","01","","","JESSICA","","","","ActiveOpenFile","true","false","false","Resolved","303130303030373330303238343736"
"01","0028229","000075","ACCURATE SCREW MACHINE","14","","B50803","2015-08-03","","","","","B50901","2015-09-01","B50825","2015-08-25","","","01","","UPS","JIM","","","","ActiveOpenFile","true","false","false","Resolved","303130303030373530303238323239"
"01","0027620","000077","RS / ALLIED ELECTRONICS INC.","08","","B41111","2014-11-11","","","","","B41118","2014-11-18","B41114","2014-11-14","","","01","","UPS","SYLVIA","","","","ActiveOpenFile","true","false","false","Resolved","303130303030373730303237363230"
"01","0043724","000077","RS / ALLIED ELECTRONICS INC.","87","","C20505","2022-05-05","","","","","C20506","2022-05-06","C20509","2022-05-09","","","01","","FED-EX","","","","","ActiveOpenFile","true","false","false","Resolved","303130303030373730303433373234"
"01","0043998","000077","RS / ALLIED ELECTRONICS INC.","12","","C20929","2022-09-29","","","","","C21003","2022-10-03","","","","","01","","","","","","","ActiveOpenFile","true","false","false","Resolved","303130303030373730303433393938"
"01","0444551","000077","RS / ALLIED ELECTRONICS INC.","02","","C30727","2023-07-27","","","","","C30731","2023-07-31","","","","","01","","UPS","SONIA","","","","ActiveOpenFile","true","false","false","Resolved","303130303030373730343434353531"
"01","0026776","000099","M&M FASTENERS, INC.","12","","B31219","2013-12-19","","","","","B31223","2013-12-23","B40213","2014-02-13","","","01","","UPS","S/O55232","","","","ActiveOpenFile","true","false","false","Resolved","303130303030393930303236373736"
"01","0027530","000099","M&M FASTENERS, INC.","30","","B41013","2014-10-13","","","","","B41014","2014-10-14","B41216","2014-12-16","","","60","","WILL CALL","RICK COOK","","","","ActiveOpenFile","true","false","false","Resolved","303130303030393930303237353330"
"01","0028081","000099","M&M FASTENERS, INC.","12","","B50518","2015-05-18","","","","","B50519","2015-05-19","B50519","2015-05-19","","","01","","UPS","BRIAN","","","","ActiveOpenFile","true","false","false","Resolved","303130303030393930303238303831"
"01","0028247","000099","M&M FASTENERS, INC.","30","","B50811","2015-08-11","","","","","B50811","2015-08-11","B50818","2015-08-18","","","01","","","","","","","ActiveOpenFile","true","false","false","Resolved","303130303030393930303238323437"
"01","0040127","000099","M&M FASTENERS, INC.","01","","B71107","2017-11-07","","","","","B71108","2017-11-08","","","","","01","","WILL CALL","BEN BLOOM","","","","ActiveOpenFile","true","false","false","Resolved","303130303030393930303430313237"
"01","0027560","000104","JAMECO","A4","","B41022","2014-10-22","","","","","B41023","2014-10-23","","","","","01","","UPS","PATRLIA","","","","ActiveOpenFile","true","false","false","Resolved","303130303031303430303237353630"
"01","0026585","000118","T.E. BOUTON COMPANY","01","","B31015","2013-10-15","","","","","B31023","2013-10-23","B31101","2013-11-01","","","01","","UPS","TOM","","","","ActiveOpenFile","true","false","false","Resolved","303130303031313830303236353835"
"01","0026760","000144","BISCO INDUSTRIES /","12","","B31212","2013-12-12","","","","","B40120","2014-01-20","B31223","2013-12-23","","","01","","UPS","JENNIFER","","","","ActiveOpenFile","true","false","false","Resolved","303130303031343430303236373630"
"01","0027288","000144","BISCO INDUSTRIES /","30","","B40722","2014-07-22","","","","","B40805","2014-08-05","B40909","2014-09-09","","","01","","UPS","JENNIFER","","","","ActiveOpenFile","true","false","false","Resolved","303130303031343430303237323838"
"01","0038382","000144","BISCO INDUSTRIES /","01","","B51005","2015-10-05","","","","","B51008","2015-10-08","B51012","2015-10-12","","","01","","","","","","","ActiveOpenFile","true","false","false","Resolved","303130303031343430303338333832"
"01","0041916","000144","BISCO INDUSTRIES /","38","","B91107","2019-11-07","","","","","B91203","2019-12-03","C00227","2020-02-27","","","01","","","","","","","ActiveOpenFile","true","false","false","Resolved","303130303031343430303431393136"
"01","0039043","000155","BLAKE WIRE+CABLE CORP.","A2","","B60822","2016-08-22","","","","","B60824","2016-08-24","B60824","2016-08-24","","","01","","UPS","MARTIN","","","","ActiveOpenFile","true","false","false","Resolved","303130303031353530303339303433"
"01","0039565","000155","BLAKE WIRE+CABLE CORP.","A2","","B70306","2017-03-06","","","","","B70307","2017-03-07","","","","","01","","UPS","MARTIN WEINER","","","","ActiveOpenFile","true","false","false","Resolved","303130303031353530303339353635"
"01","0040967","000155","BLAKE WIRE+CABLE CORP.","01","","B81022","2018-10-22","","","","","B81022","2018-10-22","","","","","01","","W/C","MARTIN","","","","ActiveOpenFile","true","false","false","Resolved","303130303031353530303430393637"
"01","0041310","000155","BLAKE WIRE+CABLE CORP.","31","","B90328","2019-03-28","","","","","B90405","2019-04-05","B90401","2019-04-01","","","01","","FED-EX","CLAUDIA","","","","ActiveOpenFile","true","false","false","Resolved","303130303031353530303431333130"
"01","0045090","000155","BLAKE WIRE+CABLE CORP.","72","","C40807","2024-08-07","","","","","C40815","2024-08-15","C40819","2024-08-19","","","01","","FED-EX","MARTIN","","","","ActiveOpenFile","true","false","false","Resolved","303130303031353530303435303930"
"01","0044167","000156","R.S. HUGHES","01","","C30109","2023-01-09","","","","","C30116","2023-01-16","C30313","2023-03-13","","","01","","UPS GRND","","","","","ActiveOpenFile","true","false","false","Resolved","303130303031353630303434313637"
"01","0044348","000156","R.S. HUGHES","01","","C30403","2023-04-03","","","","","C30414","2023-04-14","","","","","01","","FED-EX","ALEX","","","","ActiveOpenFile","true","false","false","Resolved","303130303031353630303434333438"
"01","0026529","000174","PCB POWER INC.","01","","B30924","2013-09-24","","","","","B41201","2014-12-01","B31007","2013-10-07","","","60","","UPS","FRANK","","","","ActiveOpenFile","true","false","false","Resolved","303130303031373430303236353239"
"01","0026873","000174","PCB POWER INC.","93","","B40207","2014-02-07","","","","","B40221","2014-02-21","B40225","2014-02-25","","","60","","UPS","FRANK JR","","","","ActiveOpenFile","true","false","false","Resolved","303130303031373430303236383733"
"01","0026913","000174","PCB POWER INC.","12","","B40310","2014-03-10","","","","","B40324","2014-03-24","B40731","2014-07-31","","","60","","UPS","FRANK JR","","","","ActiveOpenFile","true","false","false","Resolved","303130303031373430303236393133"
"01","0026991","000174","PCB POWER INC.","A1","","B40402","2014-04-02","","","","","B50301","2015-03-01","B50414","2015-04-14","","","60","","UPS","FRANK JR","","","","ActiveOpenFile","true","false","false","Resolved","303130303031373430303236393931"
"01","0027659","000174","PCB POWER INC.","12","","B41125","2014-11-25","","","","","B41208","2014-12-08","B50413","2015-04-13","","","60","","UPS","FRANK JR","","","","ActiveOpenFile","true","false","false","Resolved","303130303031373430303237363539"
"01","0027751","000174","PCB POWER INC.","12","","B50120","2015-01-20","","","","","B50120","2015-01-20","B50417","2015-04-17","","","60","","W/C","FRANK JR","","","","ActiveOpenFile","true","false","false","Resolved","303130303031373430303237373531"
"01","0027947","000174","PCB POWER INC.","A3","","B50401","2015-04-01","","","","","B50423","2015-04-23","B50430","2015-04-30","","","60","","UPS","FRANK JR","","","","ActiveOpenFile","true","false","false","Resolved","303130303031373430303237393437"
"01","0028040","000174","PCB POWER INC.","A3","","B50608","2015-06-08","","","","","B50623","2015-06-23","B50624","2015-06-24","","","60","","","","","","","ActiveOpenFile","true","false","false","Resolved","303130303031373430303238303430"
"01","0028224","000174","PCB POWER INC.","12","","B50729","2015-07-29","","","","","B50805","2015-08-05","B51027","2015-10-27","","","60","","","","","","","ActiveOpenFile","true","false","false","Resolved","303130303031373430303238323234"
"01","0028244","000174","PCB POWER INC.","12","","B50810","2015-08-10","","","","","B50811","2015-08-11","B60602","2016-06-02","","","60","","","","","","","ActiveOpenFile","true","false","false","Resolved","303130303031373430303238323434"
"01","0028250","000174","PCB POWER INC.","12","","B50811","2015-08-11","","","","","B50813","2015-08-13","B60104","2016-01-04","","","60","","","","","","","ActiveOpenFile","true","false","false","Resolved","303130303031373430303238323530"
"01","0028495","000174","PCB POWER INC.","72","","B60111","2016-01-11","","","","","B60210","2016-02-10","B60121","2016-01-21","","","60","","","","","","","ActiveOpenFile","true","false","false","Resolved","303130303031373430303238343935"
"01","0028532","000174","PCB POWER INC.","12","","B60201","2016-02-01","","","","","B60202","2016-02-02","","","","","60","","UPS","","","","","ActiveOpenFile","true","false","false","Resolved","303130303031373430303238353332"
"01","0028556","000174","PCB POWER INC.","12","","B60205","2016-02-05","","","","","B60217","2016-02-17","B61215","2016-12-15","","","60","","UPS","","","","","ActiveOpenFile","true","false","false","Resolved","303130303031373430303238353536"
"01","0038774","000174","PCB POWER INC.","12","","B60509","2016-05-09","","","","","B60510","2016-05-10","B60511","2016-05-11","","","60","","UPS","FRANK","","","","ActiveOpenFile","true","false","false","Resolved","303130303031373430303338373734"
"01","0039248","000174","PCB POWER INC.","12","","B61103","2016-11-03","","","","","B61121","2016-11-21","B70214","2017-02-14","","","60","","","","","","","ActiveOpenFile","true","false","false","Resolved","303130303031373430303339323438"
"01","0039315","000174","PCB POWER INC.","12","","B61207","2016-12-07","","","","","B70424","2017-04-24","B70110","2017-01-10","","","60","","UPS","FRANK","","","","ActiveOpenFile","true","false","false","Resolved","303130303031373430303339333135"
"01","0039345","000174","PCB POWER INC.","39","","B61216","2016-12-16","","","","","B70403","2017-04-03","B70428","2017-04-28","","","60","","UPS","FRANK","","","","ActiveOpenFile","true","false","false","Resolved","303130303031373430303339333435"
"01","0039385","000174","PCB POWER INC.","12","","B70104","2017-01-04","","","","","B70109","2017-01-09","B70111","2017-01-11","","","60","","UPS","FRANK","","","","ActiveOpenFile","true","false","false","Resolved","303130303031373430303339333835"
"01","0039499","000174","PCB POWER INC.","A1","","B70320","2017-03-20","","","","","B70328","2017-03-28","B70517","2017-05-17","","","60","","","","","","","ActiveOpenFile","true","false","false","Resolved","303130303031373430303339343939"
"01","0039894","000174","PCB POWER INC.","12","","B70720","2017-07-20","","","","","B70814","2017-08-14","B70817","2017-08-17","","","60","","UPS","FRANK","","","","ActiveOpenFile","true","false","false","Resolved","303130303031373430303339383934"
"01","0040084","000174","PCB POWER INC.","12","","B71016","2017-10-16","","","","","B71130","2017-11-30","B71218","2017-12-18","","","60","","UPS GROUND","JAMIE","","","","ActiveOpenFile","true","false","false","Resolved","303130303031373430303430303834"
"01","0040779","000174","PCB POWER INC.","12","","B80817","2018-08-17","","","","","B90228","2019-02-28","B90423","2019-04-23","","","60","","FED-EX","FRANK JR","","","","ActiveOpenFile","true","false","false","Resolved","303130303031373430303430373739"
"01","0042267","000174","PCB POWER INC.","12","","C00513","2020-05-13","","","","","C00515","2020-05-15","C00519","2020-05-19","","","60","","","","","","","ActiveOpenFile","true","false","false","Resolved","303130303031373430303432323637"
"01","0046133","000174","PCB POWER INC.","12","","C60723","2026-07-23","","","","","C60820","2026-08-20","","","","","60","","UPS","FRANK","","","","ActiveOpenFile","true","false","false","Resolved","303130303031373430303436313333"
"01","0277334","000174","PCB POWER INC.","12","","B50109","2015-01-09","","","","","B50112","2015-01-12","B50311","2015-03-11","","","01","","UPS","FRANK","","","","ActiveOpenFile","true","false","false","Resolved","303130303031373430323737333334"
"01","0041527","000177","ACCUGRAPHICS PLUS","83","","B90712","2019-07-12","","","","","B90715","2019-07-15","","","","","01","","","","","","","ActiveOpenFile","true","false","false","Resolved","303130303031373730303431353237"
"01","0026376","000184","INTEGRA ELECTRONICS","12","","B30715","2013-07-15","","","","","B31001","2013-10-01","B30911","2013-09-11","","","01","","UPS","TOM","","","","ActiveOpenFile","true","false","false","Resolved","303130303031383430303236333736"
"01","0026541","000184","INTEGRA ELECTRONICS","02","","B40325","2014-03-25","","","","","B40326","2014-03-26","B40425","2014-04-25","","","01","","UPS","TOM","","","","ActiveOpenFile","true","false","false","Resolved","303130303031383430303236353431"
"01","0026726","000184","INTEGRA ELECTRONICS","30","","B31203","2013-12-03","","","","","B40601","2014-06-01","B40804","2014-08-04","","","01","","UPS","TOM","","","","ActiveOpenFile","true","false","false","Resolved","303130303031383430303236373236"
"01","0027261","000184","INTEGRA ELECTRONICS","02","","B40717","2014-07-17","","","","","B50306","2015-03-06","B50304","2015-03-04","","","01","","UPS","TOM","","","","ActiveOpenFile","true","false","false","Resolved","303130303031383430303237323631"
"01","0028068","000184","INTEGRA ELECTRONICS","39","","B50511","2015-05-11","","","","","B50514","2015-05-14","B50702","2015-07-02","","","01","","UPS","TOM","","","","ActiveOpenFile","true","false","false","Resolved","303130303031383430303238303638"
"01","0028255","000184","INTEGRA ELECTRONICS","30","","B50811","2015-08-11","","","","","B50812","2015-08-12","B51030","2015-10-30","","","01","","","","","","","ActiveOpenFile","true","false","false","Resolved","303130303031383430303238323535"
"01","0028507","000184","INTEGRA ELECTRONICS","02","","B60114","2016-01-14","","","","","B60118","2016-01-18","B60310","2016-03-10","","","01","","UPS","","","","","ActiveOpenFile","true","false","false","Resolved","303130303031383430303238353037"
"01","0042003","000184","INTEGRA ELECTRONICS","02","","C00205","2020-02-05","","","","","C00219","2020-02-19","C00406","2020-04-06","","","01","","UPS","TOM","","","","ActiveOpenFile","true","false","false","Resolved","303130303031383430303432303033"
"01","0028181","000196","SOUTHERN CALIFORNIA CONNECTOR","A2","","B50710","2015-07-10","","","","","B50713","2015-07-13","","","","","01","","","","","","","ActiveOpenFile","true","false","false","Resolved","303130303031393630303238313831"
"01","0039004","000196","SOUTHERN CALIFORNIA CONNECTOR","27","","B60810","2016-08-10","","","","","B60826","2016-08-26","B60825","2016-08-25","","","01","","UPS","BOB PARKER","","","","ActiveOpenFile","true","false","false","Resolved","303130303031393630303339303034"
"01","0044292","000204","NATIONAL WIRE & CABLE","72","","C30303","2023-03-03","","","","","C30308","2023-03-08","","","","","01","","UPS","TAYOR","","","","ActiveOpenFile","true","false","false","Resolved","303130303032303430303434323932"
"01","0027683","000209","ELECTRO SUPPLY","72","","B41211","2014-12-11","","","","","B41217","2014-12-17","B50323","2015-03-23","","","01","","UPS","CAROL","","","","ActiveOpenFile","true","false","false","Resolved","303130303032303930303237363833"
"01","0019243","000210","R & J COMPONENTS","12","","A71129","2007-11-29","","","","","A71130","2007-11-30","","","","","01","","UPS RED","MICHAEL","","","","ActiveOpenFile","true","false","false","Resolved","303130303032313030303139323433"
"01","0026638","000210","R & J COMPONENTS","12","","B31029","2013-10-29","","","","","B31111","2013-11-11","B31116","2013-11-16","","","01","","UPS","MICHAEL FRENCH","","STD","","ActiveOpenFile","true","false","false","Resolved","303130303032313030303236363338"
"01","0027975","000210","R & J COMPONENTS","39","","B50409","2015-04-09","","","","","B50413","2015-04-13","B50417","2015-04-17","","","01","","UPS","MICHAEL FRENCH","","","","ActiveOpenFile","true","false","false","Resolved","303130303032313030303237393735"
"01","0028062","000210","R & J COMPONENTS","12","","B50507","2015-05-07","","","","","B50515","2015-05-15","B51222","2015-12-22","","","01","","","","","","","ActiveOpenFile","true","false","false","Resolved","303130303032313030303238303632"
"01","0040770","000210","R & J COMPONENTS","72","","B80815","2018-08-15","","","","","B80822","2018-08-22","","","","","01","","UPS","MICHAEL","","","","ActiveOpenFile","true","false","false","Resolved","303130303032313030303430373730"
"01","0044151","000210","R & J COMPONENTS","31","","C30104","2023-01-04","","","","","C30112","2023-01-12","","","","","01","","FED EX","","","","","ActiveOpenFile","true","false","false","Resolved","303130303032313030303434313531"
"01","0044281","000210","R & J COMPONENTS","14","","C30228","2023-02-28","","","","","C30320","2023-03-20","C30306","2023-03-06","","","01","","UPS","MICHAEL","","","","ActiveOpenFile","true","false","false","Resolved","303130303032313030303434323831"
"01","0044379","000210","R & J COMPONENTS","B0","","C30427","2023-04-27","","","","","C30501","2023-05-01","","","","","01","","UPS","MICHAEL","","","","ActiveOpenFile","true","false","false","Resolved","303130303032313030303434333739"
"01","0026938","000217","ALL CABLE","72","","B40307","2014-03-07","","","","","B40310","2014-03-10","B40515","2014-05-15","","","01","","UPS","CHUCK","","","","ActiveOpenFile","true","false","false","Resolved","303130303032313730303236393338"
"01","0026980","000217","ALL CABLE","30","","B40326","2014-03-26","","","","","B40327","2014-03-27","","","","","01","","UPS","CHUCK","","","","ActiveOpenFile","true","false","false","Resolved","303130303032313730303236393830"
"01","0040914","000267","EAGLE ELECTRONICS","87","","B81003","2018-10-03","","","","","B81101","2018-11-01","","","","","01","","UPS","DAWN","","","","ActiveOpenFile","true","false","false","Resolved","303130303032363730303430393134"
"01","0041803","000274","DELTA DVH CIRCUITS","31","","B91017","2019-10-17","","","","","B91231","2019-12-31","C00227","2020-02-27","","","01","","","","","","","ActiveOpenFile","true","false","false","Resolved","303130303032373430303431383033"
"01","0027466","000276","ECON PRECISION TOOLS","31","","B40917","2014-09-17","","","","","B40924","2014-09-24","B50609","2015-06-09","","","02","","UPS","","","","","ActiveOpenFile","true","false","false","Resolved","303130303032373630303237343636"
"01","0040775","000276","ECON PRECISION TOOLS","31","","B80816","2018-08-16","","","","","B90215","2019-02-15","B90506","2019-05-06","","","02","","FED-EX","ANDY","","","","ActiveOpenFile","true","false","false","Resolved","303130303032373630303430373735"
"01","0038812","000289","VIP RUBBER CO., INC.","27","","B60517","2016-05-17","","","","","B60615","2016-06-15","","","","","01","","UPS","DARCI BYRD","","","","ActiveOpenFile","true","false","false","Resolved","303130303032383930303338383132"
"01","0028041","000299","SOUTHERN CALIFORNIA CONNECTOR","27","","B50608","2015-06-08","","","","","B50618","2015-06-18","B50618","2015-06-18","","","45","","","","","","","ActiveOpenFile","true","false","false","Resolved","303130303032393930303238303431"
"01","0043740","000308","MEGGITT SAFETY SYSTEMS","38","","C20509","2022-05-09","","","","","C20607","2022-06-07","C20725","2022-07-25","","","01","","","","","","","ActiveOpenFile","true","false","false","Resolved","303130303033303830303433373430"
"01","0044911","000308","MEGGITT SAFETY SYSTEMS","38","","C40426","2024-04-26","","","","","C40509","2024-05-09","C40708","2024-07-08","","","01","","","","","","","ActiveOpenFile","true","false","false","Resolved","303130303033303830303434393131"
"01","0045210","000308","MEGGITT SAFETY SYSTEMS","38","","C41016","2024-10-16","","","","","C41024","2024-10-24","C41113","2024-11-13","","","01","","UPS","RAY","","","","ActiveOpenFile","true","false","false","Resolved","303130303033303830303435323130"
"01","0027727","000319","KAPCO GLOBAL","72","","B50107","2015-01-07","","","","","B50109","2015-01-09","B50204","2015-02-04","","","01","","UPS","JOSE","","","","ActiveOpenFile","true","false","false","Resolved","303130303033313930303237373237"
"01","0026638","000353","STANDARD ELECTRONICS","12","","B31029","2013-10-29","","","","","B31104","2013-11-04","B31108","2013-11-08","","","01","DLE ACCNT","UPS GRND","MICHAEL FRENCH","","STD","","ActiveOpenFile","true","false","false","Resolved","303130303033353330303236363338"
"01","0026901","000357","QUEST COMPONENTS","93","","B40218","2014-02-18","","","","","B40227","2014-02-27","B40312","2014-03-12","","","01","","UPS","PETER","","","","ActiveOpenFile","true","false","false","Resolved","303130303033353730303236393031"
"01","0027276","000357","QUEST COMPONENTS","02","","B40821","2014-08-21","","","","","B40901","2014-09-01","B51030","2015-10-30","","","01","","UPS","PAUL KACHIRSKY","","","","ActiveOpenFile","true","false","false","Resolved","303130303033353730303237323736"
"01","0027507","000357","QUEST COMPONENTS","12","","B40930","2014-09-30","","","","","B41001","2014-10-01","B41014","2014-10-14","","","01","","UPS","PAUL","","","","ActiveOpenFile","true","false","false","Resolved","303130303033353730303237353037"
"01","0027546","000357","QUEST COMPONENTS","67","","B41016","2014-10-16","","","","","B41021","2014-10-21","B41027","2014-10-27","","","01","","UPS","PAUL K","","","","ActiveOpenFile","true","false","false","Resolved","303130303033353730303237353436"
"01","0027552","000357","QUEST COMPONENTS","02","","B41021","2014-10-21","","","","","B41023","2014-10-23","B41024","2014-10-24","","","01","","UPS","PAUL K","","","","ActiveOpenFile","true","false","false","Resolved","303130303033353730303237353532"
"01","0027574","000357","QUEST COMPONENTS","12","","B41030","2014-10-30","","","","","B41103","2014-11-03","B41105","2014-11-05","","","01","","UPS","PAUL K","","","","ActiveOpenFile","true","false","false","Resolved","303130303033353730303237353734"
"01","0027643","000357","QUEST COMPONENTS","67","","B41117","2014-11-17","","","","","B41120","2014-11-20","B41124","2014-11-24","","","01","","UPS","PAUL","","","","ActiveOpenFile","true","false","false","Resolved","303130303033353730303237363433"
"01","0027700","000357","QUEST COMPONENTS","12","","B41222","2014-12-22","","","","","B41223","2014-12-23","B41223","2014-12-23","","","01","","WILL Call","paul","","","","ActiveOpenFile","true","false","false","Resolved","303130303033353730303237373030"
"01","0027717","000357","QUEST COMPONENTS","12","","B41231","2014-12-31","","","","","B50108","2015-01-08","B50108","2015-01-08","","","01","","UPS","","","","","ActiveOpenFile","true","false","false","Resolved","303130303033353730303237373137"
"01","0027861","000357","QUEST COMPONENTS","12","","B50303","2015-03-03","","","","","B50310","2015-03-10","B50310","2015-03-10","","","01","","","","","","","ActiveOpenFile","true","false","false","Resolved","303130303033353730303237383631"
"01","0028028","000357","QUEST COMPONENTS","93","","B50601","2015-06-01","","","","","B50610","2015-06-10","B50610","2015-06-10","","","01","","","","","","","ActiveOpenFile","true","false","false","Resolved","303130303033353730303238303238"
"01","0028056","000357","QUEST COMPONENTS","39","","B50506","2015-05-06","","","","","B50511","2015-05-11","B50513","2015-05-13","","","01","","UPS","PAUL","","","","ActiveOpenFile","true","false","false","Resolved","303130303033353730303238303536"
"01","0028070","000357","QUEST COMPONENTS","39","","B50512","2015-05-12","","","","","B50513","2015-05-13","B50518","2015-05-18","","","01","","UPS","PAUL","","","","ActiveOpenFile","true","false","false","Resolved","303130303033353730303238303730"
"01","0028092","000357","QUEST COMPONENTS","02","","B50520","2015-05-20","","","","","B50527","2015-05-27","","","","","01","","UPS","","","","","ActiveOpenFile","true","false","false","Resolved","303130303033353730303238303932"
"01","0028153","000357","QUEST COMPONENTS","A2","","B50625","2015-06-25","","","","","B50710","2015-07-10","B50723","2015-07-23","","","01","","","","","","","ActiveOpenFile","true","false","false","Resolved","303130303033353730303238313533"
"01","0028159","000357","QUEST COMPONENTS","38","","B50701","2015-07-01","","","","","B50703","2015-07-03","","","","","01","","","","","","","ActiveOpenFile","true","false","false","Resolved","303130303033353730303238313539"
"01","0028188","000357","QUEST COMPONENTS","02","","B50715","2015-07-15","","","","","B50721","2015-07-21","B50721","2015-07-21","","","01","","UPS","","","","","ActiveOpenFile","true","false","false","Resolved","303130303033353730303238313838"
"01","0028253","000357","QUEST COMPONENTS","12","","B50811","2015-08-11","","","","","B50813","2015-08-13","B50818","2015-08-18","","","01","","","","","","","ActiveOpenFile","true","false","false","Resolved","303130303033353730303238323533"
"01","0028287","000357","QUEST COMPONENTS","38","","B50820","2015-08-20","","","","","B50824","2015-08-24","B50912","2015-09-12","","","01","","","","","","","ActiveOpenFile","true","false","false","Resolved","303130303033353730303238323837"
"01","0028368","000357","QUEST COMPONENTS","12","","B51001","2015-10-01","","","","","B51005","2015-10-05","B51030","2015-10-30","","","01","","","","","","","ActiveOpenFile","true","false","false","Resolved","303130303033353730303238333638"
"01","0028440","000357","QUEST COMPONENTS","12","","B51026","2015-10-26","","","","","B51027","2015-10-27","B51102","2015-11-02","","","01","","","","","","","ActiveOpenFile","true","false","false","Resolved","303130303033353730303238343430"
"01","0028470","000357","QUEST COMPONENTS","12","","B51209","2015-12-09","","","","","B51210","2015-12-10","B60105","2016-01-05","","","01","","","","","","","ActiveOpenFile","true","false","false","Resolved","303130303033353730303238343730"
"01","0028474","000357","QUEST COMPONENTS","12","","B51210","2015-12-10","","","","","B51214","2015-12-14","B51213","2015-12-13","","","01","","","","","","","ActiveOpenFile","true","false","false","Resolved","303130303033353730303238343734"
"01","0028509","000357","QUEST COMPONENTS","02","","B60118","2016-01-18","","","","","B60121","2016-01-21","","","","","01","","UPS","","","","","ActiveOpenFile","true","false","false","Resolved","303130303033353730303238353039"
"01","0038527","000357","QUEST COMPONENTS","08","","B51222","2015-12-22","","","","","B60107","2016-01-07","B60211","2016-02-11","","","01","","UPS","","","","","ActiveOpenFile","true","false","false","Resolved","303130303033353730303338353237"
"01","0038745","000357","QUEST COMPONENTS","08","","B60427","2016-04-27","","","","","B60510","2016-05-10","B60509","2016-05-09","","","01","","UPS","PAUL KACHIRSKY","","","","ActiveOpenFile","true","false","false","Resolved","303130303033353730303338373435"
"01","0038935","000357","QUEST COMPONENTS","87","","B60713","2016-07-13","","","","","B60715","2016-07-15","B60718","2016-07-18","","","01","","UPS","RICHARD","","","","ActiveOpenFile","true","false","false","Resolved","303130303033353730303338393335"
"01","0039270","000357","QUEST COMPONENTS","A3","","B61114","2016-11-14","","","","","B61116","2016-11-16","B61116","2016-11-16","","","01","","UPS","RICHIE","","","","ActiveOpenFile","true","false","false","Resolved","303130303033353730303339323730"
"01","0039397","000357","QUEST COMPONENTS","12","","B70111","2017-01-11","","","","","B70111","2017-01-11","B70111","2017-01-11","","","01","","UBER","","","","","ActiveOpenFile","true","false","false","Resolved","303130303033353730303339333937"
"01","0039412","000357","QUEST COMPONENTS","12","","B70119","2017-01-19","","","","","B70302","2017-03-02","B70306","2017-03-06","","","01","","UPS","RICHARD","","","","ActiveOpenFile","true","false","false","Resolved","303130303033353730303339343132"
"01","0039542","000357","QUEST COMPONENTS","12","","B70227","2017-02-27","","","","","B70313","2017-03-13","B70228","2017-02-28","","","01","","UPS","TRAVIS","","","","ActiveOpenFile","true","false","false","Resolved","303130303033353730303339353432"
"01","0039833","000357","QUEST COMPONENTS","87","","B70620","2017-06-20","","","","","B70621","2017-06-21","B70621","2017-06-21","","","01","","UPS","RICHIE","","","","ActiveOpenFile","true","false","false","Resolved","303130303033353730303339383333"
"01","0039885","000357","QUEST COMPONENTS","38","","B70718","2017-07-18","","","","","B70719","2017-07-19","B70718","2017-07-18","","","01","","WILL CALL","RICHIE","","","","ActiveOpenFile","true","false","false","Resolved","303130303033353730303339383835"
"01","0039956","000357","QUEST COMPONENTS","12","","B70821","2017-08-21","","","","","B70822","2017-08-22","B70824","2017-08-24","","","01","","UPS","RICHARD LEWIS","","","","ActiveOpenFile","true","false","false","Resolved","303130303033353730303339393536"
"01","0040001","000357","QUEST COMPONENTS","38","","B70912","2017-09-12","","","","","B70914","2017-09-14","","","","","01","","UPS","RICHARD LEWIS","","","","ActiveOpenFile","true","false","false","Resolved","303130303033353730303430303031"
"01","0040246","000357","QUEST COMPONENTS","30","","B80104","2018-01-04","","","","","B80112","2018-01-12","B80116","2018-01-16","","","45","","UPS","RICHARD LEWIS","","","","ActiveOpenFile","true","false","false","Resolved","303130303033353730303430323436"
"01","0040814","000357","QUEST COMPONENTS","08","","B80830","2018-08-30","","","","","B81001","2018-10-01","B80926","2018-09-26","","","01","","UPS","RICHARD","","","","ActiveOpenFile","true","false","false","Resolved","303130303033353730303430383134"
"01","0040859","000357","QUEST COMPONENTS","38","","B80913","2018-09-13","","","","","B80914","2018-09-14","B80920","2018-09-20","","","01","","UPS","RICHARD","","","","ActiveOpenFile","true","false","false","Resolved","303130303033353730303430383539"
"01","0040958","000357","QUEST COMPONENTS","38","","B81018","2018-10-18","","","","","B81019","2018-10-19","","","","","01","","UPS","RICHARD","","","","ActiveOpenFile","true","false","false","Resolved","303130303033353730303430393538"
"01","0041133","000357","QUEST COMPONENTS","30","","B90109","2019-01-09","","","","","B90118","2019-01-18","B90117","2019-01-17","","","01","","FED-EX","RICHARD","","","","ActiveOpenFile","true","false","false","Resolved","303130303033353730303431313333"
"01","0041993","000357","QUEST COMPONENTS","01","","C00225","2020-02-25","","","","","C00225","2020-02-25","","","","","01","","","","","","","ActiveOpenFile","true","false","false","Resolved","303130303033353730303431393933"
"01","0042163","000357","QUEST COMPONENTS","62","","C00319","2020-03-19","","","","","C01030","2020-10-30","C00428","2020-04-28","","","01","","","","","","","ActiveOpenFile","true","false","false","Resolved","303130303033353730303432313633"
"01","0042198","000357","QUEST COMPONENTS","62","","C00330","2020-03-30","","","","","C00817","2020-08-17","","","","","01","","","","","","","ActiveOpenFile","true","false","false","Resolved","303130303033353730303432313938"
"01","0042223","000357","QUEST COMPONENTS","38","","C00413","2020-04-13","","","","","C01001","2020-10-01","C01005","2020-10-05","","","01","","","","","","","ActiveOpenFile","true","false","false","Resolved","303130303033353730303432323233"
"01","0042380","000357","QUEST COMPONENTS","12","","C00729","2020-07-29","","","","","C00730","2020-07-30","C00803","2020-08-03","","","01","","FED-EX","RICHARD","","","","ActiveOpenFile","true","false","false","Resolved","303130303033353730303432333830"
"01","0042387","000357","QUEST COMPONENTS","30","","C00731","2020-07-31","","","","","C00824","2020-08-24","C10105","2021-01-05","","","01","","FED-EX","RICHARD","","","","ActiveOpenFile","true","false","false","Resolved","303130303033353730303432333837"
"01","0042915","000357","QUEST COMPONENTS","12","","C10503","2021-05-03","","","","","C10504","2021-05-04","","","","","01","","FED-EX","RICHARD","","","","ActiveOpenFile","true","false","false","Resolved","303130303033353730303432393135"
"01","0042939","000357","QUEST COMPONENTS","87","","C10518","2021-05-18","","","","","C10524","2021-05-24","C10601","2021-06-01","","","01","","FED-EX","RICHARD","","","","ActiveOpenFile","true","false","false","Resolved","303130303033353730303432393339"
"01","0043393","000357","QUEST COMPONENTS","08","","C11217","2021-12-17","","","","","C20107","2022-01-07","C20110","2022-01-10","","","01","","FED-EX","RICHARD","","","","ActiveOpenFile","true","false","false","Resolved","303130303033353730303433333933"
"01","0043809","000357","QUEST COMPONENTS","38","","C20608","2022-06-08","","","","","C20616","2022-06-16","C20627","2022-06-27","","","01","","","","","","","ActiveOpenFile","true","false","false","Resolved","303130303033353730303433383039"
"01","0044027","000357","QUEST COMPONENTS","08","","C21012","2022-10-12","","","","","C21020","2022-10-20","C21024","2022-10-24","","","01","","FED-EX","RICHARD","","","","ActiveOpenFile","true","false","false","Resolved","303130303033353730303434303237"
"01","0044144","000357","QUEST COMPONENTS","B0","12","C21216","2022-12-16","","","","","C30105","2023-01-05","C30104","2023-01-04","","","01","","FED-EX","RICHARD","","","","ActiveOpenFile","true","false","false","Resolved","303130303033353730303434313434"
"01","0044985","000357","QUEST COMPONENTS","62","","C40614","2024-06-14","","","","","C40625","2024-06-25","C40701","2024-07-01","","","01","","","","","","","ActiveOpenFile","true","false","false","Resolved","303130303033353730303434393835"
"01","0045379","000357","QUEST COMPONENTS","08","","C50221","2025-02-21","","","","","C50304","2025-03-04","C50303","2025-03-03","","","01","","","","","","","ActiveOpenFile","true","false","false","Resolved","303130303033353730303435333739"
"01","0045834","000357","QUEST COMPONENTS","30","","C51126","2025-11-26","","","","","C51205","2025-12-05","C51202","2025-12-02","","","01","","UPS","RICHARD","","","","ActiveOpenFile","true","false","false","Resolved","303130303033353730303435383334"
"01","0026921","000362","ROBERT F. CHAPMAN INC.","12","","B40304","2014-03-04","","","","","B40307","2014-03-07","B40611","2014-06-11","","","02","","TDA","MARIO","","","","ActiveOpenFile","true","false","false","Resolved","303130303033363230303236393231"
"01","0015518","000372","L & A TECHNOLOGY","73","","A50318","2005-03-18","","","","","A50325","2005-03-25","","","","","01","","","JAVIER","","STD","","ActiveOpenFile","true","false","false","Resolved","303130303033373230303135353138"
"01","0040783","000393","ELECTRO ENTERPRISES","A3","","B80821","2018-08-21","","","","","B80830","2018-08-30","","","","","01","","UPS","RAY","","","","ActiveOpenFile","true","false","false","Resolved","303130303033393330303430373833"
"01","0041023","000393","ELECTRO ENTERPRISES","A7","","B81119","2018-11-19","","","","","B90326","2019-03-26","B90424","2019-04-24","","","01","","UPS","RAY","","","","ActiveOpenFile","true","false","false","Resolved","303130303033393330303431303233"
"01","0043772","000393","ELECTRO ENTERPRISES","B0","","C20525","2022-05-25","","","","","C20607","2022-06-07","","","","","01","","","","","","","ActiveOpenFile","true","false","false","Resolved","303130303033393330303433373732"
"01","0043837","000393","ELECTRO ENTERPRISES","B0","","C20620","2022-06-20","","","","","C20627","2022-06-27","","","","","01","","","","","","","ActiveOpenFile","true","false","false","Resolved","303130303033393330303433383337"
"01","0044701","000393","ELECTRO ENTERPRISES","B0","","C31130","2023-11-30","","","","","C31211","2023-12-11","C31218","2023-12-18","","","01","","","","","","","ActiveOpenFile","true","false","false","Resolved","303130303033393330303434373031"
"01","0040805","000398","ADVANCED CIRCUITS","08","","B80827","2018-08-27","","","","","B80927","2018-09-27","B80928","2018-09-28","","","01","","UPS","ALMA","","","","ActiveOpenFile","true","false","false","Resolved","303130303033393830303430383035"
"01","0027426","000408","WESTERN METAL SPINNING &MFG","31","","B40922","2014-09-22","","","","","B40925","2014-09-25","B50617","2015-06-17","","","01","","","","","","","ActiveOpenFile","true","false","false","Resolved","303130303034303830303237343236"
"01","0026482","000420","GLOBAL ACCESS UNLIMITED, INC","62","","B30909","2013-09-09","","","","","B40130","2014-01-30","B31001","2013-10-01","","","01","","UPS","DANA","","","","ActiveOpenFile","true","false","false","Resolved","303130303034323030303236343832"
"01","0026526","000420","GLOBAL ACCESS UNLIMITED, INC","12","","B30919","2013-09-19","","","","","B40215","2014-02-15","B40612","2014-06-12","","","01","","UPS","DANA","","","","ActiveOpenFile","true","false","false","Resolved","303130303034323030303236353236"
"01","0026543","000420","GLOBAL ACCESS UNLIMITED, INC","02","","B31001","2013-10-01","","","","","B50106","2015-01-06","B40624","2014-06-24","","","01","","ups","DANA","","","","ActiveOpenFile","true","false","false","Resolved","303130303034323030303236353433"
"01","0041964","000431","CARLISLE IT","31","","B91205","2019-12-05","","","","","B91231","2019-12-31","B91217","2019-12-17","","","01","","","","","","","ActiveOpenFile","true","false","false","Resolved","303130303034333130303431393634"
"01","0028112","000443","TRANSFORMER MANUFACTURERS, INC","72","","B50602","2015-06-02","","","","","B50605","2015-06-05","B70627","2017-06-27","","","02","","UPS","","","","","ActiveOpenFile","true","false","false","Resolved","303130303034343330303238313132"
"01","0045278","000443","TRANSFORMER MANUFACTURERS, INC","72","","C41216","2024-12-16","","","","","C50113","2025-01-13","","","","","01","","FED-EX","ALEX","","","","ActiveOpenFile","true","false","false","Resolved","303130303034343330303435323738"
"01","0040311","000486","ULINE","01","","B80131","2018-01-31","","","","","B80202","2018-02-02","","","","","01","","UPS","ORDER #:10775332","","","","ActiveOpenFile","true","false","false","Resolved","303130303034383630303430333131"
"01","0041972","000486","ULINE","01","","B91211","2019-12-11","","","","","B91212","2019-12-12","","","","","01","","","","","","","ActiveOpenFile","true","false","false","Resolved","303130303034383630303431393732"
"01","0027188","000488","ANIXTER INC.","A2","","B40620","2014-06-20","","","","","B40627","2014-06-27","B40626","2014-06-26","","","01","","UPS","SABRINA","","","","ActiveOpenFile","true","false","false","Resolved","303130303034383830303237313838"
"01","0028205","000488","ANIXTER INC.","A2","","B50721","2015-07-21","","","","","B50722","2015-07-22","B50722","2015-07-22","","","01","","","","","","","ActiveOpenFile","true","false","false","Resolved","303130303034383830303238323035"
"01","0026906","000494","ALLIED WIRE & CABLE, INC.","93","","B40219","2014-02-19","","","","","B40225","2014-02-25","B40227","2014-02-27","","","01","","UPS","MARK","","","","ActiveOpenFile","true","false","false","Resolved","303130303034393430303236393036"
"01","0027184","000494","ALLIED WIRE & CABLE, INC.","02","","B40618","2014-06-18","","","","","B40624","2014-06-24","B40625","2014-06-25","","","01","","UPS","MARK","","","","ActiveOpenFile","true","false","false","Resolved","303130303034393430303237313834"
"01","0039242","000494","ALLIED WIRE & CABLE, INC.","30","","B61102","2016-11-02","","","","","B61105","2016-11-05","B61108","2016-11-08","","","01","","UPS","MARK BERRY","","","","ActiveOpenFile","true","false","false","Resolved","303130303034393430303339323432"
"01","0043043","000494","ALLIED WIRE & CABLE, INC.","12","","C10630","2021-06-30","","","","","C10714","2021-07-14","C10721","2021-07-21","","","01","","FED-EX","MARK BERRY","","","","ActiveOpenFile","true","false","false","Resolved","303130303034393430303433303433"
"01","0046099","000494","ALLIED WIRE & CABLE, INC.","12","","C60707","2026-07-07","","","","","C60717","2026-07-17","","","","","01","","UPS","JOHN WEST","","","","ActiveOpenFile","true","false","false","Resolved","303130303034393430303436303939"
"01","0041282","000507","EXPERT BUILDING MAINTENANCE","01","","B90320","2019-03-20","","","","","B90321","2019-03-21","","","","","01","","FED-EX","JENNIFER","","","","ActiveOpenFile","true","false","false","Resolved","303130303035303730303431323832"
"01","0026751","000519","EFC WESCO","30","","B31206","2013-12-06","","","","","B40515","2014-05-15","B40512","2014-05-12","","","01","","UPS","BOB","","","","ActiveOpenFile","true","false","false","Resolved","303130303035313930303236373531"
"01","0040881","000519","EFC WESCO","72","","B80920","2018-09-20","","","","","B81231","2018-12-31","","","","","01","","UPS","BOB","","","","ActiveOpenFile","true","false","false","Resolved","303130303035313930303430383831"
"01","0045710","000519","EFC WESCO","72","","C50908","2025-09-08","","","","","C50918","2025-09-18","C50922","2025-09-22","","","01","","FED-EX","BOB","","","","ActiveOpenFile","true","false","false","Resolved","303130303035313930303435373130"
"01","0027553","000533","I-SOURCE TECHNICAL SERVICES","01","","B41022","2014-10-22","","","","","B41022","2014-10-22","","","","","01","","UPS","DORA","","","","ActiveOpenFile","true","false","false","Resolved","303130303035333330303237353533"
"01","0028216","000533","I-SOURCE TECHNICAL SERVICES","01","","B50724","2015-07-24","","","","","B50727","2015-07-27","","","","","01","","","","","","","ActiveOpenFile","true","false","false","Resolved","303130303035333330303238323136"
"01","0038635","000533","I-SOURCE TECHNICAL SERVICES","A3","","B60318","2016-03-18","","","","","B60318","2016-03-18","","","","","01","","UPS","","","","","ActiveOpenFile","true","false","false","Resolved","303130303035333330303338363335"
"01","0038843","000533","I-SOURCE TECHNICAL SERVICES","01","","B60602","2016-06-02","","","","","B60606","2016-06-06","","","","","01","","UPS","DORA / KATRINA","","","","ActiveOpenFile","true","false","false","Resolved","303130303035333330303338383433"
"01","0039562","000533","I-SOURCE TECHNICAL SERVICES","01","","B70303","2017-03-03","","","","","B70306","2017-03-06","","","","","01","","UPS","DORA","","","","ActiveOpenFile","true","false","false","Resolved","303130303035333330303339353632"
"01","0040574","000533","I-SOURCE TECHNICAL SERVICES","01","","B80503","2018-05-03","","","","","B80504","2018-05-04","","","","","01","","UPS","KATRINA","","","","ActiveOpenFile","true","false","false","Resolved","303130303035333330303430353734"
"01","0028227","000536","NEW JERSEY SEMI-CONDUCTOR PROD","12","","B50803","2015-08-03","","","","","B50807","2015-08-07","B50930","2015-09-30","","","01","","UPS","UPS","","","","ActiveOpenFile","true","false","false","Resolved","303130303035333630303238323237"
"01","0044286","000536","NEW JERSEY SEMI-CONDUCTOR PROD","72","","C30302","2023-03-02","","","","","C30314","2023-03-14","","","","","01","","UPS","DELIA","","","","ActiveOpenFile","true","false","false","Resolved","303130303035333630303434323836"
"01","0041367","000541","HUGHEY & PHILLIPS","12","","B90506","2019-05-06","","","","","B90514","2019-05-14","","","","","01","","FED-EX","TAMMY","","","","ActiveOpenFile","true","false","false","Resolved","303130303035343130303431333637"
"01","0041744","000542","PEAK PCB LIMITED","30","","B90930","2019-09-30","","","","","B91028","2019-10-28","","","","","01","","","","","","","ActiveOpenFile","true","false","false","Resolved","303130303035343230303431373434"
"01","0043875","000542","PEAK PCB LIMITED","30","","C20711","2022-07-11","","","","","C20808","2022-08-08","","","","","02","","DHL","","","","","ActiveOpenFile","true","false","false","Resolved","303130303035343230303433383735"
"01","0027435","000550","HEATSHRINK.COM","27","","B40905","2014-09-05","","","","","B40910","2014-09-10","B40911","2014-09-11","","","01","","UPS","JEFF","","","","ActiveOpenFile","true","false","false","Resolved","303130303035353030303237343335"
"01","0028508","000551","GENUINE AIRCRAFT HARDWARE CO.","02","","B60114","2016-01-14","","","","","B60118","2016-01-18","B60119","2016-01-19","","","01","","UPS","","","","","ActiveOpenFile","true","false","false","Resolved","303130303035353130303238353038"
"01","0390046","000551","GENUINE AIRCRAFT HARDWARE CO.","02","","B60823","2016-08-23","","","","","B60825","2016-08-25","","","","","01","","UPS","","","","","ActiveOpenFile","true","false","false","Resolved","303130303035353130333930303436"
"01","0027482","000555","KIEPURA AVIATION CORPORATION","31","","B40923","2014-09-23","","","","","B40930","2014-09-30","B40930","2014-09-30","","","01","","UPS","MEGHAN","","","","ActiveOpenFile","true","false","false","Resolved","303130303035353530303237343832"
"01","0026701","000570","SKYGEEK.COM","31","","B31118","2013-11-18","","","","","B31127","2013-11-27","","","","","01","","UPS","KATIE","","","","ActiveOpenFile","true","false","false","Resolved","303130303035373030303236373031"
"01","0044340","000570","SKYGEEK.COM","14","","C30329","2023-03-29","","","","","C30406","2023-04-06","","","","","01","","UPS","","","","","ActiveOpenFile","true","false","false","Resolved","303130303035373030303434333430"
"01","0026609","000581","AQMG","01","","B31021","2013-10-21","","","","","B40121","2014-01-21","","","","","15","","","","","","","ActiveOpenFile","true","false","false","Resolved","303130303035383130303236363039"
"01","0026646","000583","B&K ELECTRIC","09","","B31101","2013-11-01","","","","","B31111","2013-11-11","","","","","02","","UPS","BEA","","","","ActiveOpenFile","true","false","false","Resolved","303130303035383330303236363436"
"01","0040507","000584","VERICAL /ARROW DIVISION","08","","B80411","2018-04-11","","","","","B80425","2018-04-25","","","","","02","","UPS","","","","","ActiveOpenFile","true","false","false","Resolved","303130303035383430303430353037"
"01","0044668","000584","VERICAL /ARROW DIVISION","08","","C31129","2023-11-29","","","","","C31205","2023-12-05","","","","","02","","UPS","","","","","ActiveOpenFile","true","false","false","Resolved","303130303035383430303434363638"
"01","0046122","000584","VERICAL /ARROW DIVISION","87","","C60716","2026-07-16","","","","","C60724","2026-07-24","C60721","2026-07-21","","","02","","UPS","ON LINE","","","","ActiveOpenFile","true","false","false","Resolved","303130303035383430303436313232"
"01","0039840","000588","ROGERSON KRATOS","A2","","B70626","2017-06-26","","","","","B70628","2017-06-28","","","","","01","","UPS","RAQUL RAMOS","","","","ActiveOpenFile","true","false","false","Resolved","303130303035383830303339383430"
"01","0027076","000590","AEROSPACE WIRE & CABLE","A2","","B40508","2014-05-08","","","","","B40604","2014-06-04","B40611","2014-06-11","","","01","","UPS","STEVE","","","","ActiveOpenFile","true","false","false","Resolved","303130303035393030303237303736"
"01","0040887","000603","SIERRA IC INC.","38","","B80920","2018-09-20","","","","","B81130","2018-11-30","","","","","02","","UPS","TODD","","","","ActiveOpenFile","true","false","false","Resolved","303130303036303330303430383837"
"01","0028152","000608","US MAGNETICS","01","","B50625","2015-06-25","","","","","B50717","2015-07-17","","","","","01","","UPS","RALPH","","","","ActiveOpenFile","true","false","false","Resolved","303130303036303830303238313532"
"01","0041140","000608","US MAGNETICS","A6","","B90115","2019-01-15","","","","","B90117","2019-01-17","","","","","01","","FED-EX","RALPH","","","","ActiveOpenFile","true","false","false","Resolved","303130303036303830303431313430"
"01","0041286","000608","US MAGNETICS","01","","B90320","2019-03-20","","","","","B90329","2019-03-29","","","","","01","","FED-EX","RALPH","","","","ActiveOpenFile","true","false","false","Resolved","303130303036303830303431323836"
"01","0041717","000608","US MAGNETICS","02","","B90919","2019-09-19","","","","","B91203","2019-12-03","C00504","2020-05-04","","","01","","FED-EX","RALPH LIVINGSTONE","","","","ActiveOpenFile","true","false","false","Resolved","303130303036303830303431373137"
"01","0041765","000608","US MAGNETICS","31","","B91004","2019-10-04","","","","","B91108","2019-11-08","B91223","2019-12-23","","","01","","","","","","","ActiveOpenFile","true","false","false","Resolved","303130303036303830303431373635"
"01","0040156","000610","L.A.X-RAY","01","","B71121","2017-11-21","","","","","B71122","2017-11-22","","","","","01","","WILL CALL","KARINA/CHARLES","","","","ActiveOpenFile","true","false","false","Resolved","303130303036313030303430313536"
"01","0028049","000612","GAIA CONVERTER INC.","A3","","B50610","2015-06-10","","","","","B50713","2015-07-13","","","","","02","","UPS","","","","","ActiveOpenFile","true","false","false","Resolved","303130303036313230303238303439"
"01","0042480","000621","CAPLUGS","01","","C00713","2020-07-13","","","","","C00910","2020-09-10","C00914","2020-09-14","","","02","","FED-EX","JOSE","","","","ActiveOpenFile","true","false","false","Resolved","303130303036323130303432343830"
"01","0045966","000621","CAPLUGS","01","","C60316","2026-03-16","","","","","C60317","2026-03-17","","","","","CC","","","","","","","ActiveOpenFile","true","false","false","Resolved","303130303036323130303435393636"
"01","0040977","000622","ZAL INDUSTRIAL","01","","B81029","2018-10-29","","","","","B90501","2019-05-01","B90215","2019-02-15","","","01","","UPS","MASA","","","","ActiveOpenFile","true","false","false","Resolved","303130303036323230303430393737"
"01","0038513","000626","JDI INDUSTRIAL SUPPLY","87","","B51210","2015-12-10","","","","","B51221","2015-12-21","","","","","01","","UPS","","","","","ActiveOpenFile","true","false","false","Resolved","303130303036323630303338353133"
"01","0038522","000627","ANCHOR SEAL, INC.","27","","B51215","2015-12-15","","","","","B60108","2016-01-08","","","","","CC","","UPS","","","","","ActiveOpenFile","true","false","false","Resolved","303130303036323730303338353232"
"01","0040354","000629","POLYCASE","72","","B80212","2018-02-12","","","","","B80218","2018-02-18","","","","","CC","","UPS","WEB73844","","","","ActiveOpenFile","true","false","false","Resolved","303130303036323930303430333534"
"01","0038796","000632","AMITRON CORPORATION","30","","B60512","2016-05-12","","","","","B60523","2016-05-23","","","","","02","","UPS","LORRAINE CAMACHO","","","","ActiveOpenFile","true","false","false","Resolved","303130303036333230303338373936"
"01","0041005","000636","SARICA MANUFACTURING COMPANY","83","","B81109","2018-11-09","","","","","B81119","2018-11-19","B81121","2018-11-21","","","01","","FED-EX","MELISSA","","","","ActiveOpenFile","true","false","false","Resolved","303130303036333630303431303035"
"01","0040313","000637","ADVANCED PRECISION DISTRIBUTIO","01","","B80202","2018-02-02","","","","","B80205","2018-02-05","","","","","CC","","UPS","MICHAEL M","","","","ActiveOpenFile","true","false","false","Resolved","303130303036333730303430333133"
"01","0039675","000642","POLYCAST INDUSTRIES, INC.","01","","B70412","2017-04-12","","","","","B70421","2017-04-21","","","","","01","","UPS","RANA/SALES","","","","ActiveOpenFile","true","false","false","Resolved","303130303036343230303339363735"
"01","0039794","000647","QUICK DRAW & MACHINING, INC.","31","","B70525","2017-05-25","","","","","B70712","2017-07-12","B70726","2017-07-26","","","02","","UPS","BRANDON NICHOLAS","","","","ActiveOpenFile","true","false","false","Resolved","303130303036343730303339373934"
"01","0041723","000650","RENCO ELECTRONICS, INC","38","","B90920","2019-09-20","","","","","B91129","2019-11-29","C00604","2020-06-04","","","01","","","","","","","ActiveOpenFile","true","false","false","Resolved","303130303036353030303431373233"
"01","0043744","000652","RINCON ENGINEERING","02","","C20511","2022-05-11","","","","","C20603","2022-06-03","","","","","01","","FED-EX","ROGER","","","","ActiveOpenFile","true","false","false","Resolved","303130303036353230303433373434"
"01","0039989","000655","ASTRODYNE GROUP, INC.","38","","B70905","2017-09-05","","","","","B71205","2017-12-05","B71211","2017-12-11","","","01","","UPS","ESMERALDA DOMINGUEZ","","","","ActiveOpenFile","true","false","false","Resolved","303130303036353530303339393839"
"01","0042235","000662","KAS ENGINEERING","60","","C00421","2020-04-21","","","","","C00430","2020-04-30","","","","","01","","FED-EX","BILL HENTIG","","","","ActiveOpenFile","true","false","false","Resolved","303130303036363230303432323335"
"01","0043768","000662","KAS ENGINEERING","14","","C20524","2022-05-24","","","","","C20531","2022-05-31","","","","","01","","","","","","","ActiveOpenFile","true","false","false","Resolved","303130303036363230303433373638"
"01","0044584","000662","KAS ENGINEERING","14","","C30816","2023-08-16","","","","","C31231","2023-12-31","C40206","2024-02-06","","","01","","UPS","BILL","","","","ActiveOpenFile","true","false","false","Resolved","303130303036363230303434353834"
"01","0041353","000667","ALL ABOUT WYRE, INC.","01","","B90412","2019-04-12","","","","","B90501","2019-05-01","","","","","01","","FED-EX","CHUCK UPTON","","","","ActiveOpenFile","true","false","false","Resolved","303130303036363730303431333533"
"01","0043632","000668","QUALITY HEATING TREATING, INC.","14","","C20330","2022-03-30","","","","","C20415","2022-04-15","","","","","01","","FED-EX","BOB AKIN","","","","ActiveOpenFile","true","false","false","Resolved","303130303036363830303433363332"
"01","0044751","000669","QUICK-WAY MANUFACTURING, INC.","14","","C40112","2024-01-12","","","","","C40228","2024-02-28","","","","","01","","UPS","ROBBIE","","","","ActiveOpenFile","true","false","false","Resolved","303130303036363930303434373531"
"01","0041272","000672","HALLMARK METALS, INC.","02","","B90314","2019-03-14","","","","","B90509","2019-05-09","B90604","2019-06-04","","","01","","FED-EX","VERONICA","","","","ActiveOpenFile","true","false","false","Resolved","303130303036373230303431323732"
"01","0041697","000672","HALLMARK METALS, INC.","02","","B90913","2019-09-13","","","","","B91122","2019-11-22","","","","","01","","","","","","","ActiveOpenFile","true","false","false","Resolved","303130303036373230303431363937"
"01","0041650","000677","SPECIALIZED PRODUCTS COMPANY","02","","B90904","2019-09-04","","","","","B90909","2019-09-09","","","","","01","","","","","","","ActiveOpenFile","true","false","false","Resolved","303130303036373730303431363530"
"01","0042165","000684","UNITRACK","12","","C00319","2020-03-19","","","","","C00417","2020-04-17","C00420","2020-04-20","","","01","","","","","","","ActiveOpenFile","true","false","false","Resolved","303130303036383430303432313635"
"01","0043711","000690","FRONT PANEL EXPRESS","B0","","C20427","2022-04-27","","","","","C20506","2022-05-06","","","","","CC","","","","","","","ActiveOpenFile","true","false","false","Resolved","303130303036393030303433373131"
"01","0043689","000692","WIRE MASTERS INC.","B0","","C20419","2022-04-19","","","","","C20427","2022-04-27","","","","","CC","","","N","","","","ActiveOpenFile","true","false","false","Resolved","303130303036393230303433363839"
"01","0044011","000692","WIRE MASTERS INC.","62","","C21005","2022-10-05","","","","","C30228","2023-02-28","230301","2023-03-01","","","CC","","FED-EX","DREW","","","","ActiveOpenFile","true","false","false","Resolved","303130303036393230303434303131"
"01","0044166","000692","WIRE MASTERS INC.","B0","","C30109","2023-01-09","","","","","C30131","2023-01-31","","","","","CC","","FED-EX","DREW","","","","ActiveOpenFile","true","false","false","Resolved","303130303036393230303434313636"
"01","0043050","000704","AERO FLUID PRODUCTS","31","","C10707","2021-07-07","","","","","C10714","2021-07-14","","","","","01","","","","","","","ActiveOpenFile","true","false","false","Resolved","303130303037303430303433303530"
"01","0044249","000709","GRAPHIC PRODUCTS","01","","C30215","2023-02-15","","","","","C30217","2023-02-17","","","","","01","","FED-EX","JOSH","","","","ActiveOpenFile","true","false","false","Resolved","303130303037303930303434323439"
"01","0044136","000718","DOW KEY MICROWAVE","B0","","C21214","2022-12-14","","","","","C30111","2023-01-11","","","","","CC","","FED EX","","","","","ActiveOpenFile","true","false","false","Resolved","303130303037313830303434313336"
"01","0044404","000724","F & L MACHINE, INC","31","","C30509","2023-05-09","","","","","C30623","2023-06-23","","","","","02","","","","","","","ActiveOpenFile","true","false","false","Resolved","303130303037323430303434343034"
"01","0045144","000726","4STAR ELECTRONICS","38","","C40919","2024-09-19","","","","","C40930","2024-09-30","","","","","01","","UPS","MIKE","","","","ActiveOpenFile","true","false","false","Resolved","303130303037323630303435313434"
"01","0046114","000726","4STAR ELECTRONICS","02","","C60713","2026-07-13","","","","","C61214","2026-12-14","","","","","01","","FED-EX","MIKE","","","","ActiveOpenFile","true","false","false","Resolved","303130303037323630303436313134"
"01","0045260","000735","NEWEGG.COM","01","","C41014","2024-10-14","","","","","C41022","2024-10-22","","","","","CC","","FED-EX","","","","","ActiveOpenFile","true","false","false","Resolved","303130303037333530303435323630"
"01","0046022","000735","NEWEGG.COM","01","","C60421","2026-04-21","","","","","C60421","2026-04-21","","","","","CC","","","","","","","ActiveOpenFile","true","false","false","Resolved","303130303037333530303436303232"
"01","0046021","000736","THE HITT COMPANIES, INC.","01","","C60420","2026-04-20","","","","","C60422","2026-04-22","","","","","01","","UPS","JUDY","","","","ActiveOpenFile","true","false","false","Resolved","303130303037333630303436303231"
"01","0045438","000737","PLASMA RUGGEDIZED SOLUTIONS","00","","C50407","2025-04-07","","","","","C50416","2025-04-16","","","","","01","","","","","","","ActiveOpenFile","true","false","false","Resolved","303130303037333730303435343338"
"01","0046134","002875","ABBOTT TECHNOLOGIES IN","02","","C60723","2026-07-23","","","","","C70107","2027-01-07","","","","","01","","UPS","AMANDA","","","","ActiveOpenFile","true","false","false","Resolved","303130303238373530303436313334"
"01","0028295","004650","ABSOLUTE PACKAGING SUPPLY","01","","B50825","2015-08-25","","","","","B50826","2015-08-26","","","","","01","","TRUCK","","","","","ActiveOpenFile","true","false","false","Resolved","303130303436353030303238323935"
"01","0028343","004650","ABSOLUTE PACKAGING SUPPLY","01","","B50915","2015-09-15","","","","","B50921","2015-09-21","B50921","2015-09-21","","","01","","TRUCK","JASON / ED","","","","ActiveOpenFile","true","false","false","Resolved","303130303436353030303238333433"
"01","0028471","004650","ABSOLUTE PACKAGING SUPPLY","01","","B51209","2015-12-09","","","","","B51210","2015-12-10","","","","","01","","WILL CALL","","","","","ActiveOpenFile","true","false","false","Resolved","303130303436353030303238343731"
"01","0028037","034975","ALMATRON ELECTRONICS","12","","B50429","2015-04-29","","","","","B50524","2015-05-24","B51124","2015-11-24","","","01","","UPS","MARGARITO","","","","ActiveOpenFile","true","false","false","Resolved","303130333439373530303238303337"
"01","0038810","034975","ALMATRON ELECTRONICS","12","","B60516","2016-05-16","","","","","B60607","2016-06-07","B61115","2016-11-15","","","01","","","","","","","ActiveOpenFile","true","false","false","Resolved","303130333439373530303338383130"
"01","0041750","034975","ALMATRON ELECTRONICS","12","","B91008","2019-10-08","","","","","B91025","2019-10-25","C11108","2021-11-08","","","60","","","","","","","ActiveOpenFile","true","false","false","Resolved","303130333439373530303431373530"
"01","0042850","034975","ALMATRON ELECTRONICS","30","","C10324","2021-03-24","","","","","C10901","2021-09-01","C10329","2021-03-29","","","60","","FED-EX","MARGARITO","","","","ActiveOpenFile","true","false","false","Resolved","303130333439373530303432383530"
"01","0043581","034975","ALMATRON ELECTRONICS","12","","C20302","2022-03-02","","","","","C20531","2022-05-31","C40509","2024-05-09","","","60","","","","","","","ActiveOpenFile","true","false","false","Resolved","303130333439373530303433353831"
"01","0043917","034975","ALMATRON ELECTRONICS","02","","C20725","2022-07-25","","","","","C20830","2022-08-30","","","","","60","","FED-EX","SERGIO","","","","ActiveOpenFile","true","false","false","Resolved","303130333439373530303433393137"
"01","0046101","036787","MACHINEWORKS MANUFACTURING","02","","C60708","2026-07-08","","","","","C60825","2026-08-25","","","","","01","","UPS","HECTOR","","","","ActiveOpenFile","true","false","false","Resolved","303130333637383730303436313031"
"01","0004162","052350","ARROW ELECTRONICS","38","","B81213","2018-12-13","","","","","B81217","2018-12-17","","","","","01","","FED-EX","","","","","ActiveOpenFile","true","false","false","Resolved","303130353233353030303034313632"
"01","0026509","052350","ARROW ELECTRONICS","12","","B30917","2013-09-17","","","","","B30920","2013-09-20","B31111","2013-11-11","","","01","","UPS","BRIAN","","","","ActiveOpenFile","true","false","false","Resolved","303130353233353030303236353039"
"01","0026546","052350","ARROW ELECTRONICS","12","","B31002","2013-10-02","","","","","B31004","2013-10-04","B31007","2013-10-07","","","01","","UPS","BRIAN","","","","ActiveOpenFile","true","false","false","Resolved","303130353233353030303236353436"
"01","0026595","052350","ARROW ELECTRONICS","02","","B31017","2013-10-17","","","","","B40901","2014-09-01","B40508","2014-05-08","","","01","","UPS","BRIAN","","","","ActiveOpenFile","true","false","false","Resolved","303130353233353030303236353935"
"01","0026613","052350","ARROW ELECTRONICS","12","","B31028","2013-10-28","","","","","B31031","2013-10-31","B31122","2013-11-22","","","01","","UPS GRND","BRIAN KENNEDY","","STD","","ActiveOpenFile","true","false","false","Resolved","303130353233353030303236363133"
"01","0026792","052350","ARROW ELECTRONICS","12","","B40107","2014-01-07","","","","","B40110","2014-01-10","B40509","2014-05-09","","","01","","UPS","BRAIN","","","","ActiveOpenFile","true","false","false","Resolved","303130353233353030303236373932"
"01","0026944","052350","ARROW ELECTRONICS","12","","B40312","2014-03-12","","","","","B40324","2014-03-24","B40328","2014-03-28","","","01","","UPS","BRIAN K","","","","ActiveOpenFile","true","false","false","Resolved","303130353233353030303236393434"
"01","0026989","052350","ARROW ELECTRONICS","12","","B40401","2014-04-01","","","","","B40404","2014-04-04","B40520","2014-05-20","","","01","","UPS","BRIAN","","","","ActiveOpenFile","true","false","false","Resolved","303130353233353030303236393839"
"01","0027112","052350","ARROW ELECTRONICS","12","","B40527","2014-05-27","","","","","B40530","2014-05-30","B40603","2014-06-03","","","01","","UPS ORANGE","JANE","","","","ActiveOpenFile","true","false","false","Resolved","303130353233353030303237313132"
"01","0027131","052350","ARROW ELECTRONICS","08","","B40603","2014-06-03","","","","","B40612","2014-06-12","B40729","2014-07-29","","","01","","UPS","BRIAN","","","","ActiveOpenFile","true","false","false","Resolved","303130353233353030303237313331"
"01","0027678","052350","ARROW ELECTRONICS","12","","B41210","2014-12-10","","","","","B41212","2014-12-12","B41212","2014-12-12","","","01","","UPS","BRIAN","","","","ActiveOpenFile","true","false","false","Resolved","303130353233353030303237363738"
"01","0027891","052350","ARROW ELECTRONICS","12","","B50311","2015-03-11","","","","","B50313","2015-03-13","B50313","2015-03-13","","","01","","","","","","","ActiveOpenFile","true","false","false","Resolved","303130353233353030303237383931"
"01","0028127","052350","ARROW ELECTRONICS","12","","B50615","2015-06-15","","","","","B50617","2015-06-17","B50625","2015-06-25","","","01","","UPS","","","","","ActiveOpenFile","true","false","false","Resolved","303130353233353030303238313237"
"01","0028345","052350","ARROW ELECTRONICS","27","","B50916","2015-09-16","","","","","B50922","2015-09-22","B50928","2015-09-28","","","01","","UPS","","","","","ActiveOpenFile","true","false","false","Resolved","303130353233353030303238333435"
"01","0038412","052350","ARROW ELECTRONICS","A3","","B51104","2015-11-04","","","","","B51106","2015-11-06","B51112","2015-11-12","","","01","","","","","","","ActiveOpenFile","true","false","false","Resolved","303130353233353030303338343132"
"01","0038482","052350","ARROW ELECTRONICS","87","","B51201","2015-12-01","","","","","B51204","2015-12-04","B51204","2015-12-04","","","01","","","","","","","ActiveOpenFile","true","false","false","Resolved","303130353233353030303338343832"
"01","0038488","052350","ARROW ELECTRONICS","87","","B51202","2015-12-02","","","","","B51204","2015-12-04","B51203","2015-12-03","","","01","","","","","","","ActiveOpenFile","true","false","false","Resolved","303130353233353030303338343838"
"01","0038747","052350","ARROW ELECTRONICS","12","","B60428","2016-04-28","","","","","B60502","2016-05-02","B60502","2016-05-02","","","01","","","","","","","ActiveOpenFile","true","false","false","Resolved","303130353233353030303338373437"
"01","0038923","052350","ARROW ELECTRONICS","87","","B60708","2016-07-08","","","","","B60715","2016-07-15","B60718","2016-07-18","","","01","","UPS","BRIAN","","","","ActiveOpenFile","true","false","false","Resolved","303130353233353030303338393233"
"01","0039267","052350","ARROW ELECTRONICS","87","","B61116","2016-11-16","","","","","B61116","2016-11-16","B61117","2016-11-17","","","01","","UPS","MELISSA","","","","ActiveOpenFile","true","false","false","Resolved","303130353233353030303339323637"
"01","0039518","052350","ARROW ELECTRONICS","A1","","B70220","2017-02-20","","","","","B70224","2017-02-24","B70306","2017-03-06","","","45","","UPS","MELISSA","","","","ActiveOpenFile","true","false","false","Resolved","303130353233353030303339353138"
"01","0039527","052350","ARROW ELECTRONICS","38","","B70223","2017-02-23","","","","","B70224","2017-02-24","","","","","45","","FEDEX NEXT DAY","MELISSA/CHRIS","","","","ActiveOpenFile","true","false","false","Resolved","303130353233353030303339353237"
"01","0039683","052350","ARROW ELECTRONICS","87","","B70417","2017-04-17","","","","","B70419","2017-04-19","B70420","2017-04-20","","","45","","UPS GROUND","MELISSA","","","","ActiveOpenFile","true","false","false","Resolved","303130353233353030303339363833"
"01","0039762","052350","ARROW ELECTRONICS","12","","B70515","2017-05-15","","","","","B70516","2017-05-16","B70516","2017-05-16","","","45","","FREE FEDEX OVER","MELISSA S","","","","ActiveOpenFile","true","false","false","Resolved","303130353233353030303339373632"
"01","0039993","052350","ARROW ELECTRONICS","08","","B70906","2017-09-06","","","","","B70908","2017-09-08","B70911","2017-09-11","","","01","","FREE SHIPPING","WEB-SO1832765","","","","ActiveOpenFile","true","false","false","Resolved","303130353233353030303339393933"
"01","0040131","052350","ARROW ELECTRONICS","08","","B71113","2017-11-13","","","","","B80104","2018-01-04","B71229","2017-12-29","","","01","","UPS","NICOLE JOHNSON","","","","ActiveOpenFile","true","false","false","Resolved","303130353233353030303430313331"
"01","0040277","052350","ARROW ELECTRONICS","A3","","B80123","2018-01-23","","","","","B80124","2018-01-24","","","","","01","","UPS","WEB","","","","ActiveOpenFile","true","false","false","Resolved","303130353233353030303430323737"
"01","0040418","052350","ARROW ELECTRONICS","A3","","B80305","2018-03-05","","","","","B80307","2018-03-07","B80306","2018-03-06","","","01","","UPS","","","","","ActiveOpenFile","true","false","false","Resolved","303130353233353030303430343138"
"01","0040506","052350","ARROW ELECTRONICS","38","","B80411","2018-04-11","","","","","B80604","2018-06-04","B80514","2018-05-14","","","01","","UPS","NICOLE","","","","ActiveOpenFile","true","false","false","Resolved","303130353233353030303430353036"
"01","0040552","052350","ARROW ELECTRONICS","30","","B80423","2018-04-23","","","","","B80425","2018-04-25","","","","","01","","ups","","","","","ActiveOpenFile","true","false","false","Resolved","303130353233353030303430353532"
"01","0040661","052350","ARROW ELECTRONICS","95","","B80614","2018-06-14","","","","","B80618","2018-06-18","B80618","2018-06-18","","","01","","FED-EX","NIKKI","","","","ActiveOpenFile","true","false","false","Resolved","303130353233353030303430363631"
"01","0040754","052350","ARROW ELECTRONICS","08","","B80810","2018-08-10","","","","","B80904","2018-09-04","B80904","2018-09-04","","","01","","FED-EX","NIKKI","","","","ActiveOpenFile","true","false","false","Resolved","303130353233353030303430373534"
"01","0040949","052350","ARROW ELECTRONICS","08","","B81017","2018-10-17","","","","","B81018","2018-10-18","","","","","01","","UPS","","","","","ActiveOpenFile","true","false","false","Resolved","303130353233353030303430393439"
"01","0040966","052350","ARROW ELECTRONICS","12","","B81022","2018-10-22","","","","","B81023","2018-10-23","","","","","01","","UPS","","","","","ActiveOpenFile","true","false","false","Resolved","303130353233353030303430393636"
"01","0040983","052350","ARROW ELECTRONICS","01","","B81029","2018-10-29","","","","","B81031","2018-10-31","","","","","01","","FED-EX","","","","","ActiveOpenFile","true","false","false","Resolved","303130353233353030303430393833"
"01","0042130","052350","ARROW ELECTRONICS","87","","C00312","2020-03-12","","","","","C00316","2020-03-16","C00317","2020-03-17","","","01","","FED-EX","","","","","ActiveOpenFile","true","false","false","Resolved","303130353233353030303432313330"
"01","0042183","052350","ARROW ELECTRONICS","12","","C00324","2020-03-24","","","","","C00326","2020-03-26","C00330","2020-03-30","","","01","","","","","","","ActiveOpenFile","true","false","false","Resolved","303130353233353030303432313833"
"01","0042330","052350","ARROW ELECTRONICS","07","","C00622","2020-06-22","","","","","C00623","2020-06-23","C00623","2020-06-23","","","01","","FED-EX","","","","","ActiveOpenFile","true","false","false","Resolved","303130353233353030303432333330"
"01","0042425","052350","ARROW ELECTRONICS","31","","C20107","2022-01-07","","","","","C20112","2022-01-12","","","","","01","","FED-EX","","","","","ActiveOpenFile","true","false","false","Resolved","303130353233353030303432343235"
"01","0042566","052350","ARROW ELECTRONICS","87","","C01014","2020-10-14","","","","","C01016","2020-10-16","C01015","2020-10-15","","","01","","FED-EX","","","","","ActiveOpenFile","true","false","false","Resolved","303130353233353030303432353636"
"01","0043687","052350","ARROW ELECTRONICS","B0","","C20419","2022-04-19","","","","","C20421","2022-04-21","","","","","01","","","","","","","ActiveOpenFile","true","false","false","Resolved","303130353233353030303433363837"
"01","0043698","052350","ARROW ELECTRONICS","14","","C20420","2022-04-20","","","","","C20425","2022-04-25","","","","","01","","","","","","","ActiveOpenFile","true","false","false","Resolved","303130353233353030303433363938"
"01","0044104","052350","ARROW ELECTRONICS","87","","C21129","2022-11-29","","","","","C21204","2022-12-04","C21205","2022-12-05","","","01","","FED-EX","","","","","ActiveOpenFile","true","false","false","Resolved","303130353233353030303434313034"
"01","0044900","052350","ARROW ELECTRONICS","38","","C40422","2024-04-22","","","","","C40429","2024-04-29","","","","","01","","UPS","","","","","ActiveOpenFile","true","false","false","Resolved","303130353233353030303434393030"
"01","0046118","052350","ARROW ELECTRONICS","38","","C60715","2026-07-15","","","","","C60722","2026-07-22","C60720","2026-07-20","","","01","","FED-EX","","","","","ActiveOpenFile","true","false","false","Resolved","303130353233353030303436313138"
"01","0042274","142987","CIRCULAR CONNECTORS","02","","C00526","2020-05-26","","","","","C00602","2020-06-02","","","","","01","","FED-EX","DEVON","","","","ActiveOpenFile","true","false","false","Resolved","303131343239383730303432323734"
"01","0046119","142987","CIRCULAR CONNECTORS","01","","C60722","2026-07-22","","","","","C60722","2026-07-22","","","","","01","","","","","","","ActiveOpenFile","true","false","false","Resolved","303131343239383730303436313139"
"01","0038385","152675","EIS, INC.","01","","B51008","2015-10-08","","","","","B51012","2015-10-12","B51216","2015-12-16","","","01","","","","","","","ActiveOpenFile","true","false","false","Resolved","303131353236373530303338333835"
"01","0038797","152675","EIS, INC.","01","","B60517","2016-05-17","","","","","B60517","2016-05-17","","","","","01","","","","","","","ActiveOpenFile","true","false","false","Resolved","303131353236373530303338373937"
"01","0038863","152675","EIS, INC.","01","","B60620","2016-06-20","","","","","B60620","2016-06-20","","","","","01","","","","","","","ActiveOpenFile","true","false","false","Resolved","303131353236373530303338383633"
"01","0038940","152675","EIS, INC.","01","","B60718","2016-07-18","","","","","B60718","2016-07-18","","","","","01","","","","","","","ActiveOpenFile","true","false","false","Resolved","303131353236373530303338393430"
"01","0046088","152675","EIS, INC.","01","","C60624","2026-06-24","","","","","C60730","2026-07-30","","","","","01","","FED-EX","","","","","ActiveOpenFile","true","false","false","Resolved","303131353236373530303436303838"
"01","0046129","152675","EIS, INC.","01","","C60720","2026-07-20","","","","","C60723","2026-07-23","C60727","2026-07-27","","","01","","FED-EX","","","","","ActiveOpenFile","true","false","false","Resolved","303131353236373530303436313239"
"01","0271231","152675","EIS, INC.","01","","B40602","2014-06-02","","","","","B40605","2014-06-05","B40618","2014-06-18","","","01","","UPS","DEB","","","","ActiveOpenFile","true","false","false","Resolved","303131353236373530323731323331"
"01","0012293","157050","CORLAND COMPANY","01","","C51210","2025-12-10","","","","","251210","2025-12-10","","","","","01","","","","","","","ActiveOpenFile","true","false","false","Resolved","303131353730353030303132323933"
"01","0026641","157050","CORLAND COMPANY","02","","B31029","2013-10-29","","","","","B40331","2014-03-31","B40306","2014-03-06","","","01","","UPS","TOM","","","","ActiveOpenFile","true","false","false","Resolved","303131353730353030303236363431"
"01","0027238","184725","DIGI-KEY","A2","","B40703","2014-07-03","","","","","B40721","2014-07-21","B40729","2014-07-29","","","01","","UPS","S/O 40059803","","","","ActiveOpenFile","true","false","false","Resolved","303131383437323530303237323338"
"01","0038538","184725","DIGI-KEY","08","","B60112","2016-01-12","","","","","B60114","2016-01-14","","","","","01","","UPS BLUE","","","","","ActiveOpenFile","true","false","false","Resolved","303131383437323530303338353338"
"01","0038626","184725","DIGI-KEY","12","","B60316","2016-03-16","","","","","B60325","2016-03-25","B60322","2016-03-22","","","01","","UPS","","","","","ActiveOpenFile","true","false","false","Resolved","303131383437323530303338363236"
"01","0040231","184725","DIGI-KEY","07","","B71221","2017-12-21","","","","","B80102","2018-01-02","","","","","01","","UPS","S/O:53058062","","","","ActiveOpenFile","true","false","false","Resolved","303131383437323530303430323331"
"01","0040232","184725","DIGI-KEY","01","","B71221","2017-12-21","","","","","B71228","2017-12-28","","","","","01","","UPS","GINA","","","","ActiveOpenFile","true","false","false","Resolved","303131383437323530303430323332"
"01","0040937","184725","DIGI-KEY","08","","B81012","2018-10-12","","","","","B81116","2018-11-16","","","","","01","","UPS","MICHEAL","","","","ActiveOpenFile","true","false","false","Resolved","303131383437323530303430393337"
"01","0040952","184725","DIGI-KEY","08","","B81017","2018-10-17","","","","","B81024","2018-10-24","","","","","01","","ups","chloe","","","","ActiveOpenFile","true","false","false","Resolved","303131383437323530303430393532"
"01","0041124","184725","DIGI-KEY","08","","B90103","2019-01-03","","","","","B90110","2019-01-10","","","","","01","","FED-EX","KAREN","","","","ActiveOpenFile","true","false","false","Resolved","303131383437323530303431313234"
"01","0041465","184725","DIGI-KEY","08","","B90612","2019-06-12","","","","","B90619","2019-06-19","","","","","01","","FED-EX","NICOLE","","","","ActiveOpenFile","true","false","false","Resolved","303131383437323530303431343635"
"01","0042268","184725","DIGI-KEY","01","","C30220","2023-02-20","","","","","C30224","2023-02-24","","","","","01","","","","","","","ActiveOpenFile","true","false","false","Resolved","303131383437323530303432323638"
"01","0042804","184725","DIGI-KEY","30","","C10224","2021-02-24","","","","","C10517","2021-05-17","C20208","2022-02-08","","","01","","FED-EX","","","","","ActiveOpenFile","true","false","false","Resolved","303131383437323530303432383034"
"01","0042946","184725","DIGI-KEY","12","","C10519","2021-05-19","","","","","C10602","2021-06-02","C10601","2021-06-01","","","01","","FED-EX","","","","","ActiveOpenFile","true","false","false","Resolved","303131383437323530303432393436"
"01","0043141","184725","DIGI-KEY","38","","C10802","2021-08-02","","","","","C11122","2021-11-22","","","","","01","","FED-EX","","","","","ActiveOpenFile","true","false","false","Resolved","303131383437323530303433313431"
"01","0043199","184725","DIGI-KEY","B0","","C10907","2021-09-07","","","","","C10915","2021-09-15","C10913","2021-09-13","","","01","","FED-EX","","","","","ActiveOpenFile","true","false","false","Resolved","303131383437323530303433313939"
"01","0043636","184725","DIGI-KEY","83","","C20330","2022-03-30","","","","","C20405","2022-04-05","","","","","01","","FED-EX","","","","","ActiveOpenFile","true","false","false","Resolved","303131383437323530303433363336"
"01","0044725","184725","DIGI-KEY","30","","C31218","2023-12-18","","","","","C31221","2023-12-21","","","","","01","","","","","","","ActiveOpenFile","true","false","false","Resolved","303131383437323530303434373235"
"01","0045960","184725","DIGI-KEY","38","","C60304","2026-03-04","","","","","C60706","2026-07-06","","","","","01","","","","","","","ActiveOpenFile","true","false","false","Resolved","303131383437323530303435393630"
"01","0046121","184725","DIGI-KEY","87","","C60716","2026-07-16","","","","","C60723","2026-07-23","C60721","2026-07-21","","","01","","UPS","ON LINE","","","","ActiveOpenFile","true","false","false","Resolved","303131383437323530303436313231"
"01","0027336","201893","E/W ELECTRONICS","12","","B40731","2014-07-31","","","","","B40801","2014-08-01","B40801","2014-08-01","","","01","","UPS","SHERYL","","","","ActiveOpenFile","true","false","false","Resolved","303132303138393330303237333336"
"01","0040448","201893","E/W ELECTRONICS","12","","B80321","2018-03-21","","","","","B80323","2018-03-23","B80328","2018-03-28","","","01","","UPS","SHERLY","","","","ActiveOpenFile","true","false","false","Resolved","303132303138393330303430343438"
"01","0044225","201893","E/W ELECTRONICS","12","","C30206","2023-02-06","","","","","C30213","2023-02-13","C30316","2023-03-16","","","01","","","RICHARD","","","","ActiveOpenFile","true","false","false","Resolved","303132303138393330303434323235"
"01","0044391","201893","E/W ELECTRONICS","02","","C30504","2023-05-04","","","","","C30510","2023-05-10","","","","","01","","UPS","RICHARD","","","","ActiveOpenFile","true","false","false","Resolved","303132303138393330303434333931"
"01","0046137","201893","E/W ELECTRONICS","12","","C60726","2026-07-26","","","","","C60731","2026-07-31","","","","","01","","FED-EX","RICHARD","","","","ActiveOpenFile","true","false","false","Resolved","303132303138393330303436313337"
"01","0027562","232292","ELECTRONIC EXPEDITERS INC.","12","","B41023","2014-10-23","","","","","B41024","2014-10-24","","","","","01","","UPS","JESSE","","","","ActiveOpenFile","true","false","false","Resolved","303132333232393230303237353632"
"01","0012292","288725","HEILIND ELECTRONICS","27","","B50324","2015-03-24","","","","","B50326","2015-03-26","","","","","01","","UPS","ELSA","","","","ActiveOpenFile","true","false","false","Resolved","303132383837323530303132323932"
"01","0027206","288725","HEILIND ELECTRONICS","93","","B40625","2014-06-25","","","","","B40627","2014-06-27","B40703","2014-07-03","","","01","","UPS","ELSA","","","","ActiveOpenFile","true","false","false","Resolved","303132383837323530303237323036"
"01","0027208","288725","HEILIND ELECTRONICS","27","","B40625","2014-06-25","","","","","B40627","2014-06-27","B40627","2014-06-27","","","01","","UPS","ELSA","","","","ActiveOpenFile","true","false","false","Resolved","303132383837323530303237323038"
"01","0027239","288725","HEILIND ELECTRONICS","A2","","B40703","2014-07-03","","","","","B40707","2014-07-07","B40715","2014-07-15","","","01","","UPS","ELSA","","","","ActiveOpenFile","true","false","false","Resolved","303132383837323530303237323339"
"01","0027300","288725","HEILIND ELECTRONICS","27","","B40723","2014-07-23","","","","","B40801","2014-08-01","B40731","2014-07-31","","","01","","UPS","ELSA","","","","ActiveOpenFile","true","false","false","Resolved","303132383837323530303237333030"
"01","0027541","288725","HEILIND ELECTRONICS","A4","","B41015","2014-10-15","","","","","B41016","2014-10-16","B41017","2014-10-17","","","01","","UPS","ELSA ESPARZA","","","","ActiveOpenFile","true","false","false","Resolved","303132383837323530303237353431"
"01","0027994","288725","HEILIND ELECTRONICS","12","","B50413","2015-04-13","","","","","B50416","2015-04-16","B50422","2015-04-22","","","45","","UPS","VERONICA","","","","ActiveOpenFile","true","false","false","Resolved","303132383837323530303237393934"
"01","0028545","288725","HEILIND ELECTRONICS","12","","B60204","2016-02-04","","","","","B60211","2016-02-11","B60209","2016-02-09","","","01","","UPS","","","","","ActiveOpenFile","true","false","false","Resolved","303132383837323530303238353435"
"01","0040579","288725","HEILIND ELECTRONICS","95","","B80504","2018-05-04","","","","","B80509","2018-05-09","","","","","01","","UPS","ASHLEIGH","","","","ActiveOpenFile","true","false","false","Resolved","303132383837323530303430353739"
"01","0041641","288725","HEILIND ELECTRONICS","12","","B90828","2019-08-28","","","","","B90927","2019-09-27","B90927","2019-09-27","","","01","","","","","","","ActiveOpenFile","true","false","false","Resolved","303132383837323530303431363431"
"01","0045303","288725","HEILIND ELECTRONICS","B0","","C50113","2025-01-13","","","","","C50116","2025-01-16","C50121","2025-01-21","","","01","","","","","","","ActiveOpenFile","true","false","false","Resolved","303132383837323530303435333033"
"01","0045328","288725","HEILIND ELECTRONICS","B0","","C50129","2025-01-29","","","","","C50225","2025-02-25","C50204","2025-02-04","","","01","","","","","","","ActiveOpenFile","true","false","false","Resolved","303132383837323530303435333238"
"01","0027082","297438","FUTURE ELECTRONICS CORP.","39","","B40512","2014-05-12","","","","","B40519","2014-05-19","B40520","2014-05-20","","","01","","UPS","JOCELYN POULIMA","","","","ActiveOpenFile","true","false","false","Resolved","303132393734333830303237303832"
"01","0028191","297438","FUTURE ELECTRONICS CORP.","02","","B50716","2015-07-16","","","","","B50722","2015-07-22","B50803","2015-08-03","","","01","","","","","","","ActiveOpenFile","true","false","false","Resolved","303132393734333830303238313931"
"01","0028419","297438","FUTURE ELECTRONICS CORP.","02","","B51020","2015-10-20","","","","","B51023","2015-10-23","B51030","2015-10-30","","","01","","UPS","JOCELYN","","","","ActiveOpenFile","true","false","false","Resolved","303132393734333830303238343139"
"01","0028504","297438","FUTURE ELECTRONICS CORP.","02","","B60114","2016-01-14","","","","","B60118","2016-01-18","B61129","2016-11-29","","","01","","UPS","","","","","ActiveOpenFile","true","false","false","Resolved","303132393734333830303238353034"
"01","0039556","297438","FUTURE ELECTRONICS CORP.","A3","","B70303","2017-03-03","","","","","B70306","2017-03-06","","","","","01","","FED EX PREPAID","SUMIYYAH SHARIF","","","","ActiveOpenFile","true","false","false","Resolved","303132393734333830303339353536"
"01","0045974","297438","FUTURE ELECTRONICS CORP.","38","","C60318","2026-03-18","","","","","C60327","2026-03-27","","","","","01","","FED-EX","","","","","ActiveOpenFile","true","false","false","Resolved","303132393734333830303435393734"
"01","0045978","297438","FUTURE ELECTRONICS CORP.","38","","C60318","2026-03-18","","","","","C60331","2026-03-31","","","","","01","","FED-EX","","","","","ActiveOpenFile","true","false","false","Resolved","303132393734333830303435393738"
"01","0044734","316150","GLENAIR","02","","C40104","2024-01-04","","","","","C40108","2024-01-08","","","","","01","","","","","","","ActiveOpenFile","true","false","false","Resolved","303133313631353030303434373334"
"01","0000001","423887","INSULATION SUPPLY CO.","01","","C50210","2025-02-10","","","","","250210","2025-02-10","","","","","01","","","","","","","ActiveOpenFile","true","false","false","Resolved","303134323338383730303030303031"
"01","0027742","423887","INSULATION SUPPLY CO.","02","","B50112","2015-01-12","","","","","B50114","2015-01-14","B50116","2015-01-16","","","01","","UPS","SHELLY RAMSAY","","","","ActiveOpenFile","true","false","false","Resolved","303134323338383730303237373432"
"01","0038540","423887","INSULATION SUPPLY CO.","02","","B60114","2016-01-14","","","","","B60115","2016-01-15","","","","","01","","UPS","","","","","ActiveOpenFile","true","false","false","Resolved","303134323338383730303338353430"
"01","0026635","549825","MASTER ELECTRONICS","12","","B31029","2013-10-29","","","","","B31104","2013-11-04","B40113","2014-01-13","","","01","DLE ACCNT","UPS GRND","RAY GOLESTANI","","STD","","ActiveOpenFile","true","false","false","Resolved","303135343938323530303236363335"
"01","0027310","549825","MASTER ELECTRONICS","12","","B40724","2014-07-24","","","","","B40728","2014-07-28","B41126","2014-11-26","","","01","","UPS","RAY","","","","ActiveOpenFile","true","false","false","Resolved","303135343938323530303237333130"
"01","0027316","549825","MASTER ELECTRONICS","12","","B40724","2014-07-24","","","","","B40729","2014-07-29","B40807","2014-08-07","","","01","","UPS","RAY G","","","","ActiveOpenFile","true","false","false","Resolved","303135343938323530303237333136"
"01","0027379","549825","MASTER ELECTRONICS","30","","B40814","2014-08-14","","","","","B40818","2014-08-18","B40822","2014-08-22","","","01","","UPS","RAY","","","","ActiveOpenFile","true","false","false","Resolved","303135343938323530303237333739"
"01","0027594","549825","MASTER ELECTRONICS","12","","B41106","2014-11-06","","","","","B41107","2014-11-07","B50810","2015-08-10","","","01","","UPS","STHEPHANIE","","","","ActiveOpenFile","true","false","false","Resolved","303135343938323530303237353934"
"01","0027773","549825","MASTER ELECTRONICS","12","","B50128","2015-01-28","","","","","B50203","2015-02-03","B50428","2015-04-28","","","01","","UPS","","","","","ActiveOpenFile","true","false","false","Resolved","303135343938323530303237373733"
"01","0028352","549825","MASTER ELECTRONICS","12","","B50922","2015-09-22","","","","","B51002","2015-10-02","B51204","2015-12-04","","","01","","","","","","","ActiveOpenFile","true","false","false","Resolved","303135343938323530303238333532"
"01","0028423","549825","MASTER ELECTRONICS","02","","B51021","2015-10-21","","","","","B51023","2015-10-23","B51023","2015-10-23","","","01","","","JAIME","","","","ActiveOpenFile","true","false","false","Resolved","303135343938323530303238343233"
"01","0039471","549825","MASTER ELECTRONICS","39","","B70208","2017-02-08","","","","","B70327","2017-03-27","B70406","2017-04-06","","","01","","UPS","JAIME","","","","ActiveOpenFile","true","false","false","Resolved","303135343938323530303339343731"
"01","0039560","549825","MASTER ELECTRONICS","02","","B70303","2017-03-03","","","","","B71009","2017-10-09","B70815","2017-08-15","","","60","","UPS","JAIME","","","","ActiveOpenFile","true","false","false","Resolved","303135343938323530303339353630"
"01","0040959","549825","MASTER ELECTRONICS","87","","B81023","2018-10-23","","","","","B81203","2018-12-03","","","","","01","","UPS","JAIME","","","","ActiveOpenFile","true","false","false","Resolved","303135343938323530303430393539"
"01","0040962","549825","MASTER ELECTRONICS","12","","B81022","2018-10-22","","","","","B81024","2018-10-24","B81029","2018-10-29","","","01","","FED-EX","JAIME","","","","ActiveOpenFile","true","false","false","Resolved","303135343938323530303430393632"
"01","0041082","549825","MASTER ELECTRONICS","87","","B81218","2018-12-18","","","","","B90103","2019-01-03","B90104","2019-01-04","","","01","","FED-EX","JAIME","","","","ActiveOpenFile","true","false","false","Resolved","303135343938323530303431303832"
"01","0041807","549825","MASTER ELECTRONICS","12","","B91023","2019-10-23","","","","","B91024","2019-10-24","B91024","2019-10-24","","","01","","","","","","","ActiveOpenFile","true","false","false","Resolved","303135343938323530303431383037"
"01","0042092","549825","MASTER ELECTRONICS","12","","C00219","2020-02-19","","","","","C00224","2020-02-24","C00225","2020-02-25","","","01","","FED-EX","JAIME","","","","ActiveOpenFile","true","false","false","Resolved","303135343938323530303432303932"
"01","0042234","549825","MASTER ELECTRONICS","12","","C00421","2020-04-21","","","","","C00424","2020-04-24","C00428","2020-04-28","","","01","","FED-EX","JAIME","","","","ActiveOpenFile","true","false","false","Resolved","303135343938323530303432323334"
"01","0044931","549825","MASTER ELECTRONICS","60","","C40510","2024-05-10","","","","","C40714","2024-07-14","","","","","01","","","","","","","ActiveOpenFile","true","false","false","Resolved","303135343938323530303434393331"
"01","0045089","549825","MASTER ELECTRONICS","72","","C40807","2024-08-07","","","","","C41111","2024-11-11","","","","","01","","FED-EX","JAIME","","","","ActiveOpenFile","true","false","false","Resolved","303135343938323530303435303839"
"01","0045921","549825","MASTER ELECTRONICS","72","","C60202","2026-02-02","","","","","C60210","2026-02-10","C60211","2026-02-11","","","01","","FED-EX","JAIME","","","","ActiveOpenFile","true","false","false","Resolved","303135343938323530303435393231"
"01","0046080","549825","MASTER ELECTRONICS","31","","C60609","2026-06-09","","","","","C60611","2026-06-11","C60615","2026-06-15","","","01","","UPS","JAIME","","","","ActiveOpenFile","true","false","false","Resolved","303135343938323530303436303830"
"01","0046136","549825","MASTER ELECTRONICS","12","","C60726","2026-07-26","","","","","C60731","2026-07-31","","","","","01","","FED-EX","JAIME","","","","ActiveOpenFile","true","false","false","Resolved","303135343938323530303436313336"
"01","0267921","549825","MASTER ELECTRONICS","08","","B41024","2014-10-24","","","","","B41031","2014-10-31","","","","","01","","UPS","RAY","","","","ActiveOpenFile","true","false","false","Resolved","303135343938323530323637393231"
"01","0028001","559850","MCI TRANSFORMER CORP.","30","","B50416","2015-04-16","","","","","B50720","2015-07-20","B51216","2015-12-16","","","01","","","SKIP","","","","ActiveOpenFile","true","false","false","Resolved","303135353938353030303238303031"
"01","0040954","562250","MCMASTER-CARR","08","","B81018","2018-10-18","","","","","B81019","2018-10-19","","","","","01","","UPS","GARRETT","","","","ActiveOpenFile","true","false","false","Resolved","303135363232353030303430393534"
"01","0041558","562250","MCMASTER-CARR","12","","B90724","2019-07-24","","","","","B90726","2019-07-26","","","","","01","","","","","","","ActiveOpenFile","true","false","false","Resolved","303135363232353030303431353538"
"01","0043693","562250","MCMASTER-CARR","72","","C20420","2022-04-20","","","","","C20421","2022-04-21","","","","","01","","","","","","","ActiveOpenFile","true","false","false","Resolved","303135363232353030303433363933"
"01","0043863","562250","MCMASTER-CARR","B0","","C20628","2022-06-28","","","","","C20630","2022-06-30","C20629","2022-06-29","","","01","","FED-EX","MAY","","","","ActiveOpenFile","true","false","false","Resolved","303135363232353030303433383633"
"01","0044280","562250","MCMASTER-CARR","01","","C30227","2023-02-27","","","","","C30228","2023-02-28","","","","","01","","","","","","","ActiveOpenFile","true","false","false","Resolved","303135363232353030303434323830"
"01","0044382","562250","MCMASTER-CARR","01","","C30501","2023-05-01","","","","","C30502","2023-05-02","","","","","01","","DELIVERY","","","","","ActiveOpenFile","true","false","false","Resolved","303135363232353030303434333832"
"01","0027274","586250","MOUSER ELECTRONICS","02","","B40721","2014-07-21","","","","","B51030","2015-10-30","B50721","2015-07-21","","","01","","UPS","JOY","","","","ActiveOpenFile","true","false","false","Resolved","303135383632353030303237323734"
"01","0027596","586250","MOUSER ELECTRONICS","A2","","B41105","2014-11-05","","","","","B41107","2014-11-07","B41107","2014-11-07","","","01","","UPS","NANCY","","","","ActiveOpenFile","true","false","false","Resolved","303135383632353030303237353936"
"01","0027952","586250","MOUSER ELECTRONICS","08","","B50402","2015-04-02","","","","","B50409","2015-04-09","B50407","2015-04-07","","","01","","UPS","JOY","","","","ActiveOpenFile","true","false","false","Resolved","303135383632353030303237393532"
"01","0038837","586250","MOUSER ELECTRONICS","60","","B60527","2016-05-27","","","","","B60603","2016-06-03","","","","","01","","UPS","JOY CHENOWETH","","","","ActiveOpenFile","true","false","false","Resolved","303135383632353030303338383337"
"01","0038844","586250","MOUSER ELECTRONICS","87","","B60602","2016-06-02","","","","","B60608","2016-06-08","","","","","01","","UPS","ON-LINE","","","","ActiveOpenFile","true","false","false","Resolved","303135383632353030303338383434"
"01","0039657","586250","MOUSER ELECTRONICS","87","","B70330","2017-03-30","","","","","B70403","2017-04-03","","","","","01","","UPS UPGRADE","JOY","","","","ActiveOpenFile","true","false","false","Resolved","303135383632353030303339363537"
"01","0040024","586250","MOUSER ELECTRONICS","87","","B70918","2017-09-18","","","","","B70922","2017-09-22","B70919","2017-09-19","","","01","","UPS","JOY CHENOWETH","","","","ActiveOpenFile","true","false","false","Resolved","303135383632353030303430303234"
"01","0040624","586250","MOUSER ELECTRONICS","12","","B80523","2018-05-23","","","","","B80525","2018-05-25","B80605","2018-06-05","","","01","","UPS","","","","","ActiveOpenFile","true","false","false","Resolved","303135383632353030303430363234"
"01","0040757","586250","MOUSER ELECTRONICS","08","","B80810","2018-08-10","","","","","B80905","2018-09-05","B80917","2018-09-17","","","01","","UPS","JOY","","","","ActiveOpenFile","true","false","false","Resolved","303135383632353030303430373537"
"01","0040808","586250","MOUSER ELECTRONICS","12","","B80828","2018-08-28","","","","","B80829","2018-08-29","","","","","01","","UPS","SUE","","","","ActiveOpenFile","true","false","false","Resolved","303135383632353030303430383038"
"01","0040953","586250","MOUSER ELECTRONICS","08","","B81018","2018-10-18","","","","","B81025","2018-10-25","","","","","01","","UPS","JOY","","","","ActiveOpenFile","true","false","false","Resolved","303135383632353030303430393533"
"01","0041383","586250","MOUSER ELECTRONICS","31","","B90424","2019-04-24","","","","","B90913","2019-09-13","B90912","2019-09-12","","","01","","FED-EX","BPONNIE","","","","ActiveOpenFile","true","false","false","Resolved","303135383632353030303431333833"
"01","0041784","586250","MOUSER ELECTRONICS","38","","B91010","2019-10-10","","","","","B91017","2019-10-17","","","","","01","","","","","","","ActiveOpenFile","true","false","false","Resolved","303135383632353030303431373834"
"01","0042135","586250","MOUSER ELECTRONICS","87","","C00312","2020-03-12","","","","","C00317","2020-03-17","C00318","2020-03-18","","","01","","FED-EX","JOY","","","","ActiveOpenFile","true","false","false","Resolved","303135383632353030303432313335"
"01","0042161","586250","MOUSER ELECTRONICS","02","","C00318","2020-03-18","","","","","C00320","2020-03-20","C00320","2020-03-20","","","01","","FED-EX","","","","","ActiveOpenFile","true","false","false","Resolved","303135383632353030303432313631"
"01","0042457","586250","MOUSER ELECTRONICS","30","","C10203","2021-02-03","","","","","C10614","2021-06-14","C10208","2021-02-08","","","01","","FED-EX","","","","","ActiveOpenFile","true","false","false","Resolved","303135383632353030303432343537"
"01","0042471","586250","MOUSER ELECTRONICS","87","","C00904","2020-09-04","","","","","C01127","2020-11-27","C01130","2020-11-30","","","01","","FED-EX","JOY","","","","ActiveOpenFile","true","false","false","Resolved","303135383632353030303432343731"
"01","0042606","586250","MOUSER ELECTRONICS","02","","C01112","2020-11-12","","","","","C01119","2020-11-19","","","","","01","","FED-EX","MICHAEL","","","","ActiveOpenFile","true","false","false","Resolved","303135383632353030303432363036"
"01","0043115","586250","MOUSER ELECTRONICS","87","","C10726","2021-07-26","","","","","C10902","2021-09-02","","","","","01","","FED-EX","KRISTINA","","","","ActiveOpenFile","true","false","false","Resolved","303135383632353030303433313135"
"01","0043123","586250","MOUSER ELECTRONICS","87","","C10728","2021-07-28","","","","","C10805","2021-08-05","","","","","01","","FED-EX","JOY","","","","ActiveOpenFile","true","false","false","Resolved","303135383632353030303433313233"
"01","0043179","586250","MOUSER ELECTRONICS","01","","C10824","2021-08-24","","","","","C10826","2021-08-26","","","","","01","","FED-EX","TANA","","","","ActiveOpenFile","true","false","false","Resolved","303135383632353030303433313739"
"01","0043554","586250","MOUSER ELECTRONICS","B0","","C20224","2022-02-24","","","","","C20225","2022-02-25","","","","","01","","","","","","","ActiveOpenFile","true","false","false","Resolved","303135383632353030303433353534"
"01","0043696","586250","MOUSER ELECTRONICS","14","","C20420","2022-04-20","","","","","C20428","2022-04-28","","","","","01","","","","","","","ActiveOpenFile","true","false","false","Resolved","303135383632353030303433363936"
"01","0043713","586250","MOUSER ELECTRONICS","B0","","C20428","2022-04-28","","","","","C20502","2022-05-02","","","","","01","","","","","","","ActiveOpenFile","true","false","false","Resolved","303135383632353030303433373133"
"01","0043725","586250","MOUSER ELECTRONICS","87","","C20505","2022-05-05","","","","","C20509","2022-05-09","C20524","2022-05-24","","","01","","FED-EX","JOY","","","","ActiveOpenFile","true","false","false","Resolved","303135383632353030303433373235"
"01","0043893","586250","MOUSER ELECTRONICS","87","","C20713","2022-07-13","","","","","C20715","2022-07-15","220718","2022-07-18","","","01","","FED-EX","PATRICK","","","","ActiveOpenFile","true","false","false","Resolved","303135383632353030303433383933"
"01","0044084","586250","MOUSER ELECTRONICS","87","","C21117","2022-11-17","","","","","C21122","2022-11-22","C21205","2022-12-05","","","01","","FED-EX","PATRICK","","","","ActiveOpenFile","true","false","false","Resolved","303135383632353030303434303834"
"01","0044133","586250","MOUSER ELECTRONICS","08","","C21213","2022-12-13","","","","","C21221","2022-12-21","C21219","2022-12-19","","","01","","FED-EX","PATRICK","","","","ActiveOpenFile","true","false","false","Resolved","303135383632353030303434313333"
"01","0044171","586250","MOUSER ELECTRONICS","B0","","C30110","2023-01-10","","","","","C30323","2023-03-23","C30124","2023-01-24","","","01","","FED-EX","PATRICK","","","","ActiveOpenFile","true","false","false","Resolved","303135383632353030303434313731"
"01","0044812","586250","MOUSER ELECTRONICS","01","","C40226","2024-02-26","","","","","C40226","2024-02-26","","","","","01","","","","","","","ActiveOpenFile","true","false","false","Resolved","303135383632353030303434383132"
"01","0044989","586250","MOUSER ELECTRONICS","12","","C40617","2024-06-17","","","","","C40619","2024-06-19","C40620","2024-06-20","","","01","","FED-EX","","","","","ActiveOpenFile","true","false","false","Resolved","303135383632353030303434393839"
"01","0045037","586250","MOUSER ELECTRONICS","08","","C40717","2024-07-17","","","","","C40723","2024-07-23","C40723","2024-07-23","","","01","","UPS","KELLY-ANN","","","","ActiveOpenFile","true","false","false","Resolved","303135383632353030303435303337"
"01","0045459","586250","MOUSER ELECTRONICS","01","","C51001","2025-10-01","","","","","C51001","2025-10-01","","","","","01","","","","","","","ActiveOpenFile","true","false","false","Resolved","303135383632353030303435343539"
"01","0045475","586250","MOUSER ELECTRONICS","38","","C50515","2025-05-15","","","","","C51030","2025-10-30","","","","","01","","","","","","","ActiveOpenFile","true","false","false","Resolved","303135383632353030303435343735"
"01","0045884","586250","MOUSER ELECTRONICS","31","","C60119","2026-01-19","","","","","C60901","2026-09-01","C60504","2026-05-04","","","01","","UPS","KELLY","","","","ActiveOpenFile","true","false","false","Resolved","303135383632353030303435383834"
"01","0046040","586250","MOUSER ELECTRONICS","38","","C60429","2026-04-29","","","","","C60506","2026-05-06","C60504","2026-05-04","","","01","","UPS","","","","","ActiveOpenFile","true","false","false","Resolved","303135383632353030303436303430"
"01","0046112","586250","MOUSER ELECTRONICS","87","","C60713","2026-07-13","","","","","C60717","2026-07-17","","","","","01","","UPS","ON LINE","","","","ActiveOpenFile","true","false","false","Resolved","303135383632353030303436313132"
"01","0046117","586250","MOUSER ELECTRONICS","87","","C60715","2026-07-15","","","","","C60720","2026-07-20","","","","","01","","UPS","ON LINE","","","","ActiveOpenFile","true","false","false","Resolved","303135383632353030303436313137"
"01","0046123","586250","MOUSER ELECTRONICS","87","","C60716","2026-07-16","","","","","C60723","2026-07-23","","","","","01","","UPS","ON LINE","","","","ActiveOpenFile","true","false","false","Resolved","303135383632353030303436313233"
"01","0046127","586250","MOUSER ELECTRONICS","87","","C60720","2026-07-20","","","","","C60724","2026-07-24","","","","","01","","UPS","ON LINE","","","","ActiveOpenFile","true","false","false","Resolved","303135383632353030303436313237"
"01","0447557","586250","MOUSER ELECTRONICS","38","","C40115","2024-01-15","","","","","C40123","2024-01-23","","","","","01","","FED-EX","","","","","ActiveOpenFile","true","false","false","Resolved","303135383632353030343437353537"
"01","0026987","604338","NEWARK","12","","B40401","2014-04-01","","","","","B40403","2014-04-03","B40403","2014-04-03","","","01","","UPS","TOM","","","","ActiveOpenFile","true","false","false","Resolved","303136303433333830303236393837"
"01","0027116","604338","NEWARK","12","","B40528","2014-05-28","","","","","B40530","2014-05-30","B40530","2014-05-30","","","01","","UPS","TOM","","","","ActiveOpenFile","true","false","false","Resolved","303136303433333830303237313136"
"01","0027148","604338","NEWARK","38","","B40609","2014-06-09","","","","","B40611","2014-06-11","B40624","2014-06-24","","","01","","UPS","TOM","","","","ActiveOpenFile","true","false","false","Resolved","303136303433333830303237313438"
"01","0027216","604338","NEWARK","12","","B40626","2014-06-26","","","","","B40630","2014-06-30","B40630","2014-06-30","","","01","","UPS","TOM","","","","ActiveOpenFile","true","false","false","Resolved","303136303433333830303237323136"
"01","0028098","604338","NEWARK","93","","B50522","2015-05-22","","","","","B50526","2015-05-26","B50603","2015-06-03","","","01","","","","","","","ActiveOpenFile","true","false","false","Resolved","303136303433333830303238303938"
"01","0028202","604338","NEWARK","12","","B50721","2015-07-21","","","","","B50723","2015-07-23","","","","","01","","","","","","","ActiveOpenFile","true","false","false","Resolved","303136303433333830303238323032"
"01","0028294","604338","NEWARK","12","","B50825","2015-08-25","","","","","B50827","2015-08-27","B50831","2015-08-31","","","01","","","","","","","ActiveOpenFile","true","false","false","Resolved","303136303433333830303238323934"
"01","0028377","604338","NEWARK","12","","B51007","2015-10-07","","","","","B51009","2015-10-09","B51012","2015-10-12","","","01","","","","","","","ActiveOpenFile","true","false","false","Resolved","303136303433333830303238333737"
"01","0028403","604338","NEWARK","12","","B51014","2015-10-14","","","","","B51016","2015-10-16","B60104","2016-01-04","","","01","","","","","","","ActiveOpenFile","true","false","false","Resolved","303136303433333830303238343033"
"01","0038379","604338","NEWARK","87","","B51002","2015-10-02","","","","","B51006","2015-10-06","B51030","2015-10-30","","","01","","","","","","","ActiveOpenFile","true","false","false","Resolved","303136303433333830303338333739"
"01","0038409","604338","NEWARK","A3","","B51103","2015-11-03","","","","","B51106","2015-11-06","B51112","2015-11-12","","","01","","","","","","","ActiveOpenFile","true","false","false","Resolved","303136303433333830303338343039"
"01","0038530","604338","NEWARK","08","","B51222","2015-12-22","","","","","B60106","2016-01-06","","","","","01","","UPS","","","","","ActiveOpenFile","true","false","false","Resolved","303136303433333830303338353330"
"01","0038737","604338","NEWARK","01","","B60502","2016-05-02","","","","","B60502","2016-05-02","","","","","01","","","","","","","ActiveOpenFile","true","false","false","Resolved","303136303433333830303338373337"
"01","0038739","604338","NEWARK","01","","B60502","2016-05-02","","","","","B60502","2016-05-02","","","","","01","","","","","","","ActiveOpenFile","true","false","false","Resolved","303136303433333830303338373339"
"01","0038820","604338","NEWARK","01","","B60524","2016-05-24","","","","","B60524","2016-05-24","","","","","01","","","","","","","ActiveOpenFile","true","false","false","Resolved","303136303433333830303338383230"
"01","0039160","604338","NEWARK","08","","B61005","2016-10-05","","","","","B61014","2016-10-14","B61011","2016-10-11","","","01","","UPS","TOM","","","","ActiveOpenFile","true","false","false","Resolved","303136303433333830303339313630"
"01","0039349","604338","NEWARK","12","","B61216","2016-12-16","","","","","B61220","2016-12-20","B61222","2016-12-22","","","01","","UPS","MARTHA","","","","ActiveOpenFile","true","false","false","Resolved","303136303433333830303339333439"
"01","0039502","604338","NEWARK","08","","B70215","2017-02-15","","","","","B70221","2017-02-21","B70220","2017-02-20","","","01","","UPS","MARTHA","","","","ActiveOpenFile","true","false","false","Resolved","303136303433333830303339353032"
"01","0042149","604338","NEWARK","02","","C00316","2020-03-16","","","","","C00319","2020-03-19","","","","","01","","","","","","","ActiveOpenFile","true","false","false","Resolved","303136303433333830303432313439"
"01","0042351","604338","NEWARK","01","","C00710","2020-07-10","","","","","C00713","2020-07-13","","","","","01","","FED-EX","","","","","ActiveOpenFile","true","false","false","Resolved","303136303433333830303432333531"
"01","0042469","604338","NEWARK","01","","C10114","2021-01-14","","","","","C10114","2021-01-14","","","","","01","","","","","","","ActiveOpenFile","true","false","false","Resolved","303136303433333830303432343639"
"01","0042717","604338","NEWARK","B0","","C10113","2021-01-13","","","","","C10122","2021-01-22","","","","","01","","FED-EX","EVAN","","","","ActiveOpenFile","true","false","false","Resolved","303136303433333830303432373137"
"01","0043039","604338","NEWARK","12","","C10628","2021-06-28","","","","","C10701","2021-07-01","C20623","2022-06-23","","","01","","FED-EX","","","","","ActiveOpenFile","true","false","false","Resolved","303136303433333830303433303339"
"01","0043508","604338","NEWARK","87","","C20204","2022-02-04","","","","","C20218","2022-02-18","C20216","2022-02-16","","","01","","","","","","","ActiveOpenFile","true","false","false","Resolved","303136303433333830303433353038"
"01","0043645","604338","NEWARK","12","","C20404","2022-04-04","","","","","C20408","2022-04-08","C20411","2022-04-11","","","01","","FED-EX","","","","","ActiveOpenFile","true","false","false","Resolved","303136303433333830303433363435"
"01","0045867","604338","NEWARK","12","","C51217","2025-12-17","","","","","C51223","2025-12-23","","","","","01","","FED-EX","","","","","ActiveOpenFile","true","false","false","Resolved","303136303433333830303435383637"
"01","0045142","697850","PEI-GENESIS","02","","C40918","2024-09-18","","","","","C40930","2024-09-30","","","","","01","","UPS","NATHAN","","","","ActiveOpenFile","true","false","false","Resolved","303136393738353030303435313432"
"01","0046091","697850","PEI-GENESIS","01","","C60707","2026-07-07","","","","","C60707","2026-07-07","","","","","01","","","","","","","ActiveOpenFile","true","false","false","Resolved","303136393738353030303436303931"
"01","0040705","835350","","01","","B80719","2018-07-19","","","","","B80719","2018-07-19","","","","","01","","","","","","","ActiveOpenFile","true","false","false","Resolved","303138333533353030303430373035"
"01","0012291","854250","TTI, INC.","02","","B31216","2013-12-16","","","","","A20603","2002-06-03","","","N","","01","","","","","","0000051","ActiveOpenFile","true","false","false","Resolved","303138353432353030303132323931"
"01","0026593","854250","TTI, INC.","02","","B31017","2013-10-17","","","","","B40320","2014-03-20","B40328","2014-03-28","","","01","","UPS","PAUL","","","","ActiveOpenFile","true","false","false","Resolved","303138353432353030303236353933"
"01","0026636","854250","TTI, INC.","12","","B31029","2013-10-29","","","","","B31104","2013-11-04","","","","","01","","UPS","PAUL","","STD","","ActiveOpenFile","true","false","false","Resolved","303138353432353030303236363336"
"01","0027059","854250","TTI, INC.","12","","B40505","2014-05-05","","","","","B40508","2014-05-08","B40509","2014-05-09","","","01","","UPS","PAUL","","","","ActiveOpenFile","true","false","false","Resolved","303138353432353030303237303539"
"01","0027279","854250","TTI, INC.","12","","B40721","2014-07-21","","","","","B40725","2014-07-25","B41201","2014-12-01","","","01","","UPS","PAUL","","","","ActiveOpenFile","true","false","false","Resolved","303138353432353030303237323739"
"01","0027360","854250","TTI, INC.","12","","B40811","2014-08-11","","","","","B40815","2014-08-15","B40818","2014-08-18","","","01","","UPS","PAUL","","","","ActiveOpenFile","true","false","false","Resolved","303138353432353030303237333630"
"01","0038758","854250","TTI, INC.","01","","B60504","2016-05-04","","","","","B60511","2016-05-11","","","","","01","","","","","","","ActiveOpenFile","true","false","false","Resolved","303138353432353030303338373538"
"01","0039264","854250","TTI, INC.","87","","B61111","2016-11-11","","","","","B61122","2016-11-22","B61116","2016-11-16","","","01","","UPS","MELISSA RODRIGUEZ","","","","ActiveOpenFile","true","false","false","Resolved","303138353432353030303339323634"
"01","0039554","854250","TTI, INC.","A1","","B70302","2017-03-02","","","","","B70310","2017-03-10","","","","","01","","UPS","PAUL WEBER","","","","ActiveOpenFile","true","false","false","Resolved","303138353432353030303339353534"
"01","0039558","854250","TTI, INC.","02","","B70303","2017-03-03","","","","","B70417","2017-04-17","B70414","2017-04-14","","","45","","UPS","PAUL","","","","ActiveOpenFile","true","false","false","Resolved","303138353432353030303339353538"
"01","0041957","854250","TTI, INC.","87","","B91203","2019-12-03","","","","","B91210","2019-12-10","","","","","01","","","","","","","ActiveOpenFile","true","false","false","Resolved","303138353432353030303431393537"
"01","0042426","854250","TTI, INC.","87","","C00821","2020-08-21","","","","","C10104","2021-01-04","C01027","2020-10-27","","","01","","FED-EX","AUSTYN","","","","ActiveOpenFile","true","false","false","Resolved","303138353432353030303432343236"
"01","0042427","854250","TTI, INC.","87","","C00821","2020-08-21","","","","","C01230","2020-12-30","C01027","2020-10-27","","","01","","FED-EX","AUSTYN ABLES","","","","ActiveOpenFile","true","false","false","Resolved","303138353432353030303432343237"
"01","0042441","854250","TTI, INC.","87","","C00825","2020-08-25","","","","","C10105","2021-01-05","C01027","2020-10-27","","","01","","FED-EX","AUSTYN","","","","ActiveOpenFile","true","false","false","Resolved","303138353432353030303432343431"
"01","0042464","854250","TTI, INC.","87","","C00903","2020-09-03","","","","","C00914","2020-09-14","C01130","2020-11-30","","","01","","FED-EX","AUSTYN","","","","ActiveOpenFile","true","false","false","Resolved","303138353432353030303432343634"
"01","0042465","854250","TTI, INC.","87","","C00903","2020-09-03","","","","","C10104","2021-01-04","C01130","2020-11-30","","","01","","FED-EX","AUSTYN","","","","ActiveOpenFile","true","false","false","Resolved","303138353432353030303432343635"
"01","0043546","854250","TTI, INC.","87","","C20216","2022-02-16","","","","","C20217","2022-02-17","","","","","01","","UPS RED","","","","","ActiveOpenFile","true","false","false","Resolved","303138353432353030303433353436"
"01","0044896","854250","TTI, INC.","38","","C40417","2024-04-17","","","","","C40520","2024-05-20","C40725","2024-07-25","","","01","","UPS","JACOB","","","","ActiveOpenFile","true","false","false","Resolved","303138353432353030303434383936"
"01","0044949","854250","TTI, INC.","60","","C40530","2024-05-30","","","","","C40612","2024-06-12","C40612","2024-06-12","","","01","","","","","","","ActiveOpenFile","true","false","false","Resolved","303138353432353030303434393439"
"01","0045898","854250","TTI, INC.","31","","C60122","2026-01-22","","","","","C60601","2026-06-01","C60622","2026-06-22","","","01","","UPS","GATLIN","","","","ActiveOpenFile","true","false","false","Resolved","303138353432353030303435383938"
"01","0045934","854250","TTI, INC.","38","","C60211","2026-02-11","","","","","C60306","2026-03-06","C60309","2026-03-09","","","01","","UPS","GATLIN","","","","ActiveOpenFile","true","false","false","Resolved","303138353432353030303435393334"
"01","0442218","854250","TTI, INC.","87","","C30202","2023-02-02","","","","","C30208","2023-02-08","","","","","01","","","","","","","ActiveOpenFile","true","false","false","Resolved","303138353432353030343432323138"
"01","0039759","889350","USI ELECTRONICS","14","","B70512","2017-05-12","","","","","B70601","2017-06-01","B70524","2017-05-24","","","01","","UPS GROUND","DARRELL MILLER","","","","ActiveOpenFile","true","false","false","Resolved","303138383933353030303339373539"
"01","0039859","889350","USI ELECTRONICS","31","","B70706","2017-07-06","","","","","B70710","2017-07-10","","","","","01","","UPS","DARRELL MILLER","","","","ActiveOpenFile","true","false","false","Resolved","303138383933353030303339383539"
"01","0042610","889350","USI ELECTRONICS","62","","C01112","2020-11-12","","","","","C10303","2021-03-03","C10202","2021-02-02","","","01","","FED-EX","DARRELL","","","","ActiveOpenFile","true","false","false","Resolved","303138383933353030303432363130"
"01","0043089","889350","USI ELECTRONICS","62","07","C10719","2021-07-19","","","","","C10830","2021-08-30","","","","","01","","FED-EX","","","","","ActiveOpenFile","true","false","false","Resolved","303138383933353030303433303839"
"01","0043374","889350","USI ELECTRONICS","31","","C11206","2021-12-06","","","","","C20517","2022-05-17","C20517","2022-05-17","","","01","","FED-EX","DARRELL","","","","ActiveOpenFile","true","false","false","Resolved","303138383933353030303433333734"
"01","0044983","889350","USI ELECTRONICS","62","","C40614","2024-06-14","","","","","C40730","2024-07-30","250311","2025-03-11","","","01","","UPS","DARRELL","","","","ActiveOpenFile","true","false","false","Resolved","303138383933353030303434393833"
"01","0045604","889350","USI ELECTRONICS","62","","C50606","2025-06-06","","","","","C70103","2027-01-03","C60331","2026-03-31","","","01","","UPS","DARRELL","","","","ActiveOpenFile","true","false","false","Resolved","303138383933353030303435363034"
"01","0045607","889350","USI ELECTRONICS","62","","C50609","2025-06-09","","","","","C70103","2027-01-03","C60319","2026-03-19","","","01","","UPS","DARRELL","","","","ActiveOpenFile","true","false","false","Resolved","303138383933353030303435363037"
"01","0045897","889350","USI ELECTRONICS","31","","C60122","2026-01-22","","","","","C60601","2026-06-01","C60601","2026-06-01","","","01","","UPS","DARRELL","","","","ActiveOpenFile","true","false","false","Resolved","303138383933353030303435383937"
"01","0043486","895425","VALLEY SYNCOM CIRCUITS","38","","C20131","2022-01-31","","","","","C21231","2022-12-31","C20221","2022-02-21","","","01","","","","","","","ActiveOpenFile","true","false","false","Resolved","303138393534323530303433343836"
"01","0046089","895425","VALLEY SYNCOM CIRCUITS","38","","C60622","2026-06-22","","","","","C60720","2026-07-20","","","","","01","","FED-EX","DREW JANES","","","","ActiveOpenFile","true","false","false","Resolved","303138393534323530303436303839"
"01","0026659","947850","FDH ELECTRONICS","02","","B31106","2013-11-06","","","","","B31115","2013-11-15","B31122","2013-11-22","","","01","","UPS","JASON M","","STD","","ActiveOpenFile","true","false","false","Resolved","303139343738353030303236363539"
"01","0027895","947850","FDH ELECTRONICS","27","","B50316","2015-03-16","","","","","B50317","2015-03-17","","","","","01","","UPS","SHAWNA MARIE","","","","ActiveOpenFile","true","false","false","Resolved","303139343738353030303237383935"
"01","0038693","947850","FDH ELECTRONICS","27","","B60411","2016-04-11","","","","","B60412","2016-04-12","B60412","2016-04-12","","","01","","W/C","","","","","ActiveOpenFile","true","false","false","Resolved","303139343738353030303338363933"
"01","0040950","947850","FDH ELECTRONICS","31","","B81017","2018-10-17","","","","","B81019","2018-10-19","","","","","01","","UPS","ROB","","","","ActiveOpenFile","true","false","false","Resolved","303139343738353030303430393530"
"01","0040951","947850","FDH ELECTRONICS","01","","B81017","2018-10-17","","","","","B81019","2018-10-19","","","","","01","","UPS","ROB","","","","ActiveOpenFile","true","false","false","Resolved","303139343738353030303430393531"
"01","0040957","947850","FDH ELECTRONICS","01","","B81018","2018-10-18","","","","","B81019","2018-10-19","","","","","01","","UPS","ROB","","","","ActiveOpenFile","true","false","false","Resolved","303139343738353030303430393537"
"01","0041277","947850","FDH ELECTRONICS","02","","B90314","2019-03-14","","","","","B90719","2019-07-19","B90722","2019-07-22","","","01","","FED-EX","SCOTT","","","","ActiveOpenFile","true","false","false","Resolved","303139343738353030303431323737"
"01","0041311","947850","FDH ELECTRONICS","31","","B90328","2019-03-28","","","","","B91004","2019-10-04","B90408","2019-04-08","","","01","","FED-EX","ROB","","","","ActiveOpenFile","true","false","false","Resolved","303139343738353030303431333131"
"01","0042172","947850","FDH ELECTRONICS","02","","C00323","2020-03-23","","","","","C00325","2020-03-25","C00330","2020-03-30","","","01","","","","","","","ActiveOpenFile","true","false","false","Resolved","303139343738353030303432313732"
"01","0042273","947850","FDH ELECTRONICS","02","","C00522","2020-05-22","","","","","C00601","2020-06-01","","","","","01","","FED-EX","ROB","","","","ActiveOpenFile","true","false","false","Resolved","303139343738353030303432323733"
"01","0042445","947850","FDH ELECTRONICS","B0","","C00825","2020-08-25","","","","","C00828","2020-08-28","C00903","2020-09-03","","","01","","FED-EX","BREE ANDERSON","","","","ActiveOpenFile","true","false","false","Resolved","303139343738353030303432343435"
"01","0042738","947850","FDH ELECTRONICS","B0","","C10121","2021-01-21","","","","","C10126","2021-01-26","C10202","2021-02-02","","","01","","FED-EX","SCOTT","","","","ActiveOpenFile","true","false","false","Resolved","303139343738353030303432373338"
"01","0042948","947850","FDH ELECTRONICS","72","","C10519","2021-05-19","","","","","C10524","2021-05-24","","","","","01","","FED-EX","SCOTT","","","","ActiveOpenFile","true","false","false","Resolved","303139343738353030303432393438"
"01","0043686","947850","FDH ELECTRONICS","B0","","C20419","2022-04-19","","","","","C20421","2022-04-21","","","","","01","","","","","","","ActiveOpenFile","true","false","false","Resolved","303139343738353030303433363836"
"01","0044910","947850","FDH ELECTRONICS","31","","C40424","2024-04-24","","","","","C40515","2024-05-15","","","","","01","","","","","","","ActiveOpenFile","true","false","false","Resolved","303139343738353030303434393130"
"01","0045029","947850","FDH ELECTRONICS","B0","","C40711","2024-07-11","","","","","C40715","2024-07-15","C40718","2024-07-18","","","01","","UPS","ROBERT","","","","ActiveOpenFile","true","false","false","Resolved","303139343738353030303435303239"
"01","0045287","947850","FDH ELECTRONICS","31","","C41220","2024-12-20","","","","","C50410","2025-04-10","C50331","2025-03-31","","","01","","FED-EX","SCOTT","","","","ActiveOpenFile","true","false","false","Resolved","303139343738353030303435323837"
"01","0045473","947850","FDH ELECTRONICS","B0","","C50514","2025-05-14","","","","","C50530","2025-05-30","C50602","2025-06-02","","","01","","UPS","SCOTT","","","","ActiveOpenFile","true","false","false","Resolved","303139343738353030303435343733"
"99","9999999","999999","","XX","XX","251008","2025-10-08","XXXXXX","","XXXXXX","","XXXXXX","","XXXXXX","","X","X","XX","XXXXXXXXXXXXXXX","XXXXXXXXXXXXXXX","XXXXXXXXXXXXXXXXXXXX","XXXXXXXXXXXXXXX","XXX","XXXXXXX","ActiveOpenFile","true","false","false","MissingCurrentVendor","393939393939393939393939393939"
