"FirmId","PurchaseOrderNumber","PurchaseOrderLineNumber","VendorNumber","LineCode","LineType","RequiredDateRaw","RequiredDateIso","PromisedDateRaw","PromisedDateIso","NotBeforeDateRaw","NotBeforeDateIso","UnitOfMeasure","InventoryLocation","SourceCode","MessageCode","WorkOrderNumber","CustomerNumber","SalesOrderNumber","SalesOrderLineNumber","ShipToNumber","WarehouseId","ItemNumber","ItemDescription","OrderMemo","ConversionFactor","QuantityRequested","QuantityOrdered","QuantityReceived","QuantityOpen","QuantityInQualityWip","QuantityAcceptedFromQuality","QuantityRejected","QuantityInvoiced","LineStatus","IsOpen","IsClosed","IsCanceled","InventoryResolutionStatus","WorkOrderResolutionStatus","SalesOrderResolutionStatus","SourceRecordIdentity"
"01","0044118","005","000031","S","Stock","C21212","2022-12-12","","","","","EA","Stock","","","0115158","001165","0011608","010","","31","2651MM","STYCAST BLACK 1 GALLON",":STYCAST BLACK 1 GALLON","1","0","2","0","2","0","0","0","0","Open","true","false","false","Resolved","Resolved","MissingCurrentSalesOrder","303130303030333130303434313138303035"
"01","0044336","005","000031","S","Stock","C30403","2023-04-03","","","","","EA","Stock","","","","","","","","14","2302-0019","SAELANT THINNER","521 THINNER:SAELANT THINNER","1","0","1","0","1","0","0","0","0","Open","true","false","false","Resolved","NotReferenced","NotReferenced","303130303030333130303434333336303035"
"01","0044336","010","000031","M","NonStock","C30403","2023-04-03","","","","","","","","","","","","","","14","","","FOR: CU50745","0","0","0","0","0","0","0","0","0","FullyReceivedPendingClose","false","false","false","NotApplicableNonStock","NotReferenced","NotReferenced","303130303030333130303434333336303130"
"01","0038651","005","000032","S","Stock","B60329","2016-03-29","","","","","EA","Stock","","","","","","","","01","37115","ESD 18X2X4.5 OPEN BIN BOX PP",":ESD 18X2X4.5 OPEN BIN BOX PP","1","0","100","100","0","0","0","0","100","FullyReceivedPendingClose","false","false","false","Resolved","NotReferenced","NotReferenced","303130303030333230303338363531303035"
"01","0038651","010","000032","S","Stock","B60329","2016-03-29","","","","","EA","Stock","","","","","","","","01","13881","CLEAR ESD BAG 5X8 ZIP","88-613-40:CLEAR ESD BAG 5X8 ZI","1","0","3","0","3","0","0","0","0","Open","true","false","false","Resolved","NotReferenced","NotReferenced","303130303030333230303338363531303130"
"01","0038651","015","000032","S","Stock","B60329","2016-03-29","","","","","EA","Stock","","","","","","","","01","13880","CLEAR ESD BAGS 4X6 ZIP","88-613-39:CLEAR ESD BAGS 4X6 Z","1","0","2","0","2","0","0","0","0","Open","true","false","false","Resolved","NotReferenced","NotReferenced","303130303030333230303338363531303135"
"01","0038651","020","000032","S","Stock","B60329","2016-03-29","","","","","EA","Stock","","","","","","","","01","13882","CLEAR ESD BAG 8X10 ZIP",":CLEAR ESD BAG 8X10 ZIP","1","0","3","0","3","0","0","0","0","Open","true","false","false","Resolved","NotReferenced","NotReferenced","303130303030333230303338363531303230"
"01","0042222","010","000032","S","Stock","C00615","2020-06-15","","","","","EA","Stock","","","","","","","","01","13665","8X12ESD METALIC BAGS ZIP 100/P","88-610-17:8X12ESD METALIC BAGS","1","0","10","0","10","0","0","0","0","Open","true","false","false","Resolved","NotReferenced","NotReferenced","303130303030333230303432323232303130"
"01","0042222","015","000032","S","Stock","C00824","2020-08-24","","","","","EA","Stock","","","","","","","","01","13665","8X12ESD METALIC BAGS ZIP 100/P","88-610-17:8X12ESD METALIC BAGS","1","0","10","0","10","0","0","0","0","Open","true","false","false","Resolved","NotReferenced","NotReferenced","303130303030333230303432323232303135"
"01","0042222","020","000032","M","NonStock","C00824","2020-08-24","","","","","","","","","","","","","","01","","","ALL STK DLE","0","0","0","0","0","0","0","0","0","FullyReceivedPendingClose","false","false","false","NotApplicableNonStock","NotReferenced","NotReferenced","303130303030333230303432323232303230"
"01","0042363","005","000032","S","Stock","C00727","2020-07-27","","","","","EA","Stock","","","","","","","","01","SMART","BRICK BRAIN PCB",":BRICK BRAIN PCB","1","0","0","0","0","0","0","0","0","FullyReceivedPendingClose","false","false","false","Resolved","NotReferenced","NotReferenced","303130303030333230303432333633303035"
"01","0043754","025","000032","S","Stock","C20517","2022-05-17","","","","","EA","Stock","","","","","","","","01","88-600-64","18X18 OPEN TOP ESD 100/PK","13520:18X18 OPEN TOP ESD 100/PK","1","0","2","0","2","0","0","0","0","Open","true","false","false","Resolved","NotReferenced","NotReferenced","303130303030333230303433373534303235"
"01","0043754","030","000032","M","NonStock","C20517","2022-05-17","","","","","","","","","","","","","","01","","","DROP SHIPPED","0","0","0","0","0","0","0","0","0","FullyReceivedPendingClose","false","false","false","NotApplicableNonStock","NotReferenced","NotReferenced","303130303030333230303433373534303330"
"01","0043754","035","000032","M","NonStock","C20517","2022-05-17","","","","","","","","","","","","","","01","","","THIS ORDER WAS PAID 5/16/22","0","0","0","0","0","0","0","0","0","FullyReceivedPendingClose","false","false","false","NotApplicableNonStock","NotReferenced","NotReferenced","303130303030333230303433373534303335"
"01","0026699","008","000034","S","Stock","B31123","2013-11-23","","","","","EA","Stock","","","","","","","","12","SZ4101G500DT","CTS206-4","206-4:CTS206-4","1","0","30","25","5","0","0","0","25","Open","true","false","false","Resolved","NotReferenced","NotReferenced","303130303030333430303236363939303038"
"01","0026699","009","000034","M","NonStock","B31123","2013-11-23","","","","","","","","","","","","","","12","","","STK","0","0","0","0","0","0","0","0","0","FullyReceivedPendingClose","false","false","false","NotApplicableNonStock","NotReferenced","NotReferenced","303130303030333430303236363939303039"
"01","0028579","005","000049","S","Stock","B60315","2016-03-15","","","","","EA","Stock","","","0111536","001249","0009471","010","","A3","EP4-NL-9462","PCB BARE BOARD",":PCB BARE BOARD","1","0","5","0","5","0","0","0","0","Open","true","false","false","Resolved","Resolved","MissingCurrentSalesOrder","303130303030343930303238353739303035"
"01","0028579","010","000049","S","Stock","B60315","2016-03-15","","","","","EA","Stock","","","","","","","","A3","EP4-NL-9462","PCB BARE BOARD",":PCB BARE BOARD","1","0","20","0","20","0","0","0","0","Open","true","false","false","Resolved","NotReferenced","NotReferenced","303130303030343930303238353739303130"
"01","0028579","015","000049","S","Stock","B60315","2016-03-15","","","","","EA","Stock","","","","","","","","A3","NRE","CHARGE",":CHARGE","1","0","1","0","1","0","0","0","0","Open","true","false","false","Resolved","NotReferenced","NotReferenced","303130303030343930303238353739303135"
"01","0038548","015","000049","S","Stock","B60212","2016-02-12","","","","","EA","Stock","","","","","","","","01","TEST","CHARGE","FIXTURE:CHARGE","1","0","1","0","1","0","0","0","0","Open","true","false","false","Resolved","NotReferenced","NotReferenced","303130303030343930303338353438303135"
"01","0038648","010","000049","S","Stock","B60406","2016-04-06","","","","","EA","Stock","","","","","","","","01","NRE","CHARGE","TEST:CHARGE","1","0","1","0","1","0","0","0","0","Open","true","false","false","Resolved","NotReferenced","NotReferenced","303130303030343930303338363438303130"
"01","0039428","005","000049","S","Stock","B70201","2017-02-01","","","","","EA","Stock","","","0112307","001249","0009802","010","","A3","EP4-NL-9418","OSD CON. BARE BOARD",":OSD CON. BARE BOARD","1","0","25","0","25","0","0","0","25","Open","true","false","false","Resolved","Resolved","MissingCurrentSalesOrder","303130303030343930303339343238303035"
"01","0040976","005","000049","S","Stock","B81101","2018-11-01","","","","","EA","Stock","","","","","","","","87","N4-304","PCB ASSEMBLY",":PCB ASSEMBLY","1","0","3","0","3","0","0","0","0","Open","true","false","false","Resolved","NotReferenced","NotReferenced","303130303030343930303430393736303035"
"01","0040976","010","000049","M","NonStock","B81101","2018-11-01","","","","","","","","","","","","","","87","","","STK","0","0","0","0","0","0","0","0","0","FullyReceivedPendingClose","false","false","false","NotApplicableNonStock","NotReferenced","NotReferenced","303130303030343930303430393736303130"
"01","0046113","005","000049","S","Stock","C60804","2026-08-04","","","","","EA","Stock","","","","","","","","87","N4-246 REV B","PCB BARE BOARD",":PCB BARE BOARD","1","0","100","0","100","0","0","0","0","Open","true","false","false","Resolved","NotReferenced","NotReferenced","303130303030343930303436313133303035"
"01","0046113","010","000049","M","NonStock","C60804","2026-08-04","","","","","","","","","","","","","","87","","","FOR: B11020-26","0","0","0","0","0","0","0","0","0","FullyReceivedPendingClose","false","false","false","NotApplicableNonStock","NotReferenced","NotReferenced","303130303030343930303436313133303130"
"01","0046116","005","000049","S","Stock","C60811","2026-08-11","","","","","EA","Stock","","","0115615","001082","0012093","010","","87","N4-362 REV C","A100 PCB",":A100 PCB","1","0","15","0","15","0","0","0","0","Open","true","false","false","Resolved","Resolved","Resolved","303130303030343930303436313136303035"
"01","0027329","005","000057","S","Stock","B40730","2014-07-30","","","","","","Stock","","","","","","","","01","DLE IT 157-01","MEGA MOLE SMT PROFILER",":MEGA MOLE SMT PROFILER","1","0","1","0","1","0","0","0","0","Open","true","false","false","Resolved","NotReferenced","NotReferenced","303130303030353730303237333239303035"
"01","0028476","005","000073","S","Stock","B51215","2015-12-15","","","","","EA","Stock","","","","","","","","01","SS1836X","EPMAR POTTING BLK PART A&B","EPSS1836X GL:EPMAR POTTING MAT","1","0","2","0","2","0","0","0","4","Open","true","false","false","Resolved","NotReferenced","NotReferenced","303130303030373330303238343736303035"
"01","0028229","010","000075","S","Stock","B50901","2015-09-01","","","","","EA","Stock","","","","","","","","14","SC13932-2","STANDOFF, SWAGE","U41074-R-A-.075-23:STANDOFF, SWAGE","1","0","26","22","4","0","0","0","22","Open","true","false","false","Resolved","NotReferenced","NotReferenced","303130303030373530303238323239303130"
"01","0027620","005","000077","S","Stock","B41118","2014-11-18","","","","","EA","Stock","","","0110562","001238","0008962","010","","08","3689-20-7","POWER RECPTCL EAC309",":POWER RECPTCL EAC309","1","0","38","35","3","0","0","0","35","Open","true","false","false","Resolved","Resolved","MissingCurrentSalesOrder","303130303030373730303237363230303035"
"01","0043724","010","000077","S","Stock","C20506","2022-05-06","","","","","EA","Stock","","","0115008","001082","0011494","010","","87","T491X476K035AT","CAP TANT 47UF 10% 35V 2917",":CAP TANT 47UF 10% 35V 2917","1","0","100","90","10","0","0","0","0","Open","true","false","false","Resolved","Resolved","MissingCurrentSalesOrder","303130303030373730303433373234303130"
"01","0043998","005","000077","S","Stock","C21003","2022-10-03","","","","","EA","Stock","","","","","","","","12","M71-16-423","1"" X 0.375""(25.4 MM X 9.53MM)",":1"" X 0.375""(25.4 MM X 9.53MM)","1","0","2","0","2","0","0","0","0","Open","true","false","false","Resolved","NotReferenced","NotReferenced","303130303030373730303433393938303035"
"01","0026776","010","000099","S","Stock","B31223","2013-12-23","","","","","EA","Stock","","","","001148","0008574","060","","12","77-3348","T.HOLE TAB TERMINAL","1021:1021 ZIERICK","1","0","800","0","800","0","0","0","0","Open","true","false","false","Resolved","NotReferenced","MissingCurrentSalesOrder","303130303030393930303236373736303130"
"01","0027530","005","000099","S","Stock","B41014","2014-10-14","","","","","EA","Stock","","","0110370","839287","0008859","","","30","4CNKEZ","4-40 KEPS NUT 4CNKE0Z",":4-40 KEPS NUT 4CNKE0Z","1","0","5000","4158","842","0","0","0","0","Open","true","false","false","Resolved","Resolved","MissingCurrentSalesOrder","303130303030393930303237353330303035"
"01","0028081","020","000099","S","Stock","B50519","2015-05-19","","","","","EA","Stock","","","0110883","001057","0009126","010","","72","+903002-0811","NUT,HEX #10-24 STAINLESS STEEL","10CNMSS:NUT,HEX #10-24 STAINLESS STEEL","1","0","1000","700","300","0","0","0","700","Open","true","false","false","Resolved","Resolved","MissingCurrentSalesOrder","303130303030393930303238303831303230"
"01","0028247","045","000099","S","Stock","B50811","2015-08-11","","","","","EA","Stock","","","0111077","001148","0009230","","","12","48-2681","NUT KEP 6-32","6CNKES:NUT KEP 6-32","1","0","435","0","435","0","0","0","0","Open","true","false","false","Resolved","Resolved","MissingCurrentSalesOrder","303130303030393930303238323437303435"
"01","0028247","050","000099","S","Stock","B50811","2015-08-11","","","","","EA","Stock","","","","","","","","12","48-2681","NUT KEP 6-32","6CNKES:NUT KEP 6-32","1","0","565","0","565","0","0","0","0","Open","true","false","false","Resolved","NotReferenced","NotReferenced","303130303030393930303238323437303530"
"01","0040127","005","000099","N","NonStock","B71108","2017-11-08","","","","","EA","","","","","","","","","01","90760A009","","ZINC - PLATED NARROW HEX 8-32 PKG 100","0","0","4","0","4","0","0","0","0","Open","true","false","false","NotApplicableNonStock","NotReferenced","NotReferenced","303130303030393930303430313237303035"
"01","0040127","010","000099","N","NonStock","B71108","2017-11-08","","","","","EA","","","","","","","","","01","91113A009","","ZINC - PLATED INT. TOOTH WSHR #8 PKG 100","0","0","4","0","4","0","0","0","0","Open","true","false","false","NotApplicableNonStock","NotReferenced","NotReferenced","303130303030393930303430313237303130"
"01","0040127","015","000099","M","NonStock","B71108","2017-11-08","","","","","","","","","","","","","","01","","","FOR JPL - REPLACEMENT PARTS","0","0","0","0","0","0","0","0","0","FullyReceivedPendingClose","false","false","false","NotApplicableNonStock","NotReferenced","NotReferenced","303130303030393930303430313237303135"
"01","0027560","005","000104","S","Stock","B41023","2014-10-23","","","","","EA","Stock","","","0110526","900022","0008936","010","","A4","119467","8000-16-R HDR 16 PIN",":8000-16-R HDR 16 PIN","1","0","50","0","50","0","0","0","0","Open","true","false","false","Resolved","Resolved","MissingCurrentSalesOrder","303130303031303430303237353630303035"
"01","0027560","010","000104","S","Stock","B41023","2014-10-23","","","","","EA","Stock","","","","","","","","A4","119467","8000-16-R HDR 16 PIN",":8000-16-R HDR 16 PIN","1","0","2","0","2","0","0","0","0","Open","true","false","false","Resolved","NotReferenced","NotReferenced","303130303031303430303237353630303130"
"01","0027560","015","000104","S","Stock","B41023","2014-10-23","","","","","FT","Stock","","","","","","","","A4","734411","24 AWG BLACK",":24 AWG BLACK","1","0","1","0","1","0","0","0","0","Open","true","false","false","Resolved","NotReferenced","NotReferenced","303130303031303430303237353630303135"
"01","0026585","002","000118","N","NonStock","B31023","2013-10-23","","","","","","","","","","","","","","01","X3001","","EXACTO KNIFE HOLDER","0","0","3","0","3","0","0","0","0","Open","true","false","false","NotApplicableNonStock","NotReferenced","NotReferenced","303130303031313830303236353835303032"
"01","0026585","003","000118","N","NonStock","B31023","2013-10-23","","","","","","","","","","","","","","01","#11","","1 BOX OF 100 EXACTO BLADES","0","0","1","0","1","0","0","0","0","Open","true","false","false","NotApplicableNonStock","NotReferenced","NotReferenced","303130303031313830303236353835303033"
"01","0026760","002","000144","S","Stock","B40120","2014-01-20","","","","","EA","Stock","","","","","","","","12","77-3008","TERM SOLDER TURRET .187"".062""L",":160-2027-02-05-28/ 10-301-2-05","1","0","225","225","0","0","0","0","225","FullyReceivedPendingClose","false","false","false","Resolved","NotReferenced","NotReferenced","303130303031343430303236373630303032"
"01","0026760","003","000144","M","NonStock","B40120","2014-01-20","","","","","","","","","","","","","","12","","","STK","0","0","0","0","0","0","0","0","0","FullyReceivedPendingClose","false","false","false","NotApplicableNonStock","NotReferenced","NotReferenced","303130303031343430303236373630303033"
"01","0027288","005","000144","S","Stock","B40805","2014-08-05","","","","","EA","Stock","","","0110218","839287","0008775","020","","30","TO-16-040","DISS-O-PADS BIVAR SPACERS",":DISS-O-PADS BIVAR SPACERS","1","0","500","0","500","0","0","0","0","Open","true","false","false","Resolved","Resolved","MissingCurrentSalesOrder","303130303031343430303237323838303035"
"01","0027288","010","000144","S","Stock","B40805","2014-08-05","","","","","EA","Stock","","","0110217","839287","0008775","010","","30","TO-16-040","DISS-O-PADS BIVAR SPACERS",":DISS-O-PADS BIVAR SPACERS","1","0","150","0","150","0","0","0","0","Open","true","false","false","Resolved","Resolved","MissingCurrentSalesOrder","303130303031343430303237323838303130"
"01","0027288","015","000144","S","Stock","B40805","2014-08-05","","","","","EA","Stock","","","","","","","","30","TO-16-040","DISS-O-PADS BIVAR SPACERS",":DISS-O-PADS BIVAR SPACERS","1","0","350","0","350","0","0","0","0","Open","true","false","false","Resolved","NotReferenced","NotReferenced","303130303031343430303237323838303135"
"01","0038382","005","000144","S","Stock","B51008","2015-10-08","","","","","EA","Stock","","","","","","","","01","TO-11-060","2.5MM OD 1.1MM ID WSHAWY SPCR",":TO-11-060 WASHAWAY SPACER","1","0","1000","1000","0","0","0","0","1000","FullyReceivedPendingClose","false","false","false","Resolved","NotReferenced","NotReferenced","303130303031343430303338333832303035"
"01","0041916","015","000144","S","Stock","C00210","2020-02-10","","","","","EA","Stock","","","0113651","565650","0010679","010","","38","NAS1352C04LL4","SCREW, SKT HD CAP 1/4 LG",":SCREW, SKT HD CAP 1/4 LG","1","0","100","82","18","0","0","0","0","Open","true","false","false","Resolved","Resolved","MissingCurrentSalesOrder","303130303031343430303431393136303135"
"01","0039043","005","000155","S","Stock","B60824","2016-08-24","","","","","FT","Stock","","","","","","","","A2","6004-0013","CABLE,COAXIAL,PTFE,RG316",":CABLE,COAXIAL,PTFE,RG316","1","0","2300","2300","0","0","0","0","2300","FullyReceivedPendingClose","false","false","false","Resolved","NotReferenced","NotReferenced","303130303031353530303339303433303035"
"01","0039565","005","000155","S","Stock","B70307","2017-03-07","","","","","FT","Stock","","","0112388","900015","0009851","","","A2","6028-0160","M16878/6 -19/36 24AWG WHT PTFE","M16878/6BEE-9:M16878/6 -19/36 24AW","1","0","250","0","250","0","0","0","250","Open","true","false","false","Resolved","Resolved","MissingCurrentSalesOrder","303130303031353530303339353635303035"
"01","0039565","010","000155","S","Stock","B70307","2017-03-07","","","","","FT","Stock","","","0112386","900015","0009850","010","","A2","6028-0160","M16878/6 -19/36 24AWG WHT PTFE","M16878/6BEE-9:M16878/6 -19/36 24AW","1","0","50","0","50","0","0","0","50","Open","true","false","false","Resolved","Resolved","MissingCurrentSalesOrder","303130303031353530303339353635303130"
"01","0039565","015","000155","S","Stock","B70307","2017-03-07","","","","","FT","Stock","","","0112385","900015","0009849","","","A2","6028-0160","M16878/6 -19/36 24AWG WHT PTFE","M16878/6BEE-9:M16878/6 -19/36 24AW","1","0","100","0","100","0","0","0","100","Open","true","false","false","Resolved","Resolved","MissingCurrentSalesOrder","303130303031353530303339353635303135"
"01","0039565","020","000155","S","Stock","B70307","2017-03-07","","","","","FT","Stock","","","0112387","900015","0009850","040","","A2","6028-0160","M16878/6 -19/36 24AWG WHT PTFE","M16878/6BEE-9:M16878/6 -19/36 24AW","1","0","100","0","100","0","0","0","100","Open","true","false","false","Resolved","Resolved","MissingCurrentSalesOrder","303130303031353530303339353635303230"
"01","0039565","025","000155","S","Stock","B70307","2017-03-07","","","","","FT","Stock","","","0112388","900015","0009851","","","A2","6028-0159","M16878/6 -19/36 24AWG BLK PTFE","M16878/6-BEE-0:M16878/6 -19/36 24AW","1","0","150","0","150","0","0","0","150","Open","true","false","false","Resolved","Resolved","MissingCurrentSalesOrder","303130303031353530303339353635303235"
"01","0039565","030","000155","S","Stock","B70307","2017-03-07","","","","","FT","Stock","","","0112386","900015","0009850","010","","A2","6028-0159","M16878/6 -19/36 24AWG BLK PTFE","M16878/6-BEE-0:M16878/6 -19/36 24AW","1","0","75","0","75","0","0","0","75","Open","true","false","false","Resolved","Resolved","MissingCurrentSalesOrder","303130303031353530303339353635303330"
"01","0039565","035","000155","S","Stock","B70307","2017-03-07","","","","","FT","Stock","","","0112385","900015","0009849","","","A2","6028-0159","M16878/6 -19/36 24AWG BLK PTFE","M16878/6-BEE-0:M16878/6 -19/36 24AW","1","0","100","0","100","0","0","0","100","Open","true","false","false","Resolved","Resolved","MissingCurrentSalesOrder","303130303031353530303339353635303335"
"01","0039565","040","000155","S","Stock","B70307","2017-03-07","","","","","FT","Stock","","","0112387","900015","0009850","040","","A2","6028-0159","M16878/6 -19/36 24AWG BLK PTFE","M16878/6-BEE-0:M16878/6 -19/36 24AW","1","0","75","0","75","0","0","0","0","Open","true","false","false","Resolved","Resolved","MissingCurrentSalesOrder","303130303031353530303339353635303430"
"01","0039565","045","000155","S","Stock","B70307","2017-03-07","","","","","FT","Stock","","","0112384","900015","0009849","","","A2","6028-0162","M16878/6-28-9 28AWG WHITE","M16878/6-BCE-9:M16878/6-28-9 28AWG","1","0","500","0","500","0","0","0","0","Open","true","false","false","Resolved","Resolved","MissingCurrentSalesOrder","303130303031353530303339353635303435"
"01","0039565","050","000155","S","Stock","B70307","2017-03-07","","","","","FT","Stock","","","0112384","900015","0009849","","","A2","6028-0161","M16878/6-28-0 28AWG BLACK","M16878/6-BCE-0:M16878/6-28-0 28AWG","1","0","500","0","500","0","0","0","0","Open","true","false","false","Resolved","Resolved","MissingCurrentSalesOrder","303130303031353530303339353635303530"
"01","0040967","005","000155","S","Stock","B81022","2018-10-22","","","","","FT","Stock","","","","","","","","01","WX100-1/4-B","EXPANDO BRAID 1/4 BLACK",":EXPDO BRAIDING 1/4""","1","0","100","0","100","0","0","0","100","Open","true","false","false","Resolved","NotReferenced","NotReferenced","303130303031353530303430393637303035"
"01","0040967","010","000155","S","Stock","B81022","2018-10-22","","","","","EA","Stock","","","","","","","","01","WX100-1/8-B","EXPANDO BRAID 1/8"" BLACK",":EXPANDO BRAID 1/8"" BLACK","1","0","100","0","100","0","0","0","100","Open","true","false","false","Resolved","NotReferenced","NotReferenced","303130303031353530303430393637303130"
"01","0040967","015","000155","M","NonStock","B81022","2018-10-22","","","","","","","","","","","","","","01","","","ALL STK","0","0","0","0","0","0","0","0","0","FullyReceivedPendingClose","false","false","false","NotApplicableNonStock","NotReferenced","NotReferenced","303130303031353530303430393637303135"
"01","0041310","001","000155","S","Stock","B90405","2019-04-05","","","","","FT","Stock","","","0113509","001165","0010591","010","","31","M22759/11-22-0","22AWG BLACK","M22759/11-22-0:22AWG BLACK","1","0","1500","1460","40","0","0","0","1460","Open","true","false","false","Resolved","Resolved","MissingCurrentSalesOrder","303130303031353530303431333130303031"
"01","0045090","055","000155","S","Stock","C40815","2024-08-15","","","","","FT","Stock","","","0115390","001057","0011876","010","","72","+GEPSP173-62","20AWG 3000V BLU M16878/3-BGE6",":20AWG 3000V BLU M16878/3-BGE6","1","0","210","0","210","0","0","0","0","Open","true","false","false","Resolved","Resolved","MissingCurrentSalesOrder","303130303031353530303435303930303535"
"01","0045090","060","000155","S","Stock","C40815","2024-08-15","","","","","FT","Stock","","","","","","","","72","+GEPSP173-62","20AWG 3000V BLU M16878/3-BGE6",":20AWG 3000V BLU M16878/3-BGE6","1","0","290","0","290","0","0","0","0","Open","true","false","false","Resolved","NotReferenced","NotReferenced","303130303031353530303435303930303630"
"01","0044167","010","000156","S","Stock","C30116","2023-01-16","","","","","EA","Stock","","","","","","","","01","LOCTITE 1187990","CAT 15 BK 1GAL",":CAT 15 BK 1GAL","1","0","1","0","1","0","0","0","0","Open","true","false","false","Resolved","NotReferenced","NotReferenced","303130303031353630303434313637303130"
"01","0044348","005","000156","S","Stock","C30414","2023-04-14","","","","","EA","Stock","","","","","","","","01","SN63HM531","SOLDER PASTE","70-1003-0510:SOLDER PASTE","1","0","2","0","2","0","0","0","0","Open","true","false","false","Resolved","NotReferenced","NotReferenced","303130303031353630303434333438303035"
"01","0026529","001","000174","N","NonStock","B31101","2013-11-01","","","","","","","","","","","","","","01","205-0005-001","","REV 1","0","0","2500","180","2320","0","0","0","0","Open","true","false","false","NotApplicableNonStock","NotReferenced","NotReferenced","303130303031373430303236353239303031"
"01","0026529","002","000174","N","NonStock","B40201","2014-02-01","","","","","","","","","","","","","","01","205-0005-001","","REV 1","0","0","2500","0","2500","0","0","0","0","Open","true","false","false","NotApplicableNonStock","NotReferenced","NotReferenced","303130303031373430303236353239303032"
"01","0026529","003","000174","N","NonStock","B40515","2014-05-15","","","","","","","","","","","","","","01","205-0005-001","","REV 1","0","0","2500","0","2500","0","0","0","0","Open","true","false","false","NotApplicableNonStock","NotReferenced","NotReferenced","303130303031373430303236353239303033"
"01","0026529","004","000174","N","NonStock","B40901","2014-09-01","","","","","","","","","","","","","","01","205-0005-001","","REV 1","0","0","2500","0","2500","0","0","0","0","Open","true","false","false","NotApplicableNonStock","NotReferenced","NotReferenced","303130303031373430303236353239303034"
"01","0026529","005","000174","N","NonStock","B41201","2014-12-01","","","","","","","","","","","","","","01","205-0005-001","","REV 1","0","0","2000","0","2000","0","0","0","0","Open","true","false","false","NotApplicableNonStock","NotReferenced","NotReferenced","303130303031373430303236353239303035"
"01","0026529","006","000174","M","NonStock","B41201","2014-12-01","","","","","","","","","","","","","","01","","","ALL STK PHASE-A-MATIC","0","0","0","0","0","0","0","0","0","FullyReceivedPendingClose","false","false","false","NotApplicableNonStock","NotReferenced","NotReferenced","303130303031373430303236353239303036"
"01","0026873","001","000174","S","Stock","B40221","2014-02-21","","","","","EA","Stock","","","","","","","","93","MILLICHECK II REV","PCB WGC14119 LOWER CIRCUIT BRD",":PCB","1","0","55","50","5","0","0","0","50","Open","true","false","false","Resolved","NotReferenced","NotReferenced","303130303031373430303236383733303031"
"01","0026913","004","000174","S","Stock","B40806","2014-08-06","","","","","EA","Stock","","","0110282","001148","0008804","050","","12","B7C20PAA","PCB ALARM CARD",":PCB ALARM CARD","1","0","25","0","25","0","0","0","0","Open","true","false","false","Resolved","Resolved","MissingCurrentSalesOrder","303130303031373430303236393133303034"
"01","0026913","009","000174","S","Stock","B40806","2014-08-06","","","","","EA","Stock","","","0110362","001148","0008854","","","12","B7C20PAA","PCB ALARM CARD",":PCB ALARM CARD","1","0","40","0","40","0","0","0","0","Open","true","false","false","Resolved","Resolved","MissingCurrentSalesOrder","303130303031373430303236393133303039"
"01","0026991","007","000174","S","Stock","B50409","2015-04-09","","","","","EA","Stock","","","0110033","900014","0008666","010","","A1","100-0005-001","PCB","REV 2:PCB","1","0","1080","80","1000","0","0","0","80","Open","true","false","false","Resolved","Resolved","MissingCurrentSalesOrder","303130303031373430303236393931303037"
"01","0027659","020","000174","S","Stock","B41208","2014-12-08","","","","","EA","Stock","","","","","","","","12","77-5013-004","PCB TRIGGER DETAIL BB",":PCB TRIGGER DETAIL BB","1","0","925","291","634","0","0","0","291","Open","true","false","false","Resolved","NotReferenced","NotReferenced","303130303031373430303237363539303230"
"01","0027751","020","000174","S","Stock","B50830","2015-08-30","","","","","EA","Stock","","","","","","","","12","77-5015-001","PCB ASSY MOTHERBOARD",":PCB ASSY MOTHERBOARD","1","0","175","0","175","0","0","0","0","Open","true","false","false","Resolved","NotReferenced","NotReferenced","303130303031373430303237373531303230"
"01","0027947","005","000174","S","Stock","B50427","2015-04-27","","","","","EA","Stock","","","0110832","001249","0009108","010","","A3","EP4-NL-9446","PCB BARE BOARD NIVS OSD",":PCB BARE BOARD NIVS OSD","1","0","26","26","0","0","0","0","26","FullyReceivedPendingClose","false","false","false","Resolved","Resolved","MissingCurrentSalesOrder","303130303031373430303237393437303035"
"01","0028040","005","000174","S","Stock","B50623","2015-06-23","","","","","EA","Stock","","","0110995","001249","0009189","030","","A3","EP4-NL-9439","USB VERT. TRANSTN BARE BOARD",":USB VERT. TRANSTN BARE BOARD","1","0","26","25","1","0","0","0","25","Open","true","false","false","Resolved","Resolved","MissingCurrentSalesOrder","303130303031373430303238303430303035"
"01","0028040","010","000174","S","Stock","B50623","2015-06-23","","","","","EA","Stock","","","0110996","001249","0009189","050","","A3","EP4-NL-9440","CF8.4 LED DRVR BAREBOARD",":CF8.4 LED DRVR BAREBOARD","1","0","26","25","1","0","0","0","25","Open","true","false","false","Resolved","Resolved","MissingCurrentSalesOrder","303130303031373430303238303430303130"
"01","0028224","030","000174","S","Stock","B50930","2015-09-30","","","","","EA","Stock","","","","","","","","12","77-3329","PCB FAB F317106SHTS MTHR PCB",":PCB FAB F317106SHTS MTHR PCB","1","0","25","22","3","0","0","0","22","Open","true","false","false","Resolved","NotReferenced","NotReferenced","303130303031373430303238323234303330"
"01","0028244","015","000174","S","Stock","B60530","2016-05-30","","","","","EA","Stock","","","","","","","","12","77-5013-004","PCB TRIGGER DETAIL BB",":PCB TRIGGER DETAIL BB","1","0","120","118","2","0","0","0","118","Open","true","false","false","Resolved","NotReferenced","NotReferenced","303130303031373430303238323434303135"
"01","0028250","015","000174","S","Stock","B51006","2015-10-06","","","","","EA","Stock","","","","","","","","12","B7C30PAA","FLASHER BYPASS",":FLASHER BYPASS","1","0","50","10","40","0","0","0","10","Open","true","false","false","Resolved","NotReferenced","NotReferenced","303130303031373430303238323530303135"
"01","0028250","025","000174","S","Stock","B60224","2016-02-24","","","","","EA","Stock","","","","","","","","12","B7C30PAA","FLASHER BYPASS",":FLASHER BYPASS","1","0","100","0","100","0","0","0","0","Open","true","false","false","Resolved","NotReferenced","NotReferenced","303130303031373430303238323530303235"
"01","0028495","005","000174","S","Stock","B60210","2016-02-10","","","","","EA","Stock","","","","","","","","72","+GEA20265","PWB, FLASH HEAD MODULE",":PWB, FLASH HEAD MODULE","1","0","100","90","10","0","0","0","90","Open","true","false","false","Resolved","NotReferenced","NotReferenced","303130303031373430303238343935303035"
"01","0028495","010","000174","M","NonStock","B60210","2016-02-10","","","","","","","","","","","","","","72","","","RECEIVED 21PCS 1/11/16","0","0","0","0","0","0","0","0","0","FullyReceivedPendingClose","false","false","false","NotApplicableNonStock","NotReferenced","NotReferenced","303130303031373430303238343935303130"
"01","0028495","015","000174","M","NonStock","B60210","2016-02-10","","","","","","","","","","","","","","72","","","BALANCE OF 69PCS DUE 2/10/16","0","0","0","0","0","0","0","0","0","FullyReceivedPendingClose","false","false","false","NotApplicableNonStock","NotReferenced","NotReferenced","303130303031373430303238343935303135"
"01","0028532","005","000174","S","Stock","B60202","2016-02-02","","","","","EA","Stock","","","","","","","","12","77-2664","PCB C310964SHT.2/B REC PC BD",":PCB C310964SHT.2/B REC PC BD","1","0","25","0","25","0","0","0","0","Open","true","false","false","Resolved","NotReferenced","NotReferenced","303130303031373430303238353332303035"
"01","0028556","015","000174","S","Stock","B60617","2016-06-17","","","","","EA","Stock","","","","","","","","12","77-3933","PCB C320794SHTS.1-5/B HV PCB",":PCB C320794SHTS.1-5/B HV PCB","1","0","288","288","0","0","0","0","288","FullyReceivedPendingClose","false","false","false","Resolved","NotReferenced","NotReferenced","303130303031373430303238353536303135"
"01","0038774","010","000174","S","Stock","B60510","2016-05-10","","","","","EA","06B-65","","","","","","","","12","77-3326","PCB 1-5PWR SPLY (MRKD 77-3261)",":PCB FAB 1-5PWR SUPPLY","1","0","9","7","2","0","0","0","7","Open","true","false","false","Resolved","NotReferenced","NotReferenced","303130303031373430303338373734303130"
"01","0039248","015","000174","S","Stock","B61121","2016-11-21","","","","","EA","06B-115","","","","","","","","12","77-4170","REV C PCB FAB TRGR CNTRL",":PCB FAB TRGR CNTRL","1","0","4","3","1","0","0","0","3","Open","true","false","false","Resolved","NotReferenced","NotReferenced","303130303031373430303339323438303135"
"01","0039315","015","000174","S","Stock","B70424","2017-04-24","","","","","EA","06B-105","","","","","","","","12","77-3714-6","PCB, DIODE BLOCK",":PCB, DIODE BLOCK","1","0","100","50","50","0","0","0","50","Open","true","false","false","Resolved","NotReferenced","NotReferenced","303130303031373430303339333135303135"
"01","0039345","005","000174","S","Stock","B70403","2017-04-03","","","","","EA","07B-120","","","0112199","946450","0009757","","","39","CPU CIRCUIT BOARD","CPU VERSION 1.2A",":CPU VERSION 1.2A","1","0","25","25","0","0","0","0","25","FullyReceivedPendingClose","false","false","false","Resolved","Resolved","MissingCurrentSalesOrder","303130303031373430303339333435303035"
"01","0039345","010","000174","S","Stock","B70403","2017-04-03","","","","","EA","07B-120","","","","","","","","39","CPU CIRCUIT BOARD","CPU VERSION 1.2A",":CPU VERSION 1.2A","1","0","1","0","1","0","0","0","0","Open","true","false","false","Resolved","NotReferenced","NotReferenced","303130303031373430303339333435303130"
"01","0039385","010","000174","S","Stock","B70109","2017-01-09","","","","","EA","06B-85","","","","","","","","12","77-3950","PCB FAB SYNC MTR",":PCB FAB SYNC MTR","1","0","10","0","10","0","0","0","0","Open","true","false","false","Resolved","NotReferenced","NotReferenced","303130303031373430303339333835303130"
"01","0039499","010","000174","S","Stock","B70515","2017-05-15","","","","","EA","Stock","","","0112052","900014","0009705","","","A1","100-0005-001","PCB","REV 2:PCB","1","0","4320","3960","360","0","0","0","3960","Open","true","false","false","Resolved","Resolved","MissingCurrentSalesOrder","303130303031373430303339343939303130"
"01","0039894","015","000174","S","Stock","B70814","2017-08-14","","","","","EA","06B-65","","","","","","","","12","77-3326","PCB 1-5PWR SPLY (MRKD 77-3261)",":PCB FAB 1-5PWR SUPPLY","1","0","21","19","2","0","0","0","19","Open","true","false","false","Resolved","NotReferenced","NotReferenced","303130303031373430303339383934303135"
"01","0039894","020","000174","M","NonStock","B70814","2017-08-14","","","","","","","","","","","","","","12","","","STOCK","0","0","0","0","0","0","0","0","0","FullyReceivedPendingClose","false","false","false","NotApplicableNonStock","NotReferenced","NotReferenced","303130303031373430303339383934303230"
"01","0039894","025","000174","M","NonStock","B70814","2017-08-14","","","","","","","","","","","","","","12","","","CLOSED SHORT 2PCS - 8/30/17 MDL","0","0","0","0","0","0","0","0","0","FullyReceivedPendingClose","false","false","false","NotApplicableNonStock","NotReferenced","NotReferenced","303130303031373430303339383934303235"
"01","0039894","030","000174","M","NonStock","B70814","2017-08-14","","","","","","","","","","","","","","12","","","VENDOR TO REVISE INVOICE.","0","0","0","0","0","0","0","0","0","FullyReceivedPendingClose","false","false","false","NotApplicableNonStock","NotReferenced","NotReferenced","303130303031373430303339383934303330"
"01","0039894","035","000174","S","Stock","B70814","2017-08-14","","","","","EA","06B-65","","","","","","","","12","77-3326","PCB 1-5PWR SPLY (MRKD 77-3261)",":PCB FAB 1-5PWR SUPPLY","1","0","-2","0","-2","0","0","0","0","OverReceivedOrReturn","false","false","false","Resolved","NotReferenced","NotReferenced","303130303031373430303339383934303335"
"01","0040084","020","000174","S","Stock","B71130","2017-11-30","","","","","EA","06B-65","","","","","","","","12","77-3326","PCB 1-5PWR SPLY (MRKD 77-3261)",":PCB FAB 1-5PWR SUPPLY","1","0","25","25","0","0","0","0","25","FullyReceivedPendingClose","false","false","false","Resolved","NotReferenced","NotReferenced","303130303031373430303430303834303230"
"01","0040779","015","000174","S","Stock","B90228","2019-02-28","","","","","EA","06B-120","","","","","","","","12","77-3091","PCB",":PCB","1","0","5","4","1","0","0","0","4","Open","true","false","false","Resolved","NotReferenced","NotReferenced","303130303031373430303430373739303135"
"01","0042267","010","000174","S","Stock","C00515","2020-05-15","","","","","EA","06B-85","","","","","","","","12","77-3950","PCB FAB SYNC MTR",":PCB FAB SYNC MTR","1","0","5","3","2","0","0","0","0","Open","true","false","false","Resolved","NotReferenced","NotReferenced","303130303031373430303432323637303130"
"01","0042267","015","000174","M","NonStock","C00515","2020-05-15","","","","","","","","","","","","","","12","","","STK","0","0","0","0","0","0","0","0","0","FullyReceivedPendingClose","false","false","false","NotApplicableNonStock","NotReferenced","NotReferenced","303130303031373430303432323637303135"
"01","0046133","005","000174","S","Stock","C60730","2026-07-30","","","","","EA","06B-160","","","","","","","","12","77-4168","REV C PCB FAN SYNCY MNTR DUAL",":REV C PCB FAN SYNCY MNTR DUAL","1","0","10","0","10","0","0","0","0","Open","true","false","false","Resolved","NotReferenced","NotReferenced","303130303031373430303436313333303035"
"01","0046133","010","000174","S","Stock","C60820","2026-08-20","","","","","EA","06B-160","","","","","","","","12","77-4168","REV C PCB FAN SYNCY MNTR DUAL",":REV C PCB FAN SYNCY MNTR DUAL","1","0","90","0","90","0","0","0","0","Open","true","false","false","Resolved","NotReferenced","NotReferenced","303130303031373430303436313333303130"
"01","0277334","015","000174","S","Stock","B50314","2015-03-14","","","","","EA","Stock","","","","","","","","12","77-3954","PCB BOARD",":PCB BOARD","1","0","95","90","5","0","0","0","90","Open","true","false","false","Resolved","NotReferenced","NotReferenced","303130303031373430323737333334303135"
"01","0041527","001","000177","S","Stock","B90715","2019-07-15","","","","","EA","Stock","","","0113582","001077","0010653","010","","83","FC06PD22B","FILTER, BLUE 800 OD","D189:FILTER, BLUE 800 OD","1","0","60","0","60","0","0","0","0","Open","true","false","false","Resolved","Resolved","MissingCurrentSalesOrder","303130303031373730303431353237303031"
"01","0041527","002","000177","S","Stock","B90715","2019-07-15","","","","","EA","Stock","","","","","","","","83","FC06PD22B","FILTER, BLUE 800 OD","D189:FILTER, BLUE 800 OD","1","0","440","0","440","0","0","0","0","Open","true","false","false","Resolved","NotReferenced","NotReferenced","303130303031373730303431353237303032"
"01","0026376","004","000184","S","Stock","B31001","2013-10-01","","","","","EA","Stock","","","0109669","001148","0008391","","","12","SK08DIPNXX","SOCKET, DIP 8PIN ICM-308-1-GT","ICM-308-1-GT:SOCKET, DIP 8PIN ICM-308-1-","1","0","74","0","74","0","0","0","0","Open","true","false","false","Resolved","Resolved","MissingCurrentSalesOrder","303130303031383430303236333736303034"
"01","0026376","005","000184","S","Stock","B31001","2013-10-01","","","","","EA","Stock","","","","","","","","12","SK08DIPNXX","SOCKET, DIP 8PIN ICM-308-1-GT","ICM-308-1-GT:SOCKET, DIP 8PIN ICM-308-1-","1","0","66","0","66","0","0","0","0","Open","true","false","false","Resolved","NotReferenced","NotReferenced","303130303031383430303236333736303035"
"01","0026376","006","000184","M","NonStock","B31001","2013-10-01","","","","","","","","","","","","","","12","","","STK","0","0","0","0","0","0","0","0","0","FullyReceivedPendingClose","false","false","false","NotApplicableNonStock","NotReferenced","NotReferenced","303130303031383430303236333736303036"
"01","0026376","013","000184","S","Stock","B31001","2013-10-01","","","","","EA","Stock","","","0109669","001148","0008391","","","12","SK16DIPNXX","SOCKET DIP 16PIN ICM-316-1-GT","ICM-316-1-GT:SOCKET DIP 16PIN ICM-316-1-","1","0","90","70","20","0","0","0","70","Open","true","false","false","Resolved","Resolved","MissingCurrentSalesOrder","303130303031383430303236333736303133"
"01","0026541","003","000184","S","Stock","B40326","2014-03-26","","","","","EA","Stock","","","0109812","578350","0008482","","","02","828-AG11D","28PIN SOCKET  14/TUBE         AUGAT","ICM-628-1-GT:SOCKET, 28 PIN  81N9191","1","0","150","140","10","0","0","0","0","Open","true","false","false","Resolved","Resolved","MissingCurrentSalesOrder","303130303031383430303236353431303033"
"01","0026726","021","000184","S","Stock","B31210","2013-12-10","","","","","EA","Stock","","","","","","","","12","RC07G104BJ","RES CF 100K 1/4W 5% AX",":RES CF 100K 1/4W 5% AX","1","0","5000","0","5000","0","0","0","0","Open","true","false","false","Resolved","NotReferenced","NotReferenced","303130303031383430303236373236303231"
"01","0026726","022","000184","M","NonStock","B40601","2014-06-01","","","","","","","","","","","","","","12","","","STK","0","0","0","0","0","0","0","0","0","FullyReceivedPendingClose","false","false","false","NotApplicableNonStock","NotReferenced","NotReferenced","303130303031383430303236373236303232"
"01","0026726","023","000184","S","Stock","B31210","2013-12-10","","","","","EA","Stock","","","","","","","","12","RC07G152BJ","RES MF 1.5K 1/4W 1% AX",":RES MF 1.5K 1/4W 1% AX","1","0","5000","0","5000","0","0","0","0","Open","true","false","false","Resolved","NotReferenced","NotReferenced","303130303031383430303236373236303233"
"01","0026726","024","000184","M","NonStock","B40601","2014-06-01","","","","","","","","","","","","","","12","","","STK","0","0","0","0","0","0","0","0","0","FullyReceivedPendingClose","false","false","false","NotApplicableNonStock","NotReferenced","NotReferenced","303130303031383430303236373236303234"
"01","0026726","033","000184","S","Stock","B30411","2013-04-11","","","","","EA","Stock","","","0109881","839287","0008544","","","30","520470-3","CONN,6 PIN,RJ11 SIDE          SIDE ENTRY AMP","MTJ-66121-N:CONN,6 PIN,RJ11","1","0","190","180","10","0","0","0","180","Open","true","false","false","Resolved","Resolved","MissingCurrentSalesOrder","303130303031383430303236373236303333"
"01","0027261","035","000184","S","Stock","B50306","2015-03-06","","","","","EA","Stock","","","","","","","","02","828-AG11D","28PIN SOCKET  14/TUBE         AUGAT","ICM-628-1-GT:SOCKET, 28 PIN  81N9191","1","0","3","0","3","0","0","0","0","Open","true","false","false","Resolved","NotReferenced","NotReferenced","303130303031383430303237323631303335"
"01","0028068","045","000184","S","Stock","B50514","2015-05-14","","","","","EA","Stock","","","0110777","946450","0009073","","","39","FA1113","CONN IC DIP SOCKET 32POS GOLD","ICM-632-1-GT:575-263241","1","0","150","0","150","0","0","0","0","Open","true","false","false","Resolved","Resolved","MissingCurrentSalesOrder","303130303031383430303238303638303435"
"01","0028255","015","000184","S","Stock","B50824","2015-08-24","","","","","EA","Stock","","","0111111","839287","0009242","","","30","520470-3","CONN,6 PIN,RJ11 SIDE          SIDE ENTRY AMP","MTJ-66121-N:CONN,6 PIN,RJ11","1","0","1080","1080","0","0","0","0","1080","FullyReceivedPendingClose","false","false","false","Resolved","Resolved","MissingCurrentSalesOrder","303130303031383430303238323535303135"
"01","0028507","015","000184","S","Stock","B60311","2016-03-11","","","","","EA","Stock","","","0111392","578350","0009382","","","02","828-AG11D","28PIN SOCKET  14/TUBE         AUGAT","ICM-628-1-GT:SOCKET, 28 PIN  81N9191","1","0","154","0","154","0","0","0","0","Open","true","false","false","Resolved","Resolved","MissingCurrentSalesOrder","303130303031383430303238353037303135"
"01","0028507","025","000184","S","Stock","B60118","2016-01-18","","","","","EA","Stock","","","0111392","578350","0009382","","","02","828-AG11D","28PIN SOCKET  14/TUBE         AUGAT","ICM-628-1-GT:SOCKET, 28 PIN  81N9191","1","0","120","0","120","0","0","0","0","Open","true","false","false","Resolved","Resolved","MissingCurrentSalesOrder","303130303031383430303238353037303235"
"01","0028507","030","000184","S","Stock","B60118","2016-01-18","","","","","EA","Stock","","","","","","","","02","828-AG11D","28PIN SOCKET  14/TUBE         AUGAT","ICM-628-1-GT:SOCKET, 28 PIN  81N9191","1","0","128","0","128","0","0","0","0","Open","true","false","false","Resolved","NotReferenced","NotReferenced","303130303031383430303238353037303330"
"01","0042003","045","000184","S","Stock","C00406","2020-04-06","","","","","EA","04C-490","","","","","","","","02","840-AG11D","40 PIN SOCKET  12/TUBE        AUGAT","ICM-640-1-GT:40 PIN SOCKET  12/TU","1","0","110","90","20","0","0","0","0","Open","true","false","false","Resolved","NotReferenced","NotReferenced","303130303031383430303432303033303435"
"01","0028181","005","000196","S","Stock","B50713","2015-07-13","","","","","EA","Stock","","","","","","","","A2","2115-0168","CONN PLUG 16POS STRGHT W/SKT","D38999/26FG16SN:CONN PLUG 16POS STRGHT W","1","0","6","0","6","0","0","0","0","Open","true","false","false","Resolved","NotReferenced","NotReferenced","303130303031393630303238313831303035"
"01","0028181","010","000196","M","NonStock","B50713","2015-07-13","","","","","","","","","","","","","","A2","","","DROP SHIP TO GARY WEITZMAN","0","0","0","0","0","0","0","0","0","FullyReceivedPendingClose","false","false","false","NotApplicableNonStock","NotReferenced","NotReferenced","303130303031393630303238313831303130"
"01","0028181","015","000196","M","NonStock","B50713","2015-07-13","","","","","","","","","","","","","","A2","","","FOR PO: 213733","0","0","0","0","0","0","0","0","0","FullyReceivedPendingClose","false","false","false","NotApplicableNonStock","NotReferenced","NotReferenced","303130303031393630303238313831303135"
"01","0039004","015","000196","S","Stock","B60826","2016-08-26","","","","","EA","Stock","","","0111928","759050","0009655","010","","27","M85049/52-1-14W","BACKSHELL",":BACKSHELL","1","0","14","0","14","0","0","0","0","Open","true","false","false","Resolved","Resolved","MissingCurrentSalesOrder","303130303031393630303339303034303135"
"01","0044292","005","000204","S","Stock","C30308","2023-03-08","","","","","FT","Stock","","","0115224","001057","0011666","010","","72","+GEPSP173-62","20AWG 3000V BLU M16878/3-BGE6",":20AWG 3000V BLU M16878/3-BGE6","1","0","500","0","500","0","0","0","0","Open","true","false","false","Resolved","Resolved","MissingCurrentSalesOrder","303130303032303430303434323932303035"
"01","0027683","030","000209","S","Stock","B50630","2015-06-30","","","","","EA","Stock","","","","","","","","72","+GEPSP150-2","Z4A205K CAP MP 400V 2UF ELPAC","1313TF-X-2.0-4-10:Z4A205K CAP MP 400V,2U","1","0","100","0","100","0","0","0","0","Open","true","false","false","Resolved","NotReferenced","NotReferenced","303130303032303930303237363833303330"
"01","0027683","035","000209","M","NonStock","B41217","2014-12-17","","","","","","","","","","","","","","72","","","BLANKET PO - CALL FOR RELEASE","0","0","0","0","0","0","0","0","0","FullyReceivedPendingClose","false","false","false","NotApplicableNonStock","NotReferenced","NotReferenced","303130303032303930303237363833303335"
"01","0026638","005","000210","S","Stock","B31111","2013-11-11","","","","","EA","Stock","","","","","","","","12","77-2226","CAP ALUM 3000UF 50V SCREW","CGS302U050R2C:MALLORY # CGS302U050R2C","1","0","5","4","1","0","0","0","4","Open","true","false","false","Resolved","NotReferenced","NotReferenced","303130303032313030303236363338303035"
"01","0026638","006","000210","M","NonStock","B31111","2013-11-11","","","","","","","","","","","","","","12","","","STOCK","0","0","0","0","0","0","0","0","0","FullyReceivedPendingClose","false","false","false","NotApplicableNonStock","NotReferenced","NotReferenced","303130303032313030303236363338303036"
"01","0026638","007","000210","S","Stock","B31111","2013-11-11","","","","","EA","Stock","","","0109799","001148","0008478","","","12","CK103A12GXAA","1C10X7R103K050B /.01UF 50V",":1C10X7R103K050B /.01UF 100V","1","0","50","0","50","0","0","0","0","Open","true","false","false","Resolved","Resolved","MissingCurrentSalesOrder","303130303032313030303236363338303037"
"01","0026638","008","000210","S","Stock","B31111","2013-11-11","","","","","EA","Stock","","","","","","","","12","CK103A12GXAA","1C10X7R103K050B /.01UF 50V",":1C10X7R103K050B /.01UF 100V","1","0","150","0","150","0","0","0","0","Open","true","false","false","Resolved","NotReferenced","NotReferenced","303130303032313030303236363338303038"
"01","0026638","009","000210","M","NonStock","B31111","2013-11-11","","","","","","","","","","","","","","12","","","STOCK","0","0","0","0","0","0","0","0","0","FullyReceivedPendingClose","false","false","false","NotApplicableNonStock","NotReferenced","NotReferenced","303130303032313030303236363338303039"
"01","0027975","015","000210","S","Stock","B50511","2015-05-11","","","","","EA","Stock","","","0110780","946450","0009074","","","39","506-4DB-P107-12","TERMINAL,12 POS   (A102212)",":TERMINAL,12 POS   (A102212)","1","0","110","50","60","0","0","0","50","Open","true","false","false","Resolved","Resolved","MissingCurrentSalesOrder","303130303032313030303237393735303135"
"01","0027975","020","000210","S","Stock","B50511","2015-05-11","","","","","EA","Stock","","","","","","","","39","506-4DB-P107-12","TERMINAL,12 POS   (A102212)",":TERMINAL,12 POS   (A102212)","1","0","40","0","40","0","0","0","0","Open","true","false","false","Resolved","NotReferenced","NotReferenced","303130303032313030303237393735303230"
"01","0028062","025","000210","S","Stock","B51221","2015-12-21","","","","","EA","Stock","","","","","","","","12","77-3041","KUP14D15-24VDC",":KUP14D15-24VDC","1","0","10","0","10","0","0","0","0","Open","true","false","false","Resolved","NotReferenced","NotReferenced","303130303032313030303238303632303235"
"01","0040770","005","000210","S","Stock","B80822","2018-08-22","","","","","EA","Stock","","","0113187","001057","0010376","010","","72","RW000001","RES 576 OHM 1W 1%","RWR81S5760FR:RES 576 OHM 1W 1%","1","0","20","0","20","0","0","0","0","Open","true","false","false","Resolved","Resolved","MissingCurrentSalesOrder","303130303032313030303430373730303035"
"01","0040770","010","000210","S","Stock","B80822","2018-08-22","","","","","EA","Stock","","","","","","","","72","RW000001","RES 576 OHM 1W 1%","RWR81S5760FR:RES 576 OHM 1W 1%","1","0","80","0","80","0","0","0","0","Open","true","false","false","Resolved","NotReferenced","NotReferenced","303130303032313030303430373730303130"
"01","0040770","015","000210","M","NonStock","B80822","2018-08-22","","","","","","","","","","","","","","72","","","STK","0","0","0","0","0","0","0","0","0","FullyReceivedPendingClose","false","false","false","NotApplicableNonStock","NotReferenced","NotReferenced","303130303032313030303430373730303135"
"01","0044151","005","000210","S","Stock","C30112","2023-01-12","","","","","EA","Stock","","","0115190","001165","0011636","010","","31","RNR55C1002F(S)","RES MF 10K OHM 1% 1/8W",":RES MF 10K OHM 1% 1/8W","1","0","10","0","10","0","0","0","0","Open","true","false","false","Resolved","Resolved","MissingCurrentSalesOrder","303130303032313030303434313531303035"
"01","0044281","030","000210","S","Stock","C30320","2023-03-20","","","","","EA","Stock","","","0115240","001061","0011687","010","","14","60101-2002","RES 20K 1% 1/4W","RLR07C2002FS:RES 20K 1% 1/4W","1","0","105","100","5","0","0","0","0","Open","true","false","false","Resolved","Resolved","MissingCurrentSalesOrder","303130303032313030303434323831303330"
"01","0044379","005","000210","S","Stock","C30501","2023-05-01","","","","","EA","Stock","","","","","","","","B0","MS27506-B22-2","STRAIN RELIEF",":STRAIN RELIEF","1","0","5","0","5","0","0","0","0","Open","true","false","false","Resolved","NotReferenced","NotReferenced","303130303032313030303434333739303035"
"01","0044379","010","000210","M","NonStock","C30501","2023-05-01","","","","","","","","","","","","","","B0","","","FOR: TD128488-1","0","0","0","0","0","0","0","0","0","FullyReceivedPendingClose","false","false","false","NotApplicableNonStock","NotReferenced","NotReferenced","303130303032313030303434333739303130"
"01","0026938","001","000217","S","Stock","B40310","2014-03-10","","","","","FT","Stock","","","0109980","001057","0008649","010","","72","+FIT-295-3/8","TBNG SHRNK 3/8""135DG SMI-PL BL","HSFIT22138BKSP:TBNG SHRNK 3/8""135DG SMI-","1","0","5","0","5","0","0","0","5","Open","true","false","false","Resolved","Resolved","MissingCurrentSalesOrder","303130303032313730303236393338303031"
"01","0026938","002","000217","S","Stock","B40310","2014-03-10","","","","","FT","Stock","","","","","","","","72","+FIT-295-3/8","TBNG SHRNK 3/8""135DG SMI-PL BL","HSFIT22138BKSP:TBNG SHRNK 3/8""135DG SMI-","1","0","195","0","195","0","0","0","195","Open","true","false","false","Resolved","NotReferenced","NotReferenced","303130303032313730303236393338303032"
"01","0026980","001","000217","S","Stock","B40327","2014-03-27","","","","","FT","Stock","","","0109882","839287","0008544","","","30","M16878/1-BGE-69","20AWG BLU/WHT WIRE",":20AWG BLU/WHT WIRE","1","0","300","0","300","0","0","0","0","Open","true","false","false","Resolved","Resolved","MissingCurrentSalesOrder","303130303032313730303236393830303031"
"01","0026980","002","000217","S","Stock","B40327","2014-03-27","","","","","FT","Stock","","","","","","","","30","M16878/1-BGE-69","20AWG BLU/WHT WIRE",":20AWG BLU/WHT WIRE","1","0","200","0","200","0","0","0","0","Open","true","false","false","Resolved","NotReferenced","NotReferenced","303130303032313730303236393830303032"
"01","0026980","003","000217","S","Stock","B40327","2014-03-27","","","","","FT","Stock","","","0109882","839287","0008544","","","30","M16878/1-BGE-6","20AWG BLUE WIRE",":20AWG BLUE WIRE","1","0","300","0","300","0","0","0","0","Open","true","false","false","Resolved","Resolved","MissingCurrentSalesOrder","303130303032313730303236393830303033"
"01","0026980","004","000217","S","Stock","B40327","2014-03-27","","","","","FT","Stock","","","","","","","","30","M16878/1-BGE-6","20AWG BLUE WIRE",":20AWG BLUE WIRE","1","0","200","0","200","0","0","0","0","Open","true","false","false","Resolved","NotReferenced","NotReferenced","303130303032313730303236393830303034"
"01","0026980","005","000217","S","Stock","B40327","2014-03-27","","","","","FT","Stock","","","0109883","839287","0008544","","","30","M16878/1-BGE-59","20AWG GRN/WHT WIRE",":20AWG GRN/WHT WIRE","1","0","250","0","250","0","0","0","0","Open","true","false","false","Resolved","Resolved","MissingCurrentSalesOrder","303130303032313730303236393830303035"
"01","0026980","006","000217","S","Stock","B40327","2014-03-27","","","","","FT","Stock","","","","","","","","30","M16878/1-BGE-59","20AWG GRN/WHT WIRE",":20AWG GRN/WHT WIRE","1","0","250","0","250","0","0","0","0","Open","true","false","false","Resolved","NotReferenced","NotReferenced","303130303032313730303236393830303036"
"01","0026980","007","000217","S","Stock","B40327","2014-03-27","","","","","FT","Stock","","","0109883","839287","0008544","","","30","M16878/1-BGE-5","20AWG GREEN WIRE",":20AWG GREEN WIRE","1","0","200","0","200","0","0","0","0","Open","true","false","false","Resolved","Resolved","MissingCurrentSalesOrder","303130303032313730303236393830303037"
"01","0026980","008","000217","S","Stock","B40327","2014-03-27","","","","","FT","Stock","","","","","","","","30","M16878/1-BGE-5","20AWG GREEN WIRE",":20AWG GREEN WIRE","1","0","300","0","300","0","0","0","0","Open","true","false","false","Resolved","NotReferenced","NotReferenced","303130303032313730303236393830303038"
"01","0026980","009","000217","S","Stock","B40327","2014-03-27","","","","","FT","Stock","","","0109884","839287","0008544","","","30","M16878/1-BGE-29","20AWG RED/WHT WIRE",":20AWG RED/WHT WIRE","1","0","400","0","400","0","0","0","0","Open","true","false","false","Resolved","Resolved","MissingCurrentSalesOrder","303130303032313730303236393830303039"
"01","0026980","010","000217","S","Stock","B40327","2014-03-27","","","","","FT","Stock","","","","","","","","30","M16878/1-BGE-29","20AWG RED/WHT WIRE",":20AWG RED/WHT WIRE","1","0","100","0","100","0","0","0","0","Open","true","false","false","Resolved","NotReferenced","NotReferenced","303130303032313730303236393830303130"
"01","0026980","011","000217","S","Stock","B40327","2014-03-27","","","","","FT","Stock","","","0109884","839287","0008544","","","30","M16878/1-BGE-2","20AWG RED WIRE",":20AWG RED WIRE","1","0","410","0","410","0","0","0","0","Open","true","false","false","Resolved","Resolved","MissingCurrentSalesOrder","303130303032313730303236393830303131"
"01","0026980","012","000217","S","Stock","B40327","2014-03-27","","","","","FT","Stock","","","","","","","","30","M16878/1-BGE-2","20AWG RED WIRE",":20AWG RED WIRE","1","0","90","0","90","0","0","0","0","Open","true","false","false","Resolved","NotReferenced","NotReferenced","303130303032313730303236393830303132"
"01","0040914","005","000267","S","Stock","B81101","2018-11-01","","","","","EA","Stock","","","","","","","","87","N4-304","PCB ASSEMBLY",":PCB ASSEMBLY","1","0","51","0","51","0","0","0","0","Open","true","false","false","Resolved","NotReferenced","NotReferenced","303130303032363730303430393134303035"
"01","0040914","010","000267","M","NonStock","B81101","2018-11-01","","","","","","","","","","","","","","87","","","FOR B11045-19","0","0","0","0","0","0","0","0","0","FullyReceivedPendingClose","false","false","false","NotApplicableNonStock","NotReferenced","NotReferenced","303130303032363730303430393134303130"
"01","0040914","015","000267","S","Stock","B81101","2018-11-01","","","","","EA","Stock","","","","","","","","87","N4-304","PCB ASSEMBLY",":PCB ASSEMBLY","1","0","1","0","1","0","0","0","0","Open","true","false","false","Resolved","NotReferenced","NotReferenced","303130303032363730303430393134303135"
"01","0040914","020","000267","M","NonStock","B81101","2018-11-01","","","","","","","","","","","","","","87","","","STK","0","0","0","0","0","0","0","0","0","FullyReceivedPendingClose","false","false","false","NotApplicableNonStock","NotReferenced","NotReferenced","303130303032363730303430393134303230"
"01","0040914","025","000267","N","NonStock","B81101","2018-11-01","","","","","","","","","","","","","","87","TEST","CHARGE","CHARGE","0","0","1","0","1","0","0","0","0","Open","true","false","false","NotApplicableNonStock","NotReferenced","NotReferenced","303130303032363730303430393134303235"
"01","0040914","030","000267","N","NonStock","B81101","2018-11-01","","","","","","","","","","","","","","87","NRE TOOLING","","","0","0","1","0","1","0","0","0","0","Open","true","false","false","NotApplicableNonStock","NotReferenced","NotReferenced","303130303032363730303430393134303330"
"01","0041803","010","000274","S","Stock","C00110","2020-01-10","","","","","EA","Stock","","","0113699","001165","0010752","010","","31","718728-1","PRNTED CIRCUIT BRD MIL-P-13949",":PRNTED CIRCUIT BRD MIL-P-13949","1","0","40","35","5","0","0","0","0","Open","true","false","false","Resolved","Resolved","MissingCurrentSalesOrder","303130303032373430303431383033303130"
"01","0041803","020","000274","S","Stock","C00110","2020-01-10","","","","","EA","Stock","","","0113699","001165","0010752","010","","31","718727-1","PRNTD CIRCUIT BRD. MIL-P-13949",":PRNTD CIRCUIT BRD. MIL-P-13949","1","0","40","35","5","0","0","0","0","Open","true","false","false","Resolved","Resolved","MissingCurrentSalesOrder","303130303032373430303431383033303230"
"01","0027466","045","000276","S","Stock","B50615","2015-06-15","","","","","EA","Stock","","","0110132","001165","0008744","020","","31","718726-1","FERRULE, SPEC L-P-392,TYPE 2","FERRULE:FERRULE, SPEC L-P-392,TYPE 2","1","0","15","10","5","0","0","0","0","Open","true","false","false","Resolved","Resolved","MissingCurrentSalesOrder","303130303032373630303237343636303435"
"01","0027466","090","000276","S","Stock","B50615","2015-06-15","","","","","EA","Stock","","","0110132","001165","0008744","020","","31","718723-1","INSULATOR, SPEC L-P-392,TYPE 2",":INSULATOR, SPEC L-P-392,TYPE 2","1","0","15","5","10","0","0","0","0","Open","true","false","false","Resolved","Resolved","MissingCurrentSalesOrder","303130303032373630303237343636303930"
"01","0040775","015","000276","S","Stock","B90215","2019-02-15","","","","","EA","Stock","","","0113208","001165","0010391","010","","31","718726-1","FERRULE, SPEC L-P-392,TYPE 2","FERRULE:FERRULE, SPEC L-P-39","1","0","15","0","15","0","0","0","0","Open","true","false","false","Resolved","Resolved","MissingCurrentSalesOrder","303130303032373630303430373735303135"
"01","0040775","025","000276","S","Stock","B81101","2018-11-01","","","","","EA","Stock","","","0113208","001165","0010391","010","","31","718725-1","PLATE 6061-T6 / 2024-T8 / T351",":PLATE 6061-T6 / 2024-T8 / T351","1","0","15","0","15","0","0","0","0","Open","true","false","false","Resolved","Resolved","MissingCurrentSalesOrder","303130303032373630303430373735303235"
"01","0040775","030","000276","S","Stock","B90215","2019-02-15","","","","","EA","Stock","","","0113208","001165","0010391","010","","31","718725-1","PLATE 6061-T6 / 2024-T8 / T351",":PLATE 6061-T6 / 2024-T8 / T351","1","0","15","0","15","0","0","0","0","Open","true","false","false","Resolved","Resolved","MissingCurrentSalesOrder","303130303032373630303430373735303330"
"01","0040775","040","000276","S","Stock","B81101","2018-11-01","","","","","EA","Stock","","","0113208","001165","0010391","010","","31","718723-1","INSULATOR, SPEC L-P-392,TYPE 2",":INSULATOR, SPEC L-P-392,TYPE 2","1","0","15","0","15","0","0","0","0","Open","true","false","false","Resolved","Resolved","MissingCurrentSalesOrder","303130303032373630303430373735303430"
"01","0040775","045","000276","S","Stock","B90215","2019-02-15","","","","","EA","Stock","","","0113208","001165","0010391","010","","31","718723-1","INSULATOR, SPEC L-P-392,TYPE 2",":INSULATOR, SPEC L-P-392,TYPE 2","1","0","15","0","15","0","0","0","0","Open","true","false","false","Resolved","Resolved","MissingCurrentSalesOrder","303130303032373630303430373735303435"
"01","0038812","005","000289","S","Stock","B60615","2016-06-15","","","","","EA","Stock","","","","","","","","27","19459","TUB.437""ID X .063""WALL NEOPREN",":TUB.437""ID X .063""WALL NEOPREN","1","0","105","0","105","0","0","0","0","Open","true","false","false","Resolved","NotReferenced","NotReferenced","303130303032383930303338383132303035"
"01","0028041","005","000299","S","Stock","B50618","2015-06-18","","","","","EA","Stock","","","0111002","759050","0009195","010","","27","MS3474W14-12S","CONNECTOR RFE POWER",":CONNECTOR RFE POWER","1","0","20","8","12","0","0","0","8","Open","true","false","false","Resolved","Resolved","MissingCurrentSalesOrder","303130303032393930303238303431303035"
"01","0043740","015","000308","S","Stock","C30213","2023-02-13","","","","","EA","Stock","","","","","","","","38","905125-10","IC,SMD,CONTROLLER,68HC711E9CFN","PROGRAMMED:IC,SMD,CONTROLLER,68","1","0","50","0","50","0","0","0","0","Open","true","false","false","Resolved","NotReferenced","NotReferenced","303130303033303830303433373430303135"
"01","0043740","020","000308","S","Stock","C30626","2023-06-26","","","","","EA","Stock","","","","","","","","38","905125-10","IC,SMD,CONTROLLER,68HC711E9CFN","PROGRAMMED:IC,SMD,CONTROLLER,68","1","0","100","0","100","0","0","0","0","Open","true","false","false","Resolved","NotReferenced","NotReferenced","303130303033303830303433373430303230"
"01","0044911","035","000308","S","Stock","C40509","2024-05-09","","","","","EA","Stock","","","","","","","","38","12-01712","RES, 17.4 OHM, 1W",":RES, 17.4 OHM, 1W","1","0","32","0","32","0","0","0","0","Open","true","false","false","Resolved","NotReferenced","NotReferenced","303130303033303830303434393131303335"
"01","0045210","005","000308","S","Stock","C41024","2024-10-24","","","","","EA","Stock","","","","","","","","38","50-54261","IC, LM140LAH12",":IC, LM140LAH12","1","0","8","6","2","0","0","0","0","Open","true","false","false","Resolved","NotReferenced","NotReferenced","303130303033303830303435323130303035"
"01","0045210","010","000308","M","NonStock","C41024","2024-10-24","","","","","","","","","","","","","","38","","","FOR: 902935-01","0","0","0","0","0","0","0","0","0","FullyReceivedPendingClose","false","false","false","NotApplicableNonStock","NotReferenced","NotReferenced","303130303033303830303435323130303130"
"01","0027727","015","000319","S","Stock","B50130","2015-01-30","","","","","EA","Stock","","","","","","","","72","+RB2237M","TRMFRK#8 18-14AWG BLU LOCK INS","RB2237:TRMFRK#8 18-14AWG BLU LOCK INS","1","0","251","100","151","0","0","0","100","Open","true","false","false","Resolved","NotReferenced","NotReferenced","303130303033313930303237373237303135"
"01","0026638","001","000353","S","Stock","B31104","2013-11-04","","","","","EA","Stock","","","0109819","001148","0008503","","","12","77-2227","SPRAGUE # 4586-97A","4586-97A:SPRAGUE # 4586-97A","1","0","6","0","6","0","0","0","0","Open","true","false","false","Resolved","Resolved","MissingCurrentSalesOrder","303130303033353330303236363338303031"
"01","0026638","002","000353","S","Stock","B31104","2013-11-04","","","","","EA","Stock","","","","","","","","12","77-2227","SPRAGUE # 4586-97A","4586-97A:SPRAGUE # 4586-97A","1","0","6","0","6","0","0","0","0","Open","true","false","false","Resolved","NotReferenced","NotReferenced","303130303033353330303236363338303032"
"01","0026638","003","000353","M","NonStock","B31104","2013-11-04","","","","","","","","","","","","","","12","","","STOCK","0","0","0","0","0","0","0","0","0","FullyReceivedPendingClose","false","false","false","NotApplicableNonStock","NotReferenced","NotReferenced","303130303033353330303236363338303033"
"01","0026638","004","000353","S","Stock","B31104","2013-11-04","","","","","EA","Stock","","","0109819","001148","0008503","","","12","77-2226","CAP ALUM 3000UF 50V SCREW","CGS302U050R2C:MALLORY # CGS302U050R2C","1","0","7","0","7","0","0","0","0","Open","true","false","false","Resolved","Resolved","MissingCurrentSalesOrder","303130303033353330303236363338303034"
"01","0026638","005","000353","S","Stock","B31104","2013-11-04","","","","","EA","Stock","","","","","","","","12","77-2226","CAP ALUM 3000UF 50V SCREW","CGS302U050R2C:MALLORY # CGS302U050R2C","1","0","5","0","5","0","0","0","0","Open","true","false","false","Resolved","NotReferenced","NotReferenced","303130303033353330303236363338303035"
"01","0026638","006","000353","M","NonStock","B31104","2013-11-04","","","","","","","","","","","","","","12","","","STOCK","0","0","0","0","0","0","0","0","0","FullyReceivedPendingClose","false","false","false","NotApplicableNonStock","NotReferenced","NotReferenced","303130303033353330303236363338303036"
"01","0026901","005","000357","S","Stock","B40303","2014-03-03","","","","","EA","Stock","","","0109993","001132","0008630","010","","93","CD4093BCM","SOIC14 QUAD 2-INPUT NAND SMTRG",":SOIC14 QUAD 2-INPUT NAND SMTRG","1","0","25","15","10","0","0","0","0","Open","true","false","false","Resolved","Resolved","MissingCurrentSalesOrder","303130303033353730303236393031303035"
"01","0026901","006","000357","S","Stock","B40227","2014-02-27","","","","","EA","Stock","","","","","","","","93","CD4093BCM","SOIC14 QUAD 2-INPUT NAND SMTRG",":SOIC14 QUAD 2-INPUT NAND SMTRG","1","0","75","25","50","0","0","0","0","Open","true","false","false","Resolved","NotReferenced","NotReferenced","303130303033353730303236393031303036"
"01","0027276","056","000357","S","Stock","B50610","2015-06-10","","","","","EA","STOCK","","","0110920","578350","0009153","110","","02","600283-103","27C64-20/P PRGMMD MICROCHIP",":27C64-20/P  MICROCHIP","1","0","35","0","35","0","0","0","0","Open","true","false","false","Resolved","Resolved","MissingCurrentSalesOrder","303130303033353730303237323736303536"
"01","0027276","070","000357","S","Stock","B51127","2015-11-27","","","","","EA","Stock","","","0110268","578350","0008796","010","","02","600283-103","27C64-20/P PRGMMD MICROCHIP",":27C64-20/P  MICROCHIP","1","0","35","0","35","0","0","0","0","Open","true","false","false","Resolved","Resolved","MissingCurrentSalesOrder","303130303033353730303237323736303730"
"01","0027507","010","000357","S","Stock","B41001","2014-10-01","","","","","EA","Stock","","","","","","","","12","SZ4101G500DT","CTS206-4",":CTS206-4","1","0","100","99","1","0","0","0","99","Open","true","false","false","Resolved","NotReferenced","NotReferenced","303130303033353730303237353037303130"
"01","0027546","020","000357","S","Stock","B41021","2014-10-21","","","","","EA","Stock","","","","","","","","67","ECJ-2VB1E104K","CAP .1UF 25V CERAMIC X7R 0805",":CAP .1UF 25V CERAMIC X7R 0805","1","0","249","247","2","0","0","0","247","Open","true","false","false","Resolved","NotReferenced","NotReferenced","303130303033353730303237353436303230"
"01","0027552","005","000357","S","Stock","B41023","2014-10-23","","","","","EA","Stock","","","0110268","578350","0008796","010","","02","30691","RING, TERMINAL",":RING, TERMINAL","1","0","820","813","7","0","0","0","813","Open","true","false","false","Resolved","Resolved","MissingCurrentSalesOrder","303130303033353730303237353532303035"
"01","0027574","040","000357","S","Stock","B41103","2014-11-03","","","","","EA","Stock","","","","","","","","12","77-4172","IC BUFF TRI-ST HEX N-INV 16DIP",":MC14503BCP HEX BFFR 3ST 20V","1","0","131","0","131","0","0","0","0","Open","true","false","false","Resolved","NotReferenced","NotReferenced","303130303033353730303237353734303430"
"01","0027643","010","000357","S","Stock","B41120","2014-11-20","","","","","EA","Stock","","","","","","","","67","LM2937ET-5.0","IC REG LDO 5V .5A TO220-3",":IC REG LDO 5V .5A TO220-3","1","0","75","33","42","0","0","0","33","Open","true","false","false","Resolved","NotReferenced","NotReferenced","303130303033353730303237363433303130"
"01","0027700","005","000357","S","Stock","B41223","2014-12-23","","","","","EA","Stock","","","","","","","","12","77-4166","IC 3-INPUT  (MC14025BCP -ONLY)",":IC CMOS NOR 3-INPUT TRPL 18V","1","0","126","125","1","0","0","0","125","Open","true","false","false","Resolved","NotReferenced","NotReferenced","303130303033353730303237373030303035"
"01","0027717","010","000357","S","Stock","B50108","2015-01-08","","","","","EA","Stock","","","","","","","","12","CT106D350C04","CAP TANT 10UF 35V 10% RADIAL",":TAP106K035SCS","1","0","174","170","4","0","0","0","170","Open","true","false","false","Resolved","NotReferenced","NotReferenced","303130303033353730303237373137303130"
"01","0027861","015","000357","S","Stock","B50810","2015-08-10","","","","","EA","Stock","","","","","","","","12","77-2546","IC MX307 CONSUMER MICRO CIRC","FX307J:IC MX307 CONSUMER MICRO CIRC","1","0","85","0","85","0","0","0","0","Open","true","false","false","Resolved","NotReferenced","NotReferenced","303130303033353730303237383631303135"
"01","0027861","020","000357","M","NonStock","B50310","2015-03-10","","","","","","","","","","","","","","12","","","BLANKET ORDER- BUYER TO CALL VENDOR FOR","0","0","0","0","0","0","0","0","0","FullyReceivedPendingClose","false","false","false","NotApplicableNonStock","NotReferenced","NotReferenced","303130303033353730303237383631303230"
"01","0027861","025","000357","M","NonStock","B50310","2015-03-10","","","","","","","","","","","","","","12","","","QTY RELEAS AND DATES.","0","0","0","0","0","0","0","0","0","FullyReceivedPendingClose","false","false","false","NotApplicableNonStock","NotReferenced","NotReferenced","303130303033353730303237383631303235"
"01","0028028","075","000357","S","Stock","B50610","2015-06-10","","","","","EA","Stock","","","0110954","001132","0009166","010","","93","ECS-T1CX156R","CAP, TANT, 15uF 16V  20%",":CAP, TANT, 15uF 16V  20%","1","0","150","140","10","0","0","0","140","Open","true","false","false","Resolved","Resolved","MissingCurrentSalesOrder","303130303033353730303238303238303735"
"01","0028056","015","000357","S","Stock","B50511","2015-05-11","","","","","EA","Stock","","","","","","","","39","14-600-10","HEADER 14PIN DIP A102AE-ND",":HEADER 14PIN DIP A102AE-ND","1","0","10","2","8","0","0","0","0","Open","true","false","false","Resolved","NotReferenced","NotReferenced","303130303033353730303238303536303135"
"01","0028070","005","000357","S","Stock","B50513","2015-05-13","","","","","EA","Stock","","","0110777","946450","0009073","","","39","266-10K","RES,10K 9-BUSED","266-10K:RES,10K 9-BUSED","1","0","140","138","2","0","0","0","138","Open","true","false","false","Resolved","Resolved","MissingCurrentSalesOrder","303130303033353730303238303730303035"
"01","0028092","005","000357","S","Stock","B50527","2015-05-27","","","","","EA","Stock","","","0110896","578350","0009136","","","02","02-06-1103","SOCKET FEMALE, TERMINATION    MOLEX",":SOCKET FEMALE, TERMINATION    MOLEX","1","0","180","0","180","0","0","0","0","Open","true","false","false","Resolved","Resolved","MissingCurrentSalesOrder","303130303033353730303238303932303035"
"01","0028092","010","000357","S","Stock","B50527","2015-05-27","","","","","EA","Stock","","","","","","","","02","02-06-1103","SOCKET FEMALE, TERMINATION    MOLEX",":SOCKET FEMALE, TERMINATION    MOLEX","1","0","320","0","320","0","0","0","0","Open","true","false","false","Resolved","NotReferenced","NotReferenced","303130303033353730303238303932303130"
"01","0028092","015","000357","S","Stock","B50527","2015-05-27","","","","","EA","Stock","","","0110896","578350","0009136","","","02","03-06-1023","03-06-1023 MOLEX RECEPTACLE   2 PIN CONNECTOR",":03-06-1023 MOLEX RECEPTACLE   2 PIN CON","1","0","90","0","90","0","0","0","0","Open","true","false","false","Resolved","Resolved","MissingCurrentSalesOrder","303130303033353730303238303932303135"
"01","0028092","020","000357","S","Stock","B50527","2015-05-27","","","","","EA","Stock","","","","","","","","02","03-06-1023","03-06-1023 MOLEX RECEPTACLE   2 PIN CONNECTOR",":03-06-1023 MOLEX RECEPTACLE   2 PIN CON","1","0","410","0","410","0","0","0","0","Open","true","false","false","Resolved","NotReferenced","NotReferenced","303130303033353730303238303932303230"
"01","0028092","025","000357","S","Stock","B50527","2015-05-27","","","","","EA","Stock","","","","","","","","93","994-09DCR-ND","BACKSHELL 9PIN D-SUB","994-009-030R121:BACKSHELL 9PIN D-SUB","1","0","1","0","1","0","0","0","0","Open","true","false","false","Resolved","NotReferenced","NotReferenced","303130303033353730303238303932303235"
"01","0028092","030","000357","M","NonStock","B50527","2015-05-27","","","","","","","","","","","","","","93","","","FOR ASSY: 14363-4","0","0","0","0","0","0","0","0","0","FullyReceivedPendingClose","false","false","false","NotApplicableNonStock","NotReferenced","NotReferenced","303130303033353730303238303932303330"
"01","0028092","035","000357","S","Stock","B50527","2015-05-27","","","","","EA","Stock","","","","","","","","93","994-09DCR-ND","BACKSHELL 9PIN D-SUB","994-009-030R121:BACKSHELL 9PIN D-SUB","1","0","9","0","9","0","0","0","0","Open","true","false","false","Resolved","NotReferenced","NotReferenced","303130303033353730303238303932303335"
"01","0028153","010","000357","S","Stock","B50710","2015-07-10","","","","","EA","Stock","","","0111037","900015","0009215","010","","A2","4890-0014","IC EPROM UV256KBIT 150NS 28DIP","M27C256B-15F1:IC EPROM UV256KBIT 150NS 2","1","0","32","30","2","0","0","0","30","Open","true","false","false","Resolved","Resolved","MissingCurrentSalesOrder","303130303033353730303238313533303130"
"01","0028159","005","000357","S","Stock","B50703","2015-07-03","","","","","EA","Stock","","","0110999","565650","0009192","010","","38","12-01499","RESONATOR,SMD,MHZ BAND","PBRC-8.00HR:RESONATOR,SMD,MHZ BAND","1","0","25","0","25","0","0","0","0","Open","true","false","false","Resolved","Resolved","MissingCurrentSalesOrder","303130303033353730303238313539303035"
"01","0028159","010","000357","S","Stock","B50703","2015-07-03","","","","","EA","Stock","","","0110998","565650","0009191","","","38","12-01499","RESONATOR,SMD,MHZ BAND","PBRC-8.00HR:RESONATOR,SMD,MHZ BAND","1","0","25","0","25","0","0","0","0","Open","true","false","false","Resolved","Resolved","MissingCurrentSalesOrder","303130303033353730303238313539303130"
"01","0028159","015","000357","S","Stock","B50703","2015-07-03","","","","","EA","Stock","","","","","","","","38","12-01499","RESONATOR,SMD,MHZ BAND","PBRC-8.00HR:RESONATOR,SMD,MHZ BAND","1","0","50","0","50","0","0","0","0","Open","true","false","false","Resolved","NotReferenced","NotReferenced","303130303033353730303238313539303135"
"01","0028159","020","000357","S","Stock","B50703","2015-07-03","","","","","EA","Stock","","","0110999","565650","0009192","010","","38","12-01848","CAP CER 4.7PF 100V NP0 0805","C0805C479D1GACTU:C0805C0G101-4R7CNE","1","0","50","0","50","0","0","0","0","Open","true","false","false","Resolved","Resolved","MissingCurrentSalesOrder","303130303033353730303238313539303230"
"01","0028159","025","000357","S","Stock","B50703","2015-07-03","","","","","EA","Stock","","","0110998","565650","0009191","","","38","12-01848","CAP CER 4.7PF 100V NP0 0805","C0805C479D1GACTU:C0805C0G101-4R7CNE","1","0","50","0","50","0","0","0","0","Open","true","false","false","Resolved","Resolved","MissingCurrentSalesOrder","303130303033353730303238313539303235"
"01","0028159","030","000357","S","Stock","B50703","2015-07-03","","","","","EA","Stock","","","0110982","565650","0009183","","","38","12-01848","CAP CER 4.7PF 100V NP0 0805","C0805C479D1GACTU:C0805C0G101-4R7CNE","1","0","200","0","200","0","0","0","0","Open","true","false","false","Resolved","Resolved","MissingCurrentSalesOrder","303130303033353730303238313539303330"
"01","0028159","035","000357","S","Stock","B50703","2015-07-03","","","","","EA","Stock","","","","","","","","38","12-01848","CAP CER 4.7PF 100V NP0 0805","C0805C479D1GACTU:C0805C0G101-4R7CNE","1","0","200","0","200","0","0","0","0","Open","true","false","false","Resolved","NotReferenced","NotReferenced","303130303033353730303238313539303335"
"01","0028159","040","000357","S","Stock","B50703","2015-07-03","","","","","EA","Stock","","","0110999","565650","0009192","010","","38","12-01809","CAP CER 33PF 100V C0G 10% 0805","C0805C330K1GAC:C0805C0G101-330JNE","1","0","25","0","25","0","0","0","0","Open","true","false","false","Resolved","Resolved","MissingCurrentSalesOrder","303130303033353730303238313539303430"
"01","0028159","045","000357","S","Stock","B50703","2015-07-03","","","","","EA","Stock","","","0110998","565650","0009191","","","38","12-01809","CAP CER 33PF 100V C0G 10% 0805","C0805C330K1GAC:C0805C0G101-330JNE","1","0","25","0","25","0","0","0","0","Open","true","false","false","Resolved","Resolved","MissingCurrentSalesOrder","303130303033353730303238313539303435"
"01","0028159","050","000357","S","Stock","B50703","2015-07-03","","","","","EA","Stock","","","","","","","","38","12-01809","CAP CER 33PF 100V C0G 10% 0805","C0805C330K1GAC:C0805C0G101-330JNE","1","0","450","0","450","0","0","0","0","Open","true","false","false","Resolved","NotReferenced","NotReferenced","303130303033353730303238313539303530"
"01","0028188","025","000357","S","Stock","B50721","2015-07-21","","","","","EA","Stock","","","","","","","","02","ULN-2003A","IC  SPRAGUE",":IC  SPRAGUE","1","0","70","63","7","0","0","0","63","Open","true","false","false","Resolved","NotReferenced","NotReferenced","303130303033353730303238313838303235"
"01","0028188","080","000357","S","Stock","B50721","2015-07-21","","","","","EA","Stock","","","0111036","578350","0009213","","","02","MCT7805CT","IC REG LDO 5V 1.5A TO220AB  TIMOTOROLA",":IC REGULATOR                  MOTOROLA","1","0","130","149","-19","0","0","0","149","OverReceivedOrReturn","false","false","false","Resolved","Resolved","MissingCurrentSalesOrder","303130303033353730303238313838303830"
"01","0028188","085","000357","S","Stock","B50721","2015-07-21","","","","","EA","Stock","","","","","","","","02","MCT7805CT","IC REG LDO 5V 1.5A TO220AB  TIMOTOROLA",":IC REGULATOR                  MOTOROLA","1","0","19","0","19","0","0","0","0","Open","true","false","false","Resolved","NotReferenced","NotReferenced","303130303033353730303238313838303835"
"01","0028188","110","000357","S","Stock","B50721","2015-07-21","","","","","EA","Stock","","","0111036","578350","0009213","","","02","MAX693CPE","IC MAXIM",":IC MAXIM","1","0","117","117","0","0","0","0","117","FullyReceivedPendingClose","false","false","false","Resolved","Resolved","MissingCurrentSalesOrder","303130303033353730303238313838313130"
"01","0028188","125","000357","S","Stock","B50721","2015-07-21","","","","","EA","Stock","","","0110268","578350","0008796","010","","02","MAX693CPE","IC MAXIM",":IC MAXIM","1","0","23","18","5","0","0","0","18","Open","true","false","false","Resolved","Resolved","MissingCurrentSalesOrder","303130303033353730303238313838313235"
"01","0028253","010","000357","S","Stock","B50813","2015-08-13","","","","","EA","Stock","","","","","","","","12","77-2615","NUT 8-32 CAPTIVE #KFS2-832 PEM","KFS2-832:NUT 8-32 CAPTIVE #KFS2-832 PEM","1","0","66","58","8","0","0","0","58","Open","true","false","false","Resolved","NotReferenced","NotReferenced","303130303033353730303238323533303130"
"01","0028287","080","000357","S","Stock","B50824","2015-08-24","","","","","EA","Stock","","","","","","","","38","12-01499","RESONATOR,SMD,MHZ BAND","PBRC-8.00HR:RESONATOR,SMD,MHZ BAND","1","0","2370","442","1928","0","0","0","442","Open","true","false","false","Resolved","NotReferenced","NotReferenced","303130303033353730303238323837303830"
"01","0028368","010","000357","S","Stock","B51005","2015-10-05","","","","","EA","Stock","","","","","","","","12","AP-1296","CD40107BE 2-INPUT NAND DUAL","CD40107BE:CD40107BF 2-INPUT NAND DUAL","1","0","500","0","500","0","0","0","0","Open","true","false","false","Resolved","NotReferenced","NotReferenced","303130303033353730303238333638303130"
"01","0028368","020","000357","S","Stock","B51005","2015-10-05","","","","","EA","Stock","","","","","","","","12","AP-1297","CD40103BE IC 8-STG",":CD40103BE IC 8-STG","1","0","192","134","58","0","0","0","134","Open","true","false","false","Resolved","NotReferenced","NotReferenced","303130303033353730303238333638303230"
"01","0028368","025","000357","S","Stock","B51005","2015-10-05","","","","","EA","Stock","","","0111187","001148","0009281","330","","12","77-4172","IC BUFF TRI-ST HEX N-INV 16DIP","CD4503BE:MC14503BCP HEX BFFR 3ST 20V","1","0","2","0","2","0","0","0","0","Open","true","false","false","Resolved","Resolved","MissingCurrentSalesOrder","303130303033353730303238333638303235"
"01","0028368","030","000357","S","Stock","B51005","2015-10-05","","","","","EA","Stock","","","","","","","","12","77-4172","IC BUFF TRI-ST HEX N-INV 16DIP","CD4503BE:MC14503BCP HEX BFFR 3ST 20V","1","0","198","0","198","0","0","0","0","Open","true","false","false","Resolved","NotReferenced","NotReferenced","303130303033353730303238333638303330"
"01","0028440","035","000357","S","Stock","B51027","2015-10-27","","","","","EA","Stock","","","","","","","","12","77-3455","CD4013BE IC FF DUAL D 14PINDIP","CD4013BE:CD4013BF D-TYP FLIP-FLOP IC","1","0","98","97","1","0","0","0","97","Open","true","false","false","Resolved","NotReferenced","NotReferenced","303130303033353730303238343430303335"
"01","0028440","040","000357","S","Stock","B51027","2015-10-27","","","","","EA","Stock","","","","","","","","12","MSC0023","5A CURRENT SENSOR AC1005","AC1005:5A CURRENT SENSOR AC1005","1","0","10","0","10","0","0","0","0","Open","true","false","false","Resolved","NotReferenced","NotReferenced","303130303033353730303238343430303430"
"01","0028470","010","000357","S","Stock","B51210","2015-12-10","","","","","EA","Stock","","","","","","","","12","77-3239","DIODE FR 600V 1A FAST RECOVERY","1N4937:DIODE FR 600V 1A FAST RECOVERY","1","0","270","255","15","0","0","0","255","Open","true","false","false","Resolved","NotReferenced","NotReferenced","303130303033353730303238343730303130"
"01","0028474","005","000357","S","Stock","B51214","2015-12-14","","","","","EA","Stock","","","","","","","","12","77-2680","CAP CER 0.1UF 100V CK06BX104K",":CAP CER..100UF100V CK06BX104K","1","0","1184","1176","8","0","0","0","1176","Open","true","false","false","Resolved","NotReferenced","NotReferenced","303130303033353730303238343734303035"
"01","0028509","005","000357","S","Stock","B60121","2016-01-21","","","","","EA","Stock","","","","578350","0009382","","","02","MS35206-216","SCREW, PAN HD, #4 x 7/16",":SCREW, PAN HD, #4 x 7/16","1","0","500","0","500","0","0","0","0","Open","true","false","false","Resolved","NotReferenced","MissingCurrentSalesOrder","303130303033353730303238353039303035"
"01","0028509","015","000357","S","Stock","B60121","2016-01-21","","","","","EA","Stock","","","0111392","578350","0009382","","","02","MS35206-326","SCREW, PAN HD 4-40 x 1 3/4",":SCREW, PAN HD 4-40 x 1 3/4","1","0","144","0","144","0","0","0","0","Open","true","false","false","Resolved","Resolved","MissingCurrentSalesOrder","303130303033353730303238353039303135"
"01","0028509","020","000357","S","Stock","B60121","2016-01-21","","","","","EA","Stock","","","0111392","578350","0009382","","","02","MS16995-25","SCREW, SOCKET,HEADCAP         8-32 X 3/8",":SCREW, SOCKET,HEADCAP         8-32 X 3/","1","0","400","0","400","0","0","0","0","Open","true","false","false","Resolved","Resolved","MissingCurrentSalesOrder","303130303033353730303238353039303230"
"01","0028509","025","000357","S","Stock","B60121","2016-01-21","","","","","EA","Stock","","","","","","","","02","MS16995-25","SCREW, SOCKET,HEADCAP         8-32 X 3/8",":SCREW, SOCKET,HEADCAP         8-32 X 3/","1","0","100","0","100","0","0","0","0","Open","true","false","false","Resolved","NotReferenced","NotReferenced","303130303033353730303238353039303235"
"01","0038527","050","000357","S","Stock","B60107","2016-01-07","","","","","EA","Stock","","","0111423","001238","0009402","","","08","LP3872EMP-3.3/NOPB","LDO 1.5A 3.3V SOT-223",":LDO 1.5A 3.3V SOT-223","1","0","26","0","26","0","0","0","0","Open","true","false","false","Resolved","Resolved","MissingCurrentSalesOrder","303130303033353730303338353237303530"
"01","0038527","195","000357","S","Stock","B60107","2016-01-07","","","","","EA","Stock","","","0111423","001238","0009402","","","08","09-65-2028","CONNECTOR 2PIN 3.96mm PITCH LA",":CONNECTOR 2PIN 3.96mm PITCH LA","1","0","38","37","1","0","0","0","37","Open","true","false","false","Resolved","Resolved","MissingCurrentSalesOrder","303130303033353730303338353237313935"
"01","0038745","075","000357","S","Stock","B60510","2016-05-10","","","","","EA","Stock","","","0111671","001238","0009523","030","","08","6-103635-1","CON 12PIN 0.1"" PITCH RA MALE",":CON 12PIN 0.1"" PITCH RA MALE","1","0","11","10","1","0","0","0","10","Open","true","false","false","Resolved","Resolved","MissingCurrentSalesOrder","303130303033353730303338373435303735"
"01","0038935","045","000357","S","Stock","B60715","2016-07-15","","","","","EA","Stock","","","0111857","001082","0009619","030","","87","B6X103","DIODE 10V BZX84C10",":DIODE 10V BZX84C10","1","0","15","10","5","0","0","0","10","Open","true","false","false","Resolved","Resolved","MissingCurrentSalesOrder","303130303033353730303338393335303435"
"01","0039270","030","000357","S","Stock","B61116","2016-11-16","","","","","EA","04C-155","","","0112118","001148","0009731","050","","12","XZ14011BCL","IC GATE NAND 4CH 2-INP 14-DIP","CD4011BE:IC GATE NAND 4CH 2-I","1","0","56","0","56","0","0","0","0","Open","true","false","false","Resolved","Resolved","MissingCurrentSalesOrder","303130303033353730303339323730303330"
"01","0039412","010","000357","S","Stock","B70302","2017-03-02","","","","","EA","04C-330","","","","","","","","12","SZ4101G500DT","CTS206-4","CTS206-4:CTS206-4","1","0","300","299","1","0","0","0","299","Open","true","false","false","Resolved","NotReferenced","NotReferenced","303130303033353730303339343132303130"
"01","0039412","015","000357","S","Stock","B70120","2017-01-20","","","","","EA","04C-155","","","","","","","","12","XZ14011BCL","IC GATE NAND 4CH 2-INP 14-DIP","CD4011BE:IC GATE NAND 4CH 2-I","1","0","400","0","400","0","0","0","400","Open","true","false","false","Resolved","NotReferenced","NotReferenced","303130303033353730303339343132303135"
"01","0039542","015","000357","S","Stock","B80129","2018-01-29","","","","","EA","04C-325","","","","","","","","12","77-4114","SWI DIP 4 ALCO ADE-04",":SWI DIP 4 ALCO ADE-04","1","0","100","0","100","0","0","0","0","Open","true","false","false","Resolved","NotReferenced","NotReferenced","303130303033353730303339353432303135"
"01","0039833","020","000357","S","Stock","B70621","2017-06-21","","","","","EA","06C-105","","","","","","","","12","CS020AMN5304","TRANSFORMER CURRENT 20A","AC1020:TRANSFORMER CURRENT","1","0","100","0","100","0","0","0","0","Open","true","false","false","Resolved","NotReferenced","NotReferenced","303130303033353730303339383333303230"
"01","0039833","025","000357","M","NonStock","B70621","2017-06-21","","","","","","","","","","","","","","87","","","STK","0","0","0","0","0","0","0","0","0","FullyReceivedPendingClose","false","false","false","NotApplicableNonStock","NotReferenced","NotReferenced","303130303033353730303339383333303235"
"01","0039885","005","000357","S","Stock","B70719","2017-07-19","","","","","EA","Stock","","","0112476","565650","0009899","080","","38","12-01807","CAP TANT 10UF 25V 20% 2413","TPSC106M025R0500:CAP TANT 10UF 25V 20","1","0","280","270","10","0","0","0","0","Open","true","false","false","Resolved","Resolved","MissingCurrentSalesOrder","303130303033353730303339383835303035"
"01","0039956","045","000357","S","Stock","B70822","2017-08-22","","","","","EA","07A-20","","","0112655","839287","0010014","010","","30","520425-3","CONN,6 PIN, RJ11 MTJ-66321-N  TOP ENTRY AMP",":CONN,6 PIN, RJ11 MTJ-66321-N  TOP ENTRY","1","0","422","421","1","0","0","0","421","Open","true","false","false","Resolved","Resolved","MissingCurrentSalesOrder","303130303033353730303339393536303435"
"01","0040001","005","000357","S","Stock","B70914","2017-09-14","","","","","EA","Stock","","","0112695","565650","0010052","010","","38","50-50517","TRANSISTOR,PNP,SMALL SIGNAL","2N2907 A:TRANSISTOR,PNP,SMALL SIGNAL","1","0","80","0","80","0","0","0","0","Open","true","false","false","Resolved","Resolved","MissingCurrentSalesOrder","303130303033353730303430303031303035"
"01","0040246","005","000357","S","Stock","B80112","2018-01-12","","","","","EA","Stock","","","0112766","839287","0010093","060","","30","LR W5SM-HZJZ-1-1","RED LED HIGH POWER- 625NM","LR W5SM-HZJZ-1-1:RED LED HIGH POWER-","1","0","700","660","40","0","0","0","660","Open","true","false","false","Resolved","Resolved","MissingCurrentSalesOrder","303130303033353730303430323436303035"
"01","0040859","005","000357","S","Stock","B80914","2018-09-14","","","","","EA","\","","","","","","","","38","12-01935","RES SMD 35.7K .1W .5% 0805","RN732ATTED3572B25:RES SMD 35.7K .1W .5","1","0","3230","3108","122","0","0","0","3108","Open","true","false","false","Resolved","NotReferenced","NotReferenced","303130303033353730303430383539303035"
"01","0040859","010","000357","M","NonStock","B80914","2018-09-14","","","","","","","","","","","","","","38","","","STK","0","0","0","0","0","0","0","0","0","FullyReceivedPendingClose","false","false","false","NotApplicableNonStock","NotReferenced","NotReferenced","303130303033353730303430383539303130"
"01","0040958","005","000357","S","Stock","B81019","2018-10-19","","","","","EA","Stock","","","","","","","","38","12-01847","CAP,SMD,0.01UFD, 100V","C0805C103K1RACTU:CAP,SMD,0.01UFD, 100","1","0","4000","0","4000","0","0","0","0","Open","true","false","false","Resolved","NotReferenced","NotReferenced","303130303033353730303430393538303035"
"01","0040958","010","000357","M","NonStock","B81019","2018-10-19","","","","","","","","","","","","","","38","","","STK MEGGITT","0","0","0","0","0","0","0","0","0","FullyReceivedPendingClose","false","false","false","NotApplicableNonStock","NotReferenced","NotReferenced","303130303033353730303430393538303130"
"01","0040958","015","000357","S","Stock","B81019","2018-10-19","","","","","EA","Stock","","","","","","","","38","12-01501","XSTR,SMD,NPN,MMBT2222ALT1G","MMBT2222ALT1G:TRANSISTOR,SMD,NPN,M","1","0","1000","0","1000","0","0","0","0","Open","true","false","false","Resolved","NotReferenced","NotReferenced","303130303033353730303430393538303135"
"01","0040958","020","000357","M","NonStock","B81019","2018-10-19","","","","","","","","","","","","","","38","","","STK MEGGITT","0","0","0","0","0","0","0","0","0","FullyReceivedPendingClose","false","false","false","NotApplicableNonStock","NotReferenced","NotReferenced","303130303033353730303430393538303230"
"01","0040958","025","000357","S","Stock","B81019","2018-10-19","","","","","EA","Stock","","","","","","","","87","F2-339","CONN HDR .100SNGL STR 8POS","929647-04-08-1:CONN HDR .100SNGL STR 8PO","1","0","90","0","90","0","0","0","0","Open","true","false","false","Resolved","NotReferenced","NotReferenced","303130303033353730303430393538303235"
"01","0040958","030","000357","M","NonStock","B81019","2018-10-19","","","","","","","","","","","","","","87","","","STK ABBOTT","0","0","0","0","0","0","0","0","0","FullyReceivedPendingClose","false","false","false","NotApplicableNonStock","NotReferenced","NotReferenced","303130303033353730303430393538303330"
"01","0041133","025","000357","S","Stock","B90118","2019-01-18","","","","","EA","Stock","","","0113310","839287","0010453","010","","30","ATMEGA48A-AU","ATMEL 8BIT MICRO 4KB FLASH 16",":ATMEL 8BIT MICRO 4KB FLASH 16","1","0","100","60","40","0","0","0","60","Open","true","false","false","Resolved","Resolved","MissingCurrentSalesOrder","303130303033353730303431313333303235"
"01","0041133","030","000357","S","Stock","B90118","2019-01-18","","","","","EA","Stock","","","","","","","","30","ATMEGA48A-AU","ATMEL 8BIT MICRO 4KB FLASH 16",":ATMEL 8BIT MICRO 4KB FLASH 16","1","0","5","0","5","0","0","0","0","Open","true","false","false","Resolved","NotReferenced","NotReferenced","303130303033353730303431313333303330"
"01","0042163","010","000357","S","Stock","C01030","2020-10-30","","","","","EA","Stock","","","0113971","001037","0010926","010","","62","100148-54","1.0UF 100V 10% 1812","1812C105KAT2A:1.0UF 100V 10% 1812","1","0","1000","0","1000","0","0","0","0","Open","true","false","false","Resolved","Resolved","MissingCurrentSalesOrder","303130303033353730303432313633303130"
"01","0042163","015","000357","S","Stock","C10115","2021-01-15","","","","","EA","Stock","","","0113971","001037","0010926","010","","62","100148-54","1.0UF 100V 10% 1812","1812C105KAT2A:1.0UF 100V 10% 1812","1","0","500","0","500","0","0","0","0","Open","true","false","false","Resolved","Resolved","MissingCurrentSalesOrder","303130303033353730303432313633303135"
"01","0042198","005","000357","S","Stock","C00525","2020-05-25","","","","","EA","Stock","","","0113991","001037","0010938","010","","62","100148-55","CAP CER 1UF 100V X7R 1210",":CAP CER 1UF 100V X7R 1210","1","0","1000","0","1000","0","0","0","0","Open","true","false","false","Resolved","Resolved","MissingCurrentSalesOrder","303130303033353730303432313938303035"
"01","0042198","010","000357","S","Stock","C00817","2020-08-17","","","","","EA","Stock","","","0113991","001037","0010938","010","","62","100148-55","CAP CER 1UF 100V X7R 1210",":CAP CER 1UF 100V X7R 1210","1","0","1000","0","1000","0","0","0","0","Open","true","false","false","Resolved","Resolved","MissingCurrentSalesOrder","303130303033353730303432313938303130"
"01","0042198","015","000357","S","Stock","C10104","2021-01-04","","","","","EA","Stock","","","0113991","001037","0010938","010","","62","100148-55","CAP CER 1UF 100V X7R 1210",":CAP CER 1UF 100V X7R 1210","1","0","1000","0","1000","0","0","0","0","Open","true","false","false","Resolved","Resolved","MissingCurrentSalesOrder","303130303033353730303432313938303135"
"01","0042198","020","000357","S","Stock","C10402","2021-04-02","","","","","EA","Stock","","","0113991","001037","0010938","010","","62","100148-55","CAP CER 1UF 100V X7R 1210",":CAP CER 1UF 100V X7R 1210","1","0","500","0","500","0","0","0","0","Open","true","false","false","Resolved","Resolved","MissingCurrentSalesOrder","303130303033353730303432313938303230"
"01","0042223","050","000357","S","Stock","C01001","2020-10-01","","","","","EA","Stock","","","","","","","","38","12-02060","THERMISTER, 104JT-025",":THERMISTER, 104JT-025","1","0","200","182","18","0","0","0","0","Open","true","false","false","Resolved","NotReferenced","NotReferenced","303130303033353730303432323233303530"
"01","0042223","055","000357","M","NonStock","C01001","2020-10-01","","","","","","","","","","","","","","38","","","STK","0","0","0","0","0","0","0","0","0","FullyReceivedPendingClose","false","false","false","NotApplicableNonStock","NotReferenced","NotReferenced","303130303033353730303432323233303535"
"01","0042380","025","000357","S","Stock","C00730","2020-07-30","","","","","EA","04A-195","","","","","","","","12","77-2681","CAP CER 0.022UF 100V 10% RAD","CK06BX223K:CAP CER 0.022UF 100V","1","0","855","854","1","0","0","0","0","Open","true","false","false","Resolved","NotReferenced","NotReferenced","303130303033353730303432333830303235"
"01","0042387","015","000357","S","Stock","C01218","2020-12-18","","","","","EA","07A-40","","","","","","","","30","520470-3","CONN,6 PIN,RJ11 SIDE          SIDE ENTRY AMP",":CONN,6 PIN,RJ11 SIDE          SIDE ENTR","1","0","300","240","60","0","0","0","0","Open","true","false","false","Resolved","NotReferenced","NotReferenced","303130303033353730303432333837303135"
"01","0042915","005","000357","S","Stock","C10504","2021-05-04","","","","","EA","04C-160","","","0114475","001148","0011192","010","","12","77-3457","MC14023BCP IC",":MC14023BCP IC","1","0","5","0","5","0","0","0","0","Open","true","false","false","Resolved","Resolved","MissingCurrentSalesOrder","303130303033353730303432393135303035"
"01","0042915","010","000357","S","Stock","C10504","2021-05-04","","","","","EA","04C-160","","","","","","","","12","77-3457","MC14023BCP IC",":MC14023BCP IC","1","0","395","0","395","0","0","0","0","Open","true","false","false","Resolved","NotReferenced","NotReferenced","303130303033353730303432393135303130"
"01","0042939","005","000357","S","Stock","C10524","2021-05-24","","","","","EA","Stock","","","","","","","","B0","1734597-1","CNTCT SKT CRMP 28-22 AWG 1MM",":CNTCT SKT CRMP 28-22 AWG 1MM","1","0","70","0","70","0","0","0","0","Open","true","false","false","Resolved","NotReferenced","NotReferenced","303130303033353730303432393339303035"
"01","0042939","010","000357","M","NonStock","C10524","2021-05-24","","","","","","","","","","","","","","B0","","","FOR: TD128256","0","0","0","0","0","0","0","0","0","FullyReceivedPendingClose","false","false","false","NotApplicableNonStock","NotReferenced","NotReferenced","303130303033353730303432393339303130"
"01","0043393","020","000357","S","Stock","C20107","2022-01-07","","","","","EA","15C-315","","","0114866","001238","0011404","010","","08","C1206C104K1RACTU","CAP CER 0.1UF -10% 100V 1206",":CAP CER 0.1UF -10% 100V 1206","1","0","110","100","10","0","0","0","0","Open","true","false","false","Resolved","Resolved","MissingCurrentSalesOrder","303130303033353730303433333933303230"
"01","0043393","025","000357","S","Stock","C20107","2022-01-07","","","","","EA","Stock","","","0114866","001238","0011404","010","","08","EMK325ABJ107MM-T","CAP MLC 1210 16V X5R 100UF 20%",":CAP MLC 1210 16V X5R 100UF 20%","1","0","60","49","11","0","0","0","0","Open","true","false","false","Resolved","Resolved","MissingCurrentSalesOrder","303130303033353730303433333933303235"
"01","0043809","035","000357","S","Stock","C20616","2022-06-16","","","","","EA","Stock","","","0115004","565650","0011498","010","","38","12-01501","XSTR,SMD,NPN,MMBT2222ALT1G","MMBT2222ALT1G:XSTR,SMD,NPN,MMBT222","1","0","1205","1025","180","0","0","0","0","Open","true","false","false","Resolved","Resolved","MissingCurrentSalesOrder","303130303033353730303433383039303335"
"01","0044027","070","000357","S","Stock","C21020","2022-10-20","","","","","EA","Stock","","","0115133","001238","0011598","010","","08","110-43-628-41-001000","SOCKET,IC 28 DIP",":SOCKET,IC 28 DIP","1","0","202","0","202","0","0","0","0","Open","true","false","false","Resolved","Resolved","MissingCurrentSalesOrder","303130303033353730303434303237303730"
"01","0044027","075","000357","S","Stock","C21020","2022-10-20","","","","","EA","Stock","","","0115133","001238","0011598","010","","08","110-43-640-41-001000","SOCKET,IC, 40 DIP",":SOCKET,IC, 40 DIP","1","0","102","69","33","0","0","0","0","Open","true","false","false","Resolved","Resolved","MissingCurrentSalesOrder","303130303033353730303434303237303735"
"01","0044144","010","000357","S","Stock","C30105","2023-01-05","","","","","EA","Stock","","","0115200","001270","0011649","110","","B0","MS27506-B22-2","STRAIN RELIEF",":STRAIN RELIEF","1","0","4","2","2","0","0","0","0","Open","true","false","false","Resolved","Resolved","MissingCurrentSalesOrder","303130303033353730303434313434303130"
"01","0044144","015","000357","S","Stock","C30105","2023-01-05","","","","","EA","Stock","","","0115201","001270","0011649","150","","B0","MS27506-B22-2","STRAIN RELIEF",":STRAIN RELIEF","1","0","4","0","4","0","0","0","0","Open","true","false","false","Resolved","Resolved","MissingCurrentSalesOrder","303130303033353730303434313434303135"
"01","0044144","020","000357","S","Stock","C30105","2023-01-05","","","","","EA","Stock","","","","","","","","B0","MS27506-B22-2","STRAIN RELIEF",":STRAIN RELIEF","1","0","2","0","2","0","0","0","0","Open","true","false","false","Resolved","NotReferenced","NotReferenced","303130303033353730303434313434303230"
"01","0044985","005","000357","S","Stock","C40625","2024-06-25","","","","","EA","MK","","","","","","","","62","RLR32C1211FRB14","RES 1.21K OHM 1% 1W AXIAL",":RES 1.21K OHM 1% 1W AXIAL","1","0","55","53","2","0","0","0","0","Open","true","false","false","Resolved","NotReferenced","NotReferenced","303130303033353730303434393835303035"
"01","0045379","030","000357","S","Stock","C50304","2025-03-04","","","","","EA","Stock","","","0115479","001238","0011964","010","","08","MMBT2222A","TRANSISTOR, NPN, 40V/ 0.6A","FAIRCHILD:TRANSISTOR, NPN, 40V","1","0","125","0","125","0","0","0","0","Open","true","false","false","Resolved","Resolved","MissingCurrentSalesOrder","303130303033353730303435333739303330"
"01","0045834","010","000357","S","Stock","C51205","2025-12-05","","","","","EA","04C-05","","","0115553","839287","0012042","010","","30","L7805CV","IC REG LDO 5V 1.5A TO220AB STMPOSITIVE  ST MICRO",":IC REG LDO 5V 1.5A TO220AB STMPOSITIVE","1","0","300","283","17","0","0","0","0","Open","true","false","false","Resolved","Resolved","MissingCurrentSalesOrder","303130303033353730303435383334303130"
"01","0026921","003","000362","S","Stock","B40701","2014-07-01","","","","","EA","Stock","","","","","","","","12","HH02020120U2","7002B-2 / HEATSINK, MACHINED","5509901:7002B-2 / HEATSINK, MACHINED","1","0","287","220","67","0","0","0","2","Open","true","false","false","Resolved","NotReferenced","NotReferenced","303130303033363230303236393231303033"
"01","0026921","004","000362","M","NonStock","B40307","2014-03-07","","","","","","","","","","","","","","12","","","RFC TO PUNCH 3 HOLES PER DLE SAMPLE","0","0","0","0","0","0","0","0","0","FullyReceivedPendingClose","false","false","false","NotApplicableNonStock","NotReferenced","NotReferenced","303130303033363230303236393231303034"
"01","0026921","010","000362","M","NonStock","B40307","2014-03-07","","","","","","","","","","","","","","12","","","RFC TO RETURN SAMPLES DLE PROVIDES W/","0","0","0","0","0","0","0","0","0","FullyReceivedPendingClose","false","false","false","NotApplicableNonStock","NotReferenced","NotReferenced","303130303033363230303236393231303130"
"01","0026921","011","000362","M","NonStock","B40307","2014-03-07","","","","","","","","","","","","","","12","","","FINAL SHIPMENT.","0","0","0","0","0","0","0","0","0","FullyReceivedPendingClose","false","false","false","NotApplicableNonStock","NotReferenced","NotReferenced","303130303033363230303236393231303131"
"01","0026921","012","000362","M","NonStock","B40307","2014-03-07","","","","","","","","","","","","","","12","","","DELIVERY REQUEST:","0","0","0","0","0","0","0","0","0","FullyReceivedPendingClose","false","false","false","NotApplicableNonStock","NotReferenced","NotReferenced","303130303033363230303236393231303132"
"01","0026921","013","000362","M","NonStock","B40307","2014-03-07","","","","","","","","","","","","","","12","","","100 DUE 6/16","0","0","0","0","0","0","0","0","0","FullyReceivedPendingClose","false","false","false","NotApplicableNonStock","NotReferenced","NotReferenced","303130303033363230303236393231303133"
"01","0026921","014","000362","M","NonStock","B40307","2014-03-07","","","","","","","","","","","","","","12","","","185 DUE 7/01","0","0","0","0","0","0","0","0","0","FullyReceivedPendingClose","false","false","false","NotApplicableNonStock","NotReferenced","NotReferenced","303130303033363230303236393231303134"
"01","0026921","015","000362","M","NonStock","B40307","2014-03-07","","","","","","","","","","","","","","12","","","","0","0","0","0","0","0","0","0","0","FullyReceivedPendingClose","false","false","false","NotApplicableNonStock","NotReferenced","NotReferenced","303130303033363230303236393231303135"
"01","0040783","005","000393","S","Stock","B80830","2018-08-30","","","","","EA","Stock","","","0113211","001249","0010393","030","","A3","D38999/20FD5PN","CONN RCPT MALE 5POS GOLD CRIMP",":CONN RCPT MALE 5POS GOLD CRIMP","1","0","51","0","51","0","0","0","0","Open","true","false","false","Resolved","Resolved","MissingCurrentSalesOrder","303130303033393330303430373833303035"
"01","0041023","010","000393","S","Stock","B90326","2019-03-26","","","","","EA","Stock","","","","","","","","A7","MS3116P8-2S","CIRC CONN 2POS",":CIRC CONN 2POS","1","0","41","0","41","0","0","0","0","Open","true","false","false","Resolved","NotReferenced","NotReferenced","303130303033393330303431303233303130"
"01","0041023","015","000393","S","Stock","B90326","2019-03-26","","","","","EA","Stock","","","","","","","","A7","MS3116P8-2S","CIRC CONN 2POS",":CIRC CONN 2POS","1","0","41","0","41","0","0","0","0","Open","true","false","false","Resolved","NotReferenced","NotReferenced","303130303033393330303431303233303135"
"01","0041023","020","000393","S","Stock","B90326","2019-03-26","","","","","EA","Stock","","","","","","","","A7","MS3111P8-2P","CONN RCPT MALE 2POS SLDR CUP",":CONN RCPT MALE 2POS SLDR CUP","1","0","41","0","41","0","0","0","0","Open","true","false","false","Resolved","NotReferenced","NotReferenced","303130303033393330303431303233303230"
"01","0041023","025","000393","M","NonStock","B90326","2019-03-26","","","","","","","","","","","","","","A7","","","ALL FOR T854707-1","0","0","0","0","0","0","0","0","0","FullyReceivedPendingClose","false","false","false","NotApplicableNonStock","NotReferenced","NotReferenced","303130303033393330303431303233303235"
"01","0043772","005","000393","S","Stock","C20607","2022-06-07","","","","","EA","Stock","","","0115013","001270","0011503","030","","B0","D38999/26WG35SN","CONN,ELE,PLUG,STR,SIZE 21",":CONN,ELE,PLUG,STR,SIZE 21","1","0","1","0","1","0","0","0","0","Open","true","false","false","Resolved","Resolved","MissingCurrentSalesOrder","303130303033393330303433373732303035"
"01","0043772","010","000393","S","Stock","C20607","2022-06-07","","","","","EA","Stock","","","0115013","001270","0011503","030","","B0","M85049/38-21W","CONN STRAIN RELIEF  NON-SELF-L",":CONN STRAIN RELIEF  NON-SELF-L","1","0","1","0","1","0","0","0","0","Open","true","false","false","Resolved","Resolved","MissingCurrentSalesOrder","303130303033393330303433373732303130"
"01","0043837","005","000393","S","Stock","C20627","2022-06-27","","","","","EA","Stock","","","","","","","","B0","M83519/2-8","SHIELD TERM  SOLDER TYPE  INSU",":SHIELD TERM  SOLDER TYPE  INSU","1","0","100","0","100","0","0","0","0","Open","true","false","false","Resolved","NotReferenced","NotReferenced","303130303033393330303433383337303035"
"01","0044701","020","000393","S","Stock","C31211","2023-12-11","","","","","EA","Stock","","","","","","","","B0","DBMA-25P","CONN  S-SUB W/CRIMP TERM  PIN",":CONN  S-SUB W/CRIMP TERM  PIN","1","0","2","0","2","0","0","0","0","Open","true","false","false","Resolved","NotReferenced","NotReferenced","303130303033393330303434373031303230"
"01","0044701","025","000393","S","Stock","C31211","2023-12-11","","","","","EA","Stock","","","","","","","","B0","DDMA50S","CONN D-SHELL CABLE MNT",":CONN D-SHELL CABLE MNT","1","0","4","0","4","0","0","0","0","Open","true","false","false","Resolved","NotReferenced","NotReferenced","303130303033393330303434373031303235"
"01","0040805","005","000398","S","Stock","B80927","2018-09-27","","","","","EA","Stock","","","","","","","","08","KF3604-292-003","PCB BARE BOARD",":PCB BARE BOARD","1","0","71","70","1","0","0","0","70","Open","true","false","false","Resolved","NotReferenced","NotReferenced","303130303033393830303430383035303035"
"01","0040805","010","000398","M","NonStock","B80927","2018-09-27","","","","","","","","","","","","","","08","","","FOR 3604-292-005","0","0","0","0","0","0","0","0","0","FullyReceivedPendingClose","false","false","false","NotApplicableNonStock","NotReferenced","NotReferenced","303130303033393830303430383035303130"
"01","0040805","015","000398","S","Stock","B80927","2018-09-27","","","","","EA","Stock","","","","","","","","08","KF3604-292-003","PCB BARE BOARD",":PCB BARE BOARD","1","0","-1","0","-1","0","0","0","0","OverReceivedOrReturn","false","false","false","Resolved","NotReferenced","NotReferenced","303130303033393830303430383035303135"
"01","0040805","020","000398","M","NonStock","B80927","2018-09-27","","","","","","","","","","","","","","08","","","CLOSE POR SHORT - MDL 10/3/18","0","0","0","0","0","0","0","0","0","FullyReceivedPendingClose","false","false","false","NotApplicableNonStock","NotReferenced","NotReferenced","303130303033393830303430383035303230"
"01","0027426","031","000408","S","Stock","B40615","2014-06-15","","","","","EA","Stock","","","0110132","001165","0008744","020","","31","718724-1","SHIELD, 1100-0 NICKEL PLATE",":SHIELD, 1100-0 NICKEL PLATE","1","0","22","14","8","0","0","0","14","Open","true","false","false","Resolved","Resolved","MissingCurrentSalesOrder","303130303034303830303237343236303331"
"01","0027426","035","000408","S","Stock","B40925","2014-09-25","","","","","EA","STOCK","","","","","","","","01","NRE","CHARGE","SET UP CHARGE:CHARGE","1","0","1","0","1","0","0","0","0","Open","true","false","false","Resolved","NotReferenced","NotReferenced","303130303034303830303237343236303335"
"01","0026482","002","000420","S","Stock","B40130","2014-01-30","","","","","EA","Stock","","","","","","","","62","JANTX1N4964","ZENOR DIODE (CR4, 18VDC 5.0W)",":ZENOR DIODE (CR4, 18VDC 5.0W)","1","0","25","0","25","0","0","0","0","Open","true","false","false","Resolved","NotReferenced","NotReferenced","303130303034323030303236343832303032"
"01","0026482","003","000420","M","NonStock","B40130","2014-01-30","","","","","","","","","","","","","","62","","","STK","0","0","0","0","0","0","0","0","0","FullyReceivedPendingClose","false","false","false","NotApplicableNonStock","NotReferenced","NotReferenced","303130303034323030303236343832303033"
"01","0026526","005","000420","S","Stock","B40215","2014-02-15","","","","","EA","Stock","","","","","","","","12","77-3738","IC N-CHANL MOD MOS X VQ1000","VQ1000J:IC N-CHANNEL ENCHN MOD MOS X","1","0","25","5","20","0","0","0","5","Open","true","false","false","Resolved","NotReferenced","NotReferenced","303130303034323030303236353236303035"
"01","0026526","006","000420","M","NonStock","B40215","2014-02-15","","","","","","","","","","","","","","12","","","STK","0","0","0","0","0","0","0","0","0","FullyReceivedPendingClose","false","false","false","NotApplicableNonStock","NotReferenced","NotReferenced","303130303034323030303236353236303036"
"01","0026543","009","000420","S","Stock","B41001","2014-10-01","","","","","EA","Stock","","","","","","","","02","LH5116-10","IC  SHARP",":IC  SHARP","1","0","20","15","5","0","0","0","15","Open","true","false","false","Resolved","NotReferenced","NotReferenced","303130303034323030303236353433303039"
"01","0026543","010","000420","S","Stock","B50106","2015-01-06","","","","","EA","Stock","","","","","","","","02","LH5116-10","IC  SHARP",":IC  SHARP","1","0","20","0","20","0","0","0","0","Open","true","false","false","Resolved","NotReferenced","NotReferenced","303130303034323030303236353433303130"
"01","0026543","020","000420","S","Stock","B41001","2014-10-01","","","","","EA","Stock","","","","","","","","02","600283-103","27C64-20/P PRGMMD MICROCHIP","27C64-20/P:27C64-20/P","1","0","20","15","5","0","0","0","15","Open","true","false","false","Resolved","NotReferenced","NotReferenced","303130303034323030303236353433303230"
"01","0026543","021","000420","S","Stock","B50106","2015-01-06","","","","","EA","Stock","","","","","","","","02","600283-103","27C64-20/P PRGMMD MICROCHIP","27C64-20/P:27C64-20/P","1","0","20","10","10","0","0","0","10","Open","true","false","false","Resolved","NotReferenced","NotReferenced","303130303034323030303236353433303231"
"01","0041964","005","000431","S","Stock","B91231","2019-12-31","","","","","FT","Stock","","","0113699","001165","0010752","010","","31","5M2635-26A1SJ","WIRE, SHIELDED",":WIRE, SHIELDED","1","0","500","350","150","0","0","0","0","Open","true","false","false","Resolved","Resolved","MissingCurrentSalesOrder","303130303034333130303431393634303035"
"01","0041964","010","000431","S","Stock","C00113","2020-01-13","","","","","FT","Stock","","","0113699","001165","0010752","010","","31","5M2635-26A1SJ","WIRE, SHIELDED",":WIRE, SHIELDED","1","0","500","0","500","0","0","0","0","Open","true","false","false","Resolved","Resolved","MissingCurrentSalesOrder","303130303034333130303431393634303130"
"01","0028112","010","000443","S","Stock","B50803","2015-08-03","","","","","EA","Stock","","","","","","","","72","+GEPSP009","XFMR 15K TRGGR 220VIN 14.5KOUT","T544240:XFMR 15K TRGGR 220VIN 14.5KOUT","1","0","233","233","0","0","0","0","0","FullyReceivedPendingClose","false","false","false","Resolved","NotReferenced","NotReferenced","303130303034343330303238313132303130"
"01","0028112","015","000443","M","NonStock","B50605","2015-06-05","","","","","","","","","","","","","","72","","","** BLANKET ORDER - TO BE SCHEDULED BY","0","0","0","0","0","0","0","0","0","FullyReceivedPendingClose","false","false","false","NotApplicableNonStock","NotReferenced","NotReferenced","303130303034343330303238313132303135"
"01","0028112","020","000443","M","NonStock","B50605","2015-06-05","","","","","","","","","","","","","","72","","","8/3/15 OR SOONER PER 5-8WK LT.","0","0","0","0","0","0","0","0","0","FullyReceivedPendingClose","false","false","false","NotApplicableNonStock","NotReferenced","NotReferenced","303130303034343330303238313132303230"
"01","0045278","005","000443","S","Stock","C50113","2025-01-13","","","","","EA","06C-130","","","","","","","","72","+GEPSP009","XFMR 15K TRGGR 220VIN 14.5KOUT","T544240:XFMR 15K TRGGR 220VI","1","0","20","0","20","0","0","0","0","Open","true","false","false","Resolved","NotReferenced","NotReferenced","303130303034343330303435323738303035"
"01","0040311","005","000486","S","Stock","B80202","2018-02-02","","","","","EA","Stock","","","","","","","","01","H-725","MANUAL KRAFT TAPE DISPENSER","H-725:MANUAL KRAFT TAPE DISPENSER","1","0","1","0","1","0","0","0","0","Open","true","false","false","Resolved","NotReferenced","NotReferenced","303130303034383630303430333131303035"
"01","0040311","010","000486","M","NonStock","B80202","2018-02-02","","","","","","","","","","","","","","01","","","STOCK","0","0","0","0","0","0","0","0","0","FullyReceivedPendingClose","false","false","false","NotApplicableNonStock","NotReferenced","NotReferenced","303130303034383630303430333131303130"
"01","0040311","015","000486","S","Stock","B80202","2018-02-02","","","","","EA","Stock","","","","","","","","01","S-2350","KRAFT TAPE 3""X375' 8ROLLS/CS","S-2350:KRAFT TAPE 3""X375' 8ROLLS/CS","1","0","1","0","1","0","0","0","0","Open","true","false","false","Resolved","NotReferenced","NotReferenced","303130303034383630303430333131303135"
"01","0040311","020","000486","M","NonStock","B80202","2018-02-02","","","","","","","","","","","","","","01","","","FREE PROMO WITH MACHINE PURCHASE","0","0","0","0","0","0","0","0","0","FullyReceivedPendingClose","false","false","false","NotApplicableNonStock","NotReferenced","NotReferenced","303130303034383630303430333131303230"
"01","0040311","025","000486","M","NonStock","B80202","2018-02-02","","","","","","","","","","","","","","01","","","STOCK","0","0","0","0","0","0","0","0","0","FullyReceivedPendingClose","false","false","false","NotApplicableNonStock","NotReferenced","NotReferenced","303130303034383630303430333131303235"
"01","0040311","030","000486","S","Stock","B80202","2018-02-02","","","","","EA","Stock","","","","","","","","01","S-11847","SELF FUSING TAPE 1""X12YDS BLK",":SELF FUSING TAPE 1""X12YDS BLK","1","0","4","0","4","0","0","0","0","Open","true","false","false","Resolved","NotReferenced","NotReferenced","303130303034383630303430333131303330"
"01","0040311","035","000486","M","NonStock","B80202","2018-02-02","","","","","","","","","","","","","","01","","","1 FREE CANTEEN S-22052FP WITH PURCHASE","0","0","0","0","0","0","0","0","0","FullyReceivedPendingClose","false","false","false","NotApplicableNonStock","NotReferenced","NotReferenced","303130303034383630303430333131303335"
"01","0040311","040","000486","M","NonStock","B80202","2018-02-02","","","","","","","","","","","","","","01","","","STOCK FOR JPL","0","0","0","0","0","0","0","0","0","FullyReceivedPendingClose","false","false","false","NotApplicableNonStock","NotReferenced","NotReferenced","303130303034383630303430333131303430"
"01","0041972","005","000486","S","Stock","B91212","2019-12-12","","","","","EA","Stock","","","","","","","","01","14X14X8","14X14X8 BOX 25/PK","S-4146:14X14X8 BOX 25/PK","1","0","50","0","50","0","0","0","50","Open","true","false","false","Resolved","NotReferenced","NotReferenced","303130303034383630303431393732303035"
"01","0041972","010","000486","S","Stock","B91212","2019-12-12","","","","","EA","Stock","","","","","","","","01","8X8X3","8X8X3 BOX 25/PK","S-4589:8X8X3 BOX 25/PK","1","0","100","0","100","0","0","0","100","Open","true","false","false","Resolved","NotReferenced","NotReferenced","303130303034383630303431393732303130"
"01","0041972","015","000486","S","Stock","B91212","2019-12-12","","","","","EA","Stock","","","","","","","","01","S-4335","12X9X9 BOX 25/PK",":12X9X9 BOX 25/PK","1","0","100","0","100","0","0","0","100","Open","true","false","false","Resolved","NotReferenced","NotReferenced","303130303034383630303431393732303135"
"01","0041972","020","000486","S","Stock","B91212","2019-12-12","","","","","EA","Stock","","","","","","","","01","S-22660","28X24X12 BOX 15/PK","S-22660:28X24X12 BOX 15/PK","1","0","45","0","45","0","0","0","45","Open","true","false","false","Resolved","NotReferenced","NotReferenced","303130303034383630303431393732303230"
"01","0041972","025","000486","S","Stock","B91212","2019-12-12","","","","","EA","Stock","","","","","","","","01","S-4468","18X18X10 BOXES 20/PK",":18X18X10 BOXES 20/PK","1","0","60","0","60","0","0","0","60","Open","true","false","false","Resolved","NotReferenced","NotReferenced","303130303034383630303431393732303235"
"01","0041972","030","000486","S","Stock","B91212","2019-12-12","","","","","EA","Stock","","","","","","","","01","S-4496","18X10X10 BOX 25/PK",":18X10X10 BOX 25/PK","1","0","50","0","50","0","0","0","50","Open","true","false","false","Resolved","NotReferenced","NotReferenced","303130303034383630303431393732303330"
"01","0041972","035","000486","S","Stock","B91212","2019-12-12","","","","","EA","Stock","","","","","","","","01","10X10X6","10X10X6 BOX 25/PK","S-4107:10X10X6 BOX 25/PK","1","0","100","0","100","0","0","0","100","Open","true","false","false","Resolved","NotReferenced","NotReferenced","303130303034383630303431393732303335"
"01","0041972","040","000486","M","NonStock","B91212","2019-12-12","","","","","","","","","","","","","","01","","","ALL STK DLE","0","0","0","0","0","0","0","0","0","FullyReceivedPendingClose","false","false","false","NotApplicableNonStock","NotReferenced","NotReferenced","303130303034383630303431393732303430"
"01","0027188","010","000488","S","Stock","B40627","2014-06-27","","","","","EA","Stock","","","0110237","900015","0008788","010","","A2","6016-0023","CBL,4CND,22AWG,UNSHLD,PVC","C4063A:CBL,4CND,22AWG,UNSHLD,PVC","1","0","491","491","0","0","0","0","491","FullyReceivedPendingClose","false","false","false","Resolved","Resolved","MissingCurrentSalesOrder","303130303034383830303237313838303130"
"01","0028205","010","000488","S","Stock","B50722","2015-07-22","","","","","FT","Stock","","","","","","","","A2","6779-9900","24AWG TEFLON INSLTD WHITE","M16878/4-BEE-9:24AWG TEFLON INSLTD WHITE","1","0","200","0","200","0","0","0","0","Open","true","false","false","Resolved","NotReferenced","NotReferenced","303130303034383830303238323035303130"
"01","0026906","001","000494","S","Stock","B40225","2014-02-25","","","","","FT","Stock","","","0109994","001132","0008660","010","","93","M16878/4-26-6","26AWG 19STRND BLUE","E26 19 6:26AWG 19STRND BLUE","1","0","50","0","50","0","0","0","0","Open","true","false","false","Resolved","Resolved","MissingCurrentSalesOrder","303130303034393430303236393036303031"
"01","0026906","002","000494","S","Stock","B40225","2014-02-25","","","","","FT","Stock","","","0109994","001132","0008660","010","","93","M16878/4-26-2","26AWG 19STRND RED","E26 19 2:26AWG 19STRND RED","1","0","50","0","50","0","0","0","0","Open","true","false","false","Resolved","Resolved","MissingCurrentSalesOrder","303130303034393430303236393036303032"
"01","0026906","003","000494","S","Stock","B40225","2014-02-25","","","","","FT","Stock","","","0109994","001132","0008660","010","","93","M16878/4-26-5","26AWG 19STRND GREEN","E26 19 5:26AWG 19STRND GREEN","1","0","50","0","50","0","0","0","0","Open","true","false","false","Resolved","Resolved","MissingCurrentSalesOrder","303130303034393430303236393036303033"
"01","0026906","004","000494","S","Stock","B40225","2014-02-25","","","","","FT","Stock","","","0109994","001132","0008660","010","","93","M16878/4-26-9","26AWG 19STRND WHITE","E26 19 9:26AWG 19STRND WHITE","1","0","50","0","50","0","0","0","0","Open","true","false","false","Resolved","Resolved","MissingCurrentSalesOrder","303130303034393430303236393036303034"
"01","0027184","020","000494","S","Stock","B40624","2014-06-24","","","","","FT","Stock","","","0110268","578350","0008796","","","02","18YEL/BLU","M22759/11-18-46",":M22759/11-18-46","1","0","250","240","10","0","0","0","240","Open","true","false","false","Resolved","Resolved","MissingCurrentSalesOrder","303130303034393430303237313834303230"
"01","0039242","030","000494","S","Stock","B61105","2016-11-05","","","","","EA","Stock","","","","","","","","30","M16878/1-BGE-6","20AWG BLUE WIRE",":20AWG BLUE WIRE","1","0","775","755","20","0","0","0","755","Open","true","false","false","Resolved","NotReferenced","NotReferenced","303130303034393430303339323432303330"
"01","0043043","015","000494","S","Stock","C10714","2021-07-14","","","","","FT","Stock","","","","","","","","12","77-2327-2","16AWG M16878/3-BJE RED 3000V",":16AWG M16878/3-BJE RED 3000V","1","0","490","280","210","0","0","0","0","Open","true","false","false","Resolved","NotReferenced","NotReferenced","303130303034393430303433303433303135"
"01","0046099","005","000494","S","Stock","C60717","2026-07-17","","","","","FT","Stock","","","","","","","","12","77-2378","20AWG WHT 600V MIK-W-16878/1","61-20-19T-9:20AWG WHT 600V MIK-W","1","0","1000","0","1000","0","0","0","0","Open","true","false","false","Resolved","NotReferenced","NotReferenced","303130303034393430303436303939303035"
"01","0046099","010","000494","S","Stock","C60717","2026-07-17","","","","","FT","Stock","","","","","","","","12","77-2398","20AWG 600V BLACK M16878/1-BGE0","M16878/1-BGE0:20AWG 600V BLACK M16","1","0","1000","0","1000","0","0","0","0","Open","true","false","false","Resolved","NotReferenced","NotReferenced","303130303034393430303436303939303130"
"01","0041282","005","000507","S","Stock","B90321","2019-03-21","","","","","EA","Stock","","","","","","","","01","SEAT COVERS","TOILET SEAT COVERS 20/CASE",":TOILET SEAT COVERS 20/CASE","1","0","1","0","1","0","0","0","0","Open","true","false","false","Resolved","NotReferenced","NotReferenced","303130303035303730303431323832303035"
"01","0041282","010","000507","S","Stock","B90321","2019-03-21","","","","","EA","Stock","","","","","","","","01","TL-40X48","TRASH LINER 40X48 40-45GALL",":TRASH LINER 40X48 40-45GALL","1","0","2","0","2","0","0","0","0","Open","true","false","false","Resolved","NotReferenced","NotReferenced","303130303035303730303431323832303130"
"01","0041282","015","000507","S","Stock","B90321","2019-03-21","","","","","EA","Stock","","","","","","","","01","TL-24X24","TRASH LINER 24X24 7-10GAL",":TRASH LINER 24X24 7-10GAL","1","0","1","0","1","0","0","0","0","Open","true","false","false","Resolved","NotReferenced","NotReferenced","303130303035303730303431323832303135"
"01","0041282","020","000507","S","Stock","B90321","2019-03-21","","","","","EA","Stock","","","","","","","","01","KRT-30","KTCHN ROLL TWLS 30RLS/CASE",":KTCHN ROLL TWLS 30RLS/CASE","1","0","1","0","1","0","0","0","0","Open","true","false","false","Resolved","NotReferenced","NotReferenced","303130303035303730303431323832303230"
"01","0041282","025","000507","S","Stock","B90321","2019-03-21","","","","","EA","Stock","","","","","","","","01","SINGLEFOLD","PAPER TOWELS",":PAPER TOWELS","1","0","1","0","1","0","0","0","0","Open","true","false","false","Resolved","NotReferenced","NotReferenced","303130303035303730303431323832303235"
"01","0026751","006","000519","S","Stock","B40125","2014-01-25","","","","","EA","Stock","","","0109881","839287","0008544","","","30","QXJ2J333KTPT","CAP,01033UF,250VAC,PLASTICFILM","N1113:CAP,01033UF,250VAC,PLASTICFILM","1","0","1250","0","1250","0","0","0","0","Open","true","false","false","Resolved","Resolved","MissingCurrentSalesOrder","303130303035313930303236373531303036"
"01","0026751","007","000519","S","Stock","B40125","2014-01-25","","","","","EA","Stock","","","","","","","","30","QXJ2J333KTPT","CAP,01033UF,250VAC,PLASTICFILM","N1113:CAP,01033UF,250VAC,PLASTICFILM","1","0","50","0","50","0","0","0","0","Open","true","false","false","Resolved","NotReferenced","NotReferenced","303130303035313930303236373531303037"
"01","0040881","005","000519","S","Stock","B81116","2018-11-16","","","","","EA","04A-350","","","","","","","","72","+GEPSP150-5","Z6A105K CAPMP 1UF600V10% ELPAC","1313TF-X-1.0-6-1:Z6A105K CAPMP 1UF600","1","0","50","0","50","0","0","0","0","Open","true","false","false","Resolved","NotReferenced","NotReferenced","303130303035313930303430383831303035"
"01","0040881","007","000519","M","NonStock","B81231","2018-12-31","","","","","","","","","","","","","","72","","","FOR HA-GEA20264-1","0","0","0","0","0","0","0","0","0","FullyReceivedPendingClose","false","false","false","NotApplicableNonStock","NotReferenced","NotReferenced","303130303035313930303430383831303037"
"01","0040881","010","000519","S","Stock","B81116","2018-11-16","","","","","EA","04A-350","","","","","","","","72","+GEPSP150-5","Z6A105K CAPMP 1UF600V10% ELPAC","1313TF-X-1.0-6-1:Z6A105K CAPMP 1UF600","1","0","100","0","100","0","0","0","0","Open","true","false","false","Resolved","NotReferenced","NotReferenced","303130303035313930303430383831303130"
"01","0040881","015","000519","M","NonStock","B81231","2018-12-31","","","","","","","","","","","","","","72","","","FOR HA-GEA20264-4","0","0","0","0","0","0","0","0","0","FullyReceivedPendingClose","false","false","false","NotApplicableNonStock","NotReferenced","NotReferenced","303130303035313930303430383831303135"
"01","0040881","020","000519","S","Stock","B81231","2018-12-31","","","","","EA","04A-350","","","","","","","","72","+GEPSP150-5","Z6A105K CAPMP 1UF600V10% ELPAC","1313TF-X-1.0-6-1:Z6A105K CAPMP 1UF600","1","0","50","0","50","0","0","0","0","Open","true","false","false","Resolved","NotReferenced","NotReferenced","303130303035313930303430383831303230"
"01","0040881","025","000519","M","NonStock","B81231","2018-12-31","","","","","","","","","","","","","","72","","","STK","0","0","0","0","0","0","0","0","0","FullyReceivedPendingClose","false","false","false","NotApplicableNonStock","NotReferenced","NotReferenced","303130303035313930303430383831303235"
"01","0040881","030","000519","S","Stock","B81116","2018-11-16","","","","","EA","04A-430","","","","","","","","72","+GEPSP150-2","Z4A205K CAP MP 400V 2UF ELPAC","E010464:Z4A205K CAP MP 400V","1","0","50","0","50","0","0","0","0","Open","true","false","false","Resolved","NotReferenced","NotReferenced","303130303035313930303430383831303330"
"01","0040881","035","000519","M","NonStock","B81231","2018-12-31","","","","","","","","","","","","","","72","","","FOR HA-GEA20264-1","0","0","0","0","0","0","0","0","0","FullyReceivedPendingClose","false","false","false","NotApplicableNonStock","NotReferenced","NotReferenced","303130303035313930303430383831303335"
"01","0040881","040","000519","S","Stock","B81116","2018-11-16","","","","","EA","04A-430","","","","","","","","72","+GEPSP150-2","Z4A205K CAP MP 400V 2UF ELPAC","E010464:Z4A205K CAP MP 400V","1","0","100","0","100","0","0","0","0","Open","true","false","false","Resolved","NotReferenced","NotReferenced","303130303035313930303430383831303430"
"01","0040881","045","000519","M","NonStock","B81231","2018-12-31","","","","","","","","","","","","","","72","","","FOR HA+GEA20264-4","0","0","0","0","0","0","0","0","0","FullyReceivedPendingClose","false","false","false","NotApplicableNonStock","NotReferenced","NotReferenced","303130303035313930303430383831303435"
"01","0040881","050","000519","S","Stock","B81231","2018-12-31","","","","","EA","04A-430","","","","","","","","72","+GEPSP150-2","Z4A205K CAP MP 400V 2UF ELPAC","E010464:Z4A205K CAP MP 400V","1","0","50","0","50","0","0","0","0","Open","true","false","false","Resolved","NotReferenced","NotReferenced","303130303035313930303430383831303530"
"01","0040881","055","000519","M","NonStock","B81231","2018-12-31","","","","","","","","","","","","","","72","","","STK","0","0","0","0","0","0","0","0","0","FullyReceivedPendingClose","false","false","false","NotApplicableNonStock","NotReferenced","NotReferenced","303130303035313930303430383831303535"
"01","0045710","025","000519","S","Stock","C50918","2025-09-18","","","","","EA","04A-350","","","","","","","","72","+GEPSP150-5","Z6A105K CAPMP 1UF600V10% ELPAC","1313TF-X-1.0-6-1:Z6A105K CAPMP 1UF600","1","0","39","39","0","0","0","0","0","FullyReceivedPendingClose","false","false","false","Resolved","NotReferenced","NotReferenced","303130303035313930303435373130303235"
"01","0027553","005","000533","S","Stock","B41022","2014-10-22","","","","","EA","Stock","","","","","","","","01","12X17FRAME","12 X 17 FRAME",":12 X 17 FRAME","1","0","2","0","2","0","0","0","0","Open","true","false","false","Resolved","NotReferenced","NotReferenced","303130303035333330303237353533303035"
"01","0027553","010","000533","M","NonStock","B41022","2014-10-22","","","","","","","","","","","","","","01","","","FOR CENTURY","0","0","0","0","0","0","0","0","0","FullyReceivedPendingClose","false","false","false","NotApplicableNonStock","NotReferenced","NotReferenced","303130303035333330303237353533303130"
"01","0027553","015","000533","S","Stock","B41022","2014-10-22","","","","","EA","Stock","","","","","","","","01","DELIVERY","",":","1","0","1","0","1","0","0","0","0","Open","true","false","false","Resolved","NotReferenced","NotReferenced","303130303035333330303237353533303135"
"01","0028216","005","000533","S","Stock","B50727","2015-07-27","","","","","EA","Stock","","","","","","","","01","STENCIL","","15X20:","1","0","1","0","1","0","0","0","0","Open","true","false","false","Resolved","NotReferenced","NotReferenced","303130303035333330303238323136303035"
"01","0028216","010","000533","S","Stock","B50727","2015-07-27","","","","","EA","Stock","","","","","","","","01","STENCIL 12","12x12",":12x12","1","0","1","0","1","0","0","0","0","Open","true","false","false","Resolved","NotReferenced","NotReferenced","303130303035333330303238323136303130"
"01","0028216","015","000533","S","Stock","B50727","2015-07-27","","","","","EA","Stock","","","","","","","","01","DELIVERY","",":","1","0","1","0","1","0","0","0","0","Open","true","false","false","Resolved","NotReferenced","NotReferenced","303130303035333330303238323136303135"
"01","0028216","020","000533","M","NonStock","B50727","2015-07-27","","","","","","","","","","","","","","01","","","FOR TAL","0","0","0","0","0","0","0","0","0","FullyReceivedPendingClose","false","false","false","NotApplicableNonStock","NotReferenced","NotReferenced","303130303035333330303238323136303230"
"01","0038635","005","000533","N","NonStock","B60318","2016-03-18","","","","","","","","","","","","","","A3","STENCIL","","8X10","0","0","1","0","1","0","0","0","1","Open","true","false","false","NotApplicableNonStock","NotReferenced","NotReferenced","303130303035333330303338363335303035"
"01","0038635","010","000533","N","NonStock","B60318","2016-03-18","","","","","","","","","","","","","","01","DELEVERY CHARGE","","","0","0","1","0","1","0","0","0","0","Open","true","false","false","NotApplicableNonStock","NotReferenced","NotReferenced","303130303035333330303338363335303130"
"01","0038843","005","000533","S","Stock","B60606","2016-06-06","","","","","EA","Stock","","","","","","","","01","STENCIL 12X12","STENCIL 12X12","SLED DRIVE BOARD:STENCIL 12X12","1","0","1","0","1","0","0","0","1","Open","true","false","false","Resolved","NotReferenced","NotReferenced","303130303035333330303338383433303035"
"01","0038843","010","000533","M","NonStock","B60606","2016-06-06","","","","","","","","","","","","","","01","","","EB1-NL-9471 REV 1","0","0","0","0","0","0","0","0","0","FullyReceivedPendingClose","false","false","false","NotApplicableNonStock","NotReferenced","NotReferenced","303130303035333330303338383433303130"
"01","0038843","015","000533","S","Stock","B60606","2016-06-06","","","","","EA","Stock","","","","","","","","01","STENCIL 12X12","STENCIL 12X12","SLED DRIVE BOARD:STENCIL 12X12","1","0","1","0","1","0","0","0","1","Open","true","false","false","Resolved","NotReferenced","NotReferenced","303130303035333330303338383433303135"
"01","0038843","020","000533","M","NonStock","B60606","2016-06-06","","","","","","","","","","","","","","01","","","EB1-NL-9472 REV 1","0","0","0","0","0","0","0","0","0","FullyReceivedPendingClose","false","false","false","NotApplicableNonStock","NotReferenced","NotReferenced","303130303035333330303338383433303230"
"01","0038843","025","000533","N","NonStock","B60606","2016-06-06","","","","","","","","","","","","","","01","DELIVERY","","","0","0","1","0","1","0","0","0","1","Open","true","false","false","NotApplicableNonStock","NotReferenced","NotReferenced","303130303035333330303338383433303235"
"01","0039562","005","000533","S","Stock","B70306","2017-03-06","","","","","EA","Stock","","","","","","","","01","STENCIL","","15X20:","1","0","1","0","1","0","0","0","0","Open","true","false","false","Resolved","NotReferenced","NotReferenced","303130303035333330303339353632303035"
"01","0039562","010","000533","M","NonStock","B70306","2017-03-06","","","","","","","","","","","","","","01","","","STOCK","0","0","0","0","0","0","0","0","0","FullyReceivedPendingClose","false","false","false","NotApplicableNonStock","NotReferenced","NotReferenced","303130303035333330303339353632303130"
"01","0039562","015","000533","S","Stock","B70306","2017-03-06","","","","","EA","Stock","","","","","","","","01","DELIVERY","","CHARGE:","1","0","1","0","1","0","0","0","0","Open","true","false","false","Resolved","NotReferenced","NotReferenced","303130303035333330303339353632303135"
"01","0039562","020","000533","M","NonStock","B70306","2017-03-06","","","","","","","","","","","","","","01","","","STOCK","0","0","0","0","0","0","0","0","0","FullyReceivedPendingClose","false","false","false","NotApplicableNonStock","NotReferenced","NotReferenced","303130303035333330303339353632303230"
"01","0040574","005","000533","N","NonStock","B80504","2018-05-04","","","","","","","","","","","","","","01","STENCIL 12x12","","","0","0","1","0","1","0","0","0","0","Open","true","false","false","NotApplicableNonStock","NotReferenced","NotReferenced","303130303035333330303430353734303035"
"01","0040574","010","000533","M","NonStock","B80504","2018-05-04","","","","","","","","","","","","","","01","","","FOR EB1-NL-9398-1","0","0","0","0","0","0","0","0","0","FullyReceivedPendingClose","false","false","false","NotApplicableNonStock","NotReferenced","NotReferenced","303130303035333330303430353734303130"
"01","0040574","015","000533","N","NonStock","B80504","2018-05-04","","","","","","","","","","","","","","00","DELIVERY","","","0","0","1","0","1","0","0","0","0","Open","true","false","false","NotApplicableNonStock","NotReferenced","NotReferenced","303130303035333330303430353734303135"
"01","0028227","010","000536","S","Stock","B51001","2015-10-01","","","","","EA","Stock","","","","","","","","12","87-0007","DIODE HV2000V 600MA EF200","EF200:DIODE HV2000V 600MA EF200","1","0","250","230","20","0","0","0","230","Open","true","false","false","Resolved","NotReferenced","NotReferenced","303130303035333630303238323237303130"
"01","0044286","005","000536","S","Stock","C30314","2023-03-14","","","","","EA","04C-110","","","0115224","001057","0011666","010","","72","+GEPSP221","TRIAC 6AMP SC141M NJS0123","SC141MNJS:TRIAC 6AMP SC141M NJ","1","0","30","0","30","0","0","0","0","Open","true","false","false","Resolved","Resolved","MissingCurrentSalesOrder","303130303035333630303434323836303035"
"01","0041367","001","000541","S","Stock","B90514","2019-05-14","","","","","EA","06C-10","","","","","","","","12","PC01NSL446","DRWNG INSTRCTN FOR PN VT43N3",":NSL-4450 PHOTOCELL, 1""ENCAPSUL","1","0","30","0","30","0","0","0","0","Open","true","false","false","Resolved","NotReferenced","NotReferenced","303130303035343130303431333637303031"
"01","0041744","005","000542","S","Stock","B91028","2019-10-28","","","","","EA","Stock","","","0113733","839287","0010769","010","","30","CB03-7152 REV B","PCB 03-7152","CB03-7152:PCB 03-7152","1","0","260","0","260","0","0","0","0","Open","true","false","false","Resolved","Resolved","MissingCurrentSalesOrder","303130303035343230303431373434303035"
"01","0041744","010","000542","S","Stock","B91028","2019-10-28","","","","","EA","Stock","","","0113734","839287","0010769","090","","30","CB03-7152 REV B","PCB 03-7152","CB03-7152:PCB 03-7152","1","0","250","0","250","0","0","0","0","Open","true","false","false","Resolved","Resolved","MissingCurrentSalesOrder","303130303035343230303431373434303130"
"01","0041744","015","000542","S","Stock","B91028","2019-10-28","","","","","EA","Stock","","","0113735","839287","0010769","170","","30","CB03-7152 REV B","PCB 03-7152","CB03-7152:PCB 03-7152","1","0","246","0","246","0","0","0","0","Open","true","false","false","Resolved","Resolved","MissingCurrentSalesOrder","303130303035343230303431373434303135"
"01","0041744","020","000542","S","Stock","B91028","2019-10-28","","","","","EA","Stock","","","","","","","","30","CB03-7152 REV B","PCB 03-7152","CB03-7152:PCB 03-7152","1","0","244","0","244","0","0","0","0","Open","true","false","false","Resolved","NotReferenced","NotReferenced","303130303035343230303431373434303230"
"01","0041744","025","000542","M","NonStock","B91028","2019-10-28","","","","","","","","","","","","","","30","","","STK","0","0","0","0","0","0","0","0","0","FullyReceivedPendingClose","false","false","false","NotApplicableNonStock","NotReferenced","NotReferenced","303130303035343230303431373434303235"
"01","0041744","030","000542","N","NonStock","B91028","2019-10-28","","","","","","","","","","","","","","30","SHIPPING","FEE","","0","0","1","0","1","0","0","0","0","Open","true","false","false","NotApplicableNonStock","NotReferenced","NotReferenced","303130303035343230303431373434303330"
"01","0043875","005","000542","S","Stock","C20808","2022-08-08","","","","","EA","07A","","","0115058","839287","0011536","010","","30","722-0001 REV C","PCB POWER SUPPLY 230V/460V",":PCB POWER SUPPLY 230V/460V","1","0","750","0","750","0","0","0","0","Open","true","false","false","Resolved","Resolved","MissingCurrentSalesOrder","303130303035343230303433383735303035"
"01","0043875","010","000542","S","Stock","C20808","2022-08-08","","","","","EA","07A","","","","","","","","30","722-0001 REV C","PCB POWER SUPPLY 230V/460V",":PCB POWER SUPPLY 230V/460V","1","0","250","0","250","0","0","0","0","Open","true","false","false","Resolved","NotReferenced","NotReferenced","303130303035343230303433383735303130"
"01","0043875","015","000542","S","Stock","C20808","2022-08-08","","","","","EA","Stock","","","","","","","","30","SHIPPING","FEE","DHL:FEE","1","0","1","0","1","0","0","0","0","Open","true","false","false","Resolved","NotReferenced","NotReferenced","303130303035343230303433383735303135"
"01","0027435","010","000550","S","Stock","B40910","2014-09-10","","","","","EA","Stock","","","0110434","759050","0008891","030","","27","M23053/5-310-0","HEATSHRINK 1"" BLACK","5121010:HEATSHRINK 1"" BLACK","1","0","10","0","10","0","0","0","0","Open","true","false","false","Resolved","Resolved","MissingCurrentSalesOrder","303130303035353030303237343335303130"
"01","0028508","040","000551","S","Stock","B60118","2016-01-18","","","","","EA","Stock","","","","","","","","02","MS35649-264","NUT 6-32",":NUT 6-32","1","0","200","200","0","0","0","0","200","FullyReceivedPendingClose","false","false","false","Resolved","NotReferenced","NotReferenced","303130303035353130303238353038303430"
"01","0390046","005","000551","S","Stock","B60825","2016-08-25","","","","","EA","Stock","","","0111748","578350","0009567","010","","02","MS35333-36","WASHER LOCK #4",":WASHER LOCK #4","1","0","1500","0","1500","0","0","0","0","Open","true","false","false","Resolved","Resolved","MissingCurrentSalesOrder","303130303035353130333930303436303035"
"01","0390046","010","000551","S","Stock","B60825","2016-08-25","","","","","EA","Stock","","","0111748","578350","0009567","010","","02","MS35206-216","SCREW, PAN HD, #4 x 7/16",":SCREW, PAN HD, #4 x 7/16","1","0","200","0","200","0","0","0","0","Open","true","false","false","Resolved","Resolved","MissingCurrentSalesOrder","303130303035353130333930303436303130"
"01","0390046","011","000551","S","Stock","B60825","2016-08-25","","","","","EA","Stock","","","","","","","","02","MS35206-216","SCREW, PAN HD, #4 x 7/16",":SCREW, PAN HD, #4 x 7/16","1","0","200","0","200","0","0","0","0","Open","true","false","false","Resolved","NotReferenced","NotReferenced","303130303035353130333930303436303131"
"01","0390046","015","000551","S","Stock","B60825","2016-08-25","","","","","EA","Stock","","","0111748","578350","0009567","010","","02","MS35206-213","SCREW, PAN HD, #4 x 1/4",":SCREW, PAN HD, #4 x 1/4","1","0","200","0","200","0","0","0","0","Open","true","false","false","Resolved","Resolved","MissingCurrentSalesOrder","303130303035353130333930303436303135"
"01","0390046","016","000551","S","Stock","B60825","2016-08-25","","","","","EA","Stock","","","","","","","","02","MS35206-213","SCREW, PAN HD, #4 x 1/4",":SCREW, PAN HD, #4 x 1/4","1","0","300","0","300","0","0","0","0","Open","true","false","false","Resolved","NotReferenced","NotReferenced","303130303035353130333930303436303136"
"01","0390046","020","000551","S","Stock","B60825","2016-08-25","","","","","EA","Stock","","","0111748","578350","0009567","010","","02","MS35333-38","WASHER, LOCK #8",":WASHER, LOCK #8","1","0","400","0","400","0","0","0","0","Open","true","false","false","Resolved","Resolved","MissingCurrentSalesOrder","303130303035353130333930303436303230"
"01","0390046","025","000551","S","Stock","B60825","2016-08-25","","","","","EA","Stock","","","","","","","","02","MS35333-38","WASHER, LOCK #8",":WASHER, LOCK #8","1","0","100","0","100","0","0","0","0","Open","true","false","false","Resolved","NotReferenced","NotReferenced","303130303035353130333930303436303235"
"01","0390046","030","000551","S","Stock","B60908","2016-09-08","","","","","EA","Stock","","","0111748","578350","0009567","010","","02","MS35649-244","HEX NUT #4",":HEX NUT #4","1","0","1100","0","1100","0","0","0","0","Open","true","false","false","Resolved","Resolved","MissingCurrentSalesOrder","303130303035353130333930303436303330"
"01","0027482","005","000555","S","Stock","B40930","2014-09-30","","","","","EA","Stock","","","0110459","001165","0008900","010","","31","M46852TYPE2","TAPE  ELECTRICAL",":TAPE  ELECTRICAL","1","0","1","0","1","0","0","0","0","Open","true","false","false","Resolved","Resolved","MissingCurrentSalesOrder","303130303035353530303237343832303035"
"01","0026701","001","000570","S","Stock","B31127","2013-11-27","","","","","EA","Stock","","","","","","","","31","CS3100","TYPE II CL2 FLAME MASTER",":TYPE II CL2 FLAME MASTER","1","0","1","0","1","0","0","0","0","Open","true","false","false","Resolved","NotReferenced","NotReferenced","303130303035373030303236373031303031"
"01","0026701","002","000570","M","NonStock","B31127","2013-11-27","","","","","","","","","","","","","","31","","","STK","0","0","0","0","0","0","0","0","0","FullyReceivedPendingClose","false","false","false","NotApplicableNonStock","NotReferenced","NotReferenced","303130303035373030303236373031303032"
"01","0026701","003","000570","N","NonStock","B31127","2013-11-27","","","","","","","","","","","","","","31","SHIPPING","FEE","","0","0","1","0","1","0","0","0","0","Open","true","false","false","NotApplicableNonStock","NotReferenced","NotReferenced","303130303035373030303236373031303033"
"01","0044340","005","000570","S","Stock","C30406","2023-04-06","","","","","EA","Stock","","","0115240","001061","0011687","010","","14","2302-0025","SEALANT PER MIL-I-46058",":SEALANT PER MIL-I-46058","1","0","2","0","2","0","0","0","0","Open","true","false","false","Resolved","Resolved","MissingCurrentSalesOrder","303130303035373030303434333430303035"
"01","0044340","010","000570","N","NonStock","C30406","2023-04-06","","","","","","","","","","","","","","14","SHIPPING","FEE","CHARGE TO SEND ON OUR ACCOUNT","0","0","1","0","1","0","0","0","0","Open","true","false","false","NotApplicableNonStock","NotReferenced","NotReferenced","303130303035373030303434333430303130"
"01","0044340","015","000570","N","NonStock","C30406","2023-04-06","","","","","","","","","","","","","","14","TAX","SALES TAX","","0","0","1","0","1","0","0","0","0","Open","true","false","false","NotApplicableNonStock","NotReferenced","NotReferenced","303130303035373030303434333430303135"
"01","0026609","001","000581","N","NonStock","B40121","2014-01-21","","","","","","","","","","","","","","01","DOCUMENTATION REVIEW","","","0","0","2","0","2","0","0","0","0","Open","true","false","false","NotApplicableNonStock","NotReferenced","NotReferenced","303130303035383130303236363039303031"
"01","0026609","002","000581","N","NonStock","B40121","2014-01-21","","","","","","","","","","","","","","01","IMPLEMENTATION AND","","TRAINING","0","0","4","0","4","0","0","0","0","Open","true","false","false","NotApplicableNonStock","NotReferenced","NotReferenced","303130303035383130303236363039303032"
"01","0026609","003","000581","N","NonStock","B40121","2014-01-21","","","","","","","","","","","","","","01","INTERNAL AUDIT","","TWO DAYS/TWO LEAD AUDITORS","0","0","4","0","4","0","0","0","0","Open","true","false","false","NotApplicableNonStock","NotReferenced","NotReferenced","303130303035383130303236363039303033"
"01","0026609","004","000581","M","NonStock","B40121","2014-01-21","","","","","","","","","","","","","","01","","","PURPOSE: TO ASSIST IN THE IMPLEMENTATION","0","0","0","0","0","0","0","0","0","FullyReceivedPendingClose","false","false","false","NotApplicableNonStock","NotReferenced","NotReferenced","303130303035383130303236363039303034"
"01","0026609","005","000581","M","NonStock","B40121","2014-01-21","","","","","","","","","","","","","","01","","","AND TRAINING OF ISO 9001:2008 AND","0","0","0","0","0","0","0","0","0","FullyReceivedPendingClose","false","false","false","NotApplicableNonStock","NotReferenced","NotReferenced","303130303035383130303236363039303035"
"01","0026609","006","000581","M","NonStock","B40121","2014-01-21","","","","","","","","","","","","","","01","","","AS9100C AND OBTAINING 3RD PARTY","0","0","0","0","0","0","0","0","0","FullyReceivedPendingClose","false","false","false","NotApplicableNonStock","NotReferenced","NotReferenced","303130303035383130303236363039303036"
"01","0026609","007","000581","M","NonStock","B40121","2014-01-21","","","","","","","","","","","","","","01","","","CERTIFICATION","0","0","0","0","0","0","0","0","0","FullyReceivedPendingClose","false","false","false","NotApplicableNonStock","NotReferenced","NotReferenced","303130303035383130303236363039303037"
"01","0026646","001","000583","S","Stock","B31111","2013-11-11","","","","","EA","Stock","","","","","","","","09","GS710","T&B BLU DYE FOR GSB550/GSC710","GS710:T&B BLU DYE FOR GSB550/GSC710","1","0","1","0","1","0","0","0","0","Open","true","false","false","Resolved","NotReferenced","NotReferenced","303130303035383330303236363436303031"
"01","0026646","002","000583","M","NonStock","B31111","2013-11-11","","","","","","","","","","","","","","09","","","******* PAID VIA AMEX *******","0","0","0","0","0","0","0","0","0","FullyReceivedPendingClose","false","false","false","NotApplicableNonStock","NotReferenced","NotReferenced","303130303035383330303236363436303032"
"01","0026646","003","000583","M","NonStock","B31111","2013-11-11","","","","","","","","","","","","","","09","","","ORDERED PER MICHELLE","0","0","0","0","0","0","0","0","0","FullyReceivedPendingClose","false","false","false","NotApplicableNonStock","NotReferenced","NotReferenced","303130303035383330303236363436303033"
"01","0040507","005","000584","S","Stock","B80425","2018-04-25","","","","","EA","Stock","","","","","","","","08","CGA3E2X7R1H104K","MLCC 0603 0.1UF 50V X7R 10%",":MLCC 0603 0.1UF 50V X7R 10%","1","0","1500","0","1500","0","0","0","0","Open","true","false","false","Resolved","NotReferenced","NotReferenced","303130303035383430303430353037303035"
"01","0040507","010","000584","M","NonStock","B80425","2018-04-25","","","","","","","","","","","","","","08","","","FOR: 3666-555-001","0","0","0","0","0","0","0","0","0","FullyReceivedPendingClose","false","false","false","NotApplicableNonStock","NotReferenced","NotReferenced","303130303035383430303430353037303130"
"01","0040507","015","000584","N","NonStock","B80425","2018-04-25","","","","","","","","","","","","","","08","SHIPING","","","0","0","1","0","1","0","0","0","0","Open","true","false","false","NotApplicableNonStock","NotReferenced","NotReferenced","303130303035383430303430353037303135"
"01","0044668","005","000584","S","Stock","C31205","2023-12-05","","","","","EA","Stock","","","0115328","001238","0011789","060","","08","840-AG11D-ESL-LF","CONN IC DIP SOCKET 40POS GOLD",":CONN IC DIP SOCKET 40POS GOLD","1","0","60","0","60","0","0","0","0","Open","true","false","false","Resolved","Resolved","MissingCurrentSalesOrder","303130303035383430303434363638303035"
"01","0046122","015","000584","S","Stock","C60731","2026-07-31","","","","","EA","Stock","","","0115614","001082","0012092","010","","87","RB085BM-60TL","DIODE ARRAY SCHOTTKY 60V TO252",":DIODE ARRAY SCHOTTKY 60V TO252","1","0","122","0","122","0","0","0","0","Open","true","false","false","Resolved","Resolved","Resolved","303130303035383430303436313232303135"
"01","0046122","020","000584","N","NonStock","C60724","2026-07-24","","","","","","","","","","","","","","87","SHIPING","","","0","0","1","0","1","0","0","0","0","Open","true","false","false","NotApplicableNonStock","NotReferenced","NotReferenced","303130303035383430303436313232303230"
"01","0039840","005","000588","S","Stock","B70628","2017-06-28","","","","","EA","Stock","","","","","","","","A2","2115-0168","CONN PLUG 16POS STRGHT W/SKT","D38999/26FG16SN:CONN PLUG 16POS STRGHT W","1","0","3","0","3","0","0","0","0","Open","true","false","false","Resolved","NotReferenced","NotReferenced","303130303035383830303339383430303035"
"01","0039840","010","000588","M","NonStock","B70628","2017-06-28","","","","","","","","","","","","","","A2","","","FOR ASSY:0606-0412","0","0","0","0","0","0","0","0","0","FullyReceivedPendingClose","false","false","false","NotApplicableNonStock","NotReferenced","NotReferenced","303130303035383830303339383430303130"
"01","0039840","015","000588","S","Stock","B70628","2017-06-28","","","","","EA","Stock","","","","","","","","A2","6032-0044","6 FT SELECT VGA CABLE M/M","50212:6 FT SELECT VGA CABLE M/M","1","0","3","0","3","0","0","0","0","Open","true","false","false","Resolved","NotReferenced","NotReferenced","303130303035383830303339383430303135"
"01","0039840","020","000588","M","NonStock","B70628","2017-06-28","","","","","","","","","","","","","","A2","","","FOR ASSY:0606-0412","0","0","0","0","0","0","0","0","0","FullyReceivedPendingClose","false","false","false","NotApplicableNonStock","NotReferenced","NotReferenced","303130303035383830303339383430303230"
"01","0039840","025","000588","S","Stock","B70628","2017-06-28","","","","","EA","Stock","","","","","","","","A2","3119-0040","TAPE-COPPER FOIL, 1 IN X 36YAR","1194:TAPE-COPPER FOIL, 1 IN X 36YAR","1","0","1","0","1","0","0","0","0","Open","true","false","false","Resolved","NotReferenced","NotReferenced","303130303035383830303339383430303235"
"01","0039840","030","000588","M","NonStock","B70628","2017-06-28","","","","","","","","","","","","","","A2","","","FOR ASSY:0606-0412","0","0","0","0","0","0","0","0","0","FullyReceivedPendingClose","false","false","false","NotApplicableNonStock","NotReferenced","NotReferenced","303130303035383830303339383430303330"
"01","0039840","035","000588","S","Stock","B70628","2017-06-28","","","","","EA","Stock","","","","","","","","A2","2127-0110","CONTACT SKT COAXIAL CRIMP SZ16","M39029/77-428:CONTACT SKT COAXIAL CRIMP","1","0","36","0","36","0","0","0","0","Open","true","false","false","Resolved","NotReferenced","NotReferenced","303130303035383830303339383430303335"
"01","0039840","040","000588","M","NonStock","B70628","2017-06-28","","","","","","","","","","","","","","A2","","","FOR ASSY:0606-0412","0","0","0","0","0","0","0","0","0","FullyReceivedPendingClose","false","false","false","NotApplicableNonStock","NotReferenced","NotReferenced","303130303035383830303339383430303430"
"01","0039840","045","000588","S","Stock","B70628","2017-06-28","","","","","EA","Stock","","","","","","","","A2","2151-0033","CONN CABLE CLAMP SZ21 M31 SILV","M85049/38-21N:CONN CABLE CLAMP SZ21 M31","1","0","3","0","3","0","0","0","0","Open","true","false","false","Resolved","NotReferenced","NotReferenced","303130303035383830303339383430303435"
"01","0039840","050","000588","M","NonStock","B70628","2017-06-28","","","","","","","","","","","","","","A2","","","FOR ASSY:0606-0412","0","0","0","0","0","0","0","0","0","FullyReceivedPendingClose","false","false","false","NotApplicableNonStock","NotReferenced","NotReferenced","303130303035383830303339383430303530"
"01","0027076","002","000590","S","Stock","B40604","2014-06-04","","","","","EA","Stock","","","","","","","","A2","6016-0021","CBL 24/19X34 BLK/RD/BLK/WHT TW","2284/19NSZW:CBL 24/19X34 BLK/RD/BLK/WHT","1","0","950","900","50","0","0","0","0","Open","true","false","false","Resolved","NotReferenced","NotReferenced","303130303035393030303237303736303032"
"01","0040887","005","000603","S","Stock","B81130","2018-11-30","","","","","EA","Stock","","","","","","","","38","D55342K07B10G0R","RES,SMD,10 OHM,2% .25W,1206",":RES,SMD,10 OHM,2% .25W,1206","1","0","200","0","200","0","0","0","0","Open","true","false","false","Resolved","NotReferenced","NotReferenced","303130303036303330303430383837303035"
"01","0040887","010","000603","M","NonStock","B81130","2018-11-30","","","","","","","","","","","","","","38","","","FOR H23982-1","0","0","0","0","0","0","0","0","0","FullyReceivedPendingClose","false","false","false","NotApplicableNonStock","NotReferenced","NotReferenced","303130303036303330303430383837303130"
"01","0028152","005","000608","N","NonStock","B50717","2015-07-17","","","","","","","","","","","","","","01","5AFW5BK","","","0","0","1","0","1","0","0","0","0","Open","true","false","false","NotApplicableNonStock","NotReferenced","NotReferenced","303130303036303830303238313532303035"
"01","0041140","005","000608","S","Stock","B90117","2019-01-17","","","","","EA","Stock","","","","","","","","A6","903-RALPH","TH,XFMR, BIAS",":TH,XFMR, BIAS","1","0","6","0","6","0","0","0","0","Open","true","false","false","Resolved","NotReferenced","NotReferenced","303130303036303830303431313430303035"
"01","0041140","010","000608","M","NonStock","B90117","2019-01-17","","","","","","","","","","","","","","A6","","","FOR: PWM","0","0","0","0","0","0","0","0","0","FullyReceivedPendingClose","false","false","false","NotApplicableNonStock","NotReferenced","NotReferenced","303130303036303830303431313430303130"
"01","0041140","015","000608","S","Stock","B90117","2019-01-17","","","","","EA","Stock","","","","","","","","A6","USM97104","INDUCTOR, DUAL, 400uH/2A",":INDUCTOR, DUAL, 400uH/2A","1","0","5","0","5","0","0","0","0","Open","true","false","false","Resolved","NotReferenced","NotReferenced","303130303036303830303431313430303135"
"01","0041140","020","000608","M","NonStock","B90117","2019-01-17","","","","","","","","","","","","","","A6","","","FOR: POWER","0","0","0","0","0","0","0","0","0","FullyReceivedPendingClose","false","false","false","NotApplicableNonStock","NotReferenced","NotReferenced","303130303036303830303431313430303230"
"01","0041717","075","000608","S","Stock","C00601","2020-06-01","","","","","EA","Stock","","","","","","","","02","97103","CM INDUCTOR",":CM INDUCTOR","1","0","20","11","9","0","0","0","0","Open","true","false","false","Resolved","NotReferenced","NotReferenced","303130303036303830303431373137303735"
"01","0041717","080","000608","S","Stock","C00601","2020-06-01","","","","","EA","Stock","","","","","","","","02","97102","DM INDUCTOR",":DM INDUCTOR","1","0","80","44","36","0","0","0","0","Open","true","false","false","Resolved","NotReferenced","NotReferenced","303130303036303830303431373137303830"
"01","0041717","085","000608","S","Stock","C00701","2020-07-01","","","","","EA","Stock","","","","","","","","02","97103","CM INDUCTOR",":CM INDUCTOR","1","0","10","0","10","0","0","0","0","Open","true","false","false","Resolved","NotReferenced","NotReferenced","303130303036303830303431373137303835"
"01","0041717","090","000608","S","Stock","C00701","2020-07-01","","","","","EA","Stock","","","","","","","","02","97102","DM INDUCTOR",":DM INDUCTOR","1","0","40","0","40","0","0","0","0","Open","true","false","false","Resolved","NotReferenced","NotReferenced","303130303036303830303431373137303930"
"01","0041717","095","000608","S","Stock","B91115","2019-11-15","","","","","EA","Stock","","","","","","","","02","97103","CM INDUCTOR",":CM INDUCTOR","1","0","10","0","10","0","0","0","0","Open","true","false","false","Resolved","NotReferenced","NotReferenced","303130303036303830303431373137303935"
"01","0041717","100","000608","S","Stock","B91115","2019-11-15","","","","","EA","Stock","","","","","","","","02","97102","DM INDUCTOR",":DM INDUCTOR","1","0","40","0","40","0","0","0","0","Open","true","false","false","Resolved","NotReferenced","NotReferenced","303130303036303830303431373137313030"
"01","0041765","005","000608","S","Stock","B91108","2019-11-08","","","","","EA","Stock","","","","","","","","31","14D55-1","CORE, WOUND",":CORE, WOUND","1","0","50","42","8","0","0","0","0","Open","true","false","false","Resolved","NotReferenced","NotReferenced","303130303036303830303431373635303035"
"01","0041765","010","000608","M","NonStock","B91108","2019-11-08","","","","","","","","","","","","","","31","","","FOR 15D13-1","0","0","0","0","0","0","0","0","0","FullyReceivedPendingClose","false","false","false","NotApplicableNonStock","NotReferenced","NotReferenced","303130303036303830303431373635303130"
"01","0040156","005","000610","N","NonStock","B71122","2017-11-22","","","","","EA","","","","","","","","","01","X-RAY CHARGE","","X-RAY EMI FILTER","0","0","1","0","1","0","0","0","0","Open","true","false","false","NotApplicableNonStock","NotReferenced","NotReferenced","303130303036313030303430313536303035"
"01","0028049","005","000612","S","Stock","B50713","2015-07-13","","","","","EA","Stock","","","0110994","001249","0009189","010","","A3","FGDS-2A-50V","1-OUTPUT 50W DC-DC REG PWRSPLY",":1-OUTPUT 50W DC-DC REG PWRSPLY","1","0","25","0","25","0","0","0","0","Open","true","false","false","Resolved","Resolved","MissingCurrentSalesOrder","303130303036313230303238303439303035"
"01","0028049","010","000612","S","Stock","B50713","2015-07-13","","","","","EA","Stock","","","0110994","001249","0009189","010","","A3","PGDS-50-O-K","BRN-OUT/TRNSIENT6-100V REG MDL",":BRN-OUT/TRNSIENT6-100V REG MDL","1","0","25","0","25","0","0","0","0","Open","true","false","false","Resolved","Resolved","MissingCurrentSalesOrder","303130303036313230303238303439303130"
"01","0042480","005","000621","S","Stock","C00910","2020-09-10","","","","","EA","Stock","","","","","","","","01","KP00250","1/4"" .250D KAPTON DOT 2K REEL","SH-34456:1/4"" .250D KAPTON DO","1","0","1","0","1","0","0","0","0","Open","true","false","false","Resolved","NotReferenced","NotReferenced","303130303036323130303432343830303035"
"01","0045966","005","000621","N","NonStock","C60317","2026-03-17","","","","","PK","","","","","","","","","01","SH-51213Q","","SC218 ULTRABAKE SILICONE CAPS","0","0","1","0","1","0","0","0","0","Open","true","false","false","NotApplicableNonStock","NotReferenced","NotReferenced","303130303036323130303435393636303035"
"01","0045966","010","000621","M","NonStock","C60317","2026-03-17","","","","","","","","","","","","","","01","","","QTY PER MINIPACK: 100","0","0","0","0","0","0","0","0","0","FullyReceivedPendingClose","false","false","false","NotApplicableNonStock","NotReferenced","NotReferenced","303130303036323130303435393636303130"
"01","0045966","015","000621","N","NonStock","C60317","2026-03-17","","","","","PK","","","","","","","","","01","SH-62379","","RC218 EPDM RUBBER MASKING CAPS","0","0","1","0","1","0","0","0","0","Open","true","false","false","NotApplicableNonStock","NotReferenced","NotReferenced","303130303036323130303435393636303135"
"01","0045966","020","000621","M","NonStock","C60317","2026-03-17","","","","","","","","","","","","","","01","","","QTY PER MINI PACK: 500","0","0","0","0","0","0","0","0","0","FullyReceivedPendingClose","false","false","false","NotApplicableNonStock","NotReferenced","NotReferenced","303130303036323130303435393636303230"
"01","0040977","010","000622","S","Stock","B90501","2019-05-01","","","","","EA","Stock","","","","","","","","01","BUBBLEWRAP","ANTISTAT 24X750 12PRF 2PK PINK","PBS48A/S:ANTISTAT 24X750 12PE","1","0","1","0","1","0","0","0","0","Open","true","false","false","Resolved","NotReferenced","NotReferenced","303130303036323230303430393737303130"
"01","0038513","005","000626","S","Stock","B51221","2015-12-21","","","","","EA","Stock","","","0111394","001082","0009384","010","","87","M5-153","THREAD LOCKING COMPOUND","VC3-250ML:THREAD LOCKING COMPOUND","1","0","1","0","1","0","0","0","0","Open","true","false","false","Resolved","Resolved","MissingCurrentSalesOrder","303130303036323630303338353133303035"
"01","0038522","005","000627","S","Stock","B60108","2016-01-08","","","","","EA","Stock","","","","","","","","27","U2080AK","POTTING COMPOUND 2.9LB QUARTKT","2.91 QUART KIT:POTTING COMPOUND 2.9LB QU","1","0","3","0","3","0","0","0","0","Open","true","false","false","Resolved","NotReferenced","NotReferenced","303130303036323730303338353232303035"
"01","0038522","010","000627","M","NonStock","B60108","2016-01-08","","","","","","","","","","","","","","27","","","FOR RPM CABLES","0","0","0","0","0","0","0","0","0","FullyReceivedPendingClose","false","false","false","NotApplicableNonStock","NotReferenced","NotReferenced","303130303036323730303338353232303130"
"01","0040354","005","000629","S","Stock","B80218","2018-02-18","","","","","EA","06C-55","","","","","","","","72","P-2315TX","BLACK BOX 2.00 X 3.00 X 1.50""",":BLACK BOX 2.00 X 3.00 X 1.50""","1","0","25","0","25","0","0","0","0","Open","true","false","false","Resolved","NotReferenced","NotReferenced","303130303036323930303430333534303035"
"01","0040354","010","000629","M","NonStock","B80218","2018-02-18","","","","","","","","","","","","","","72","","","STOCK","0","0","0","0","0","0","0","0","0","FullyReceivedPendingClose","false","false","false","NotApplicableNonStock","NotReferenced","NotReferenced","303130303036323930303430333534303130"
"01","0040354","015","000629","M","NonStock","B80218","2018-02-18","","","","","","","","","","","","","","72","","","PAID- CREDIT CARD","0","0","0","0","0","0","0","0","0","FullyReceivedPendingClose","false","false","false","NotApplicableNonStock","NotReferenced","NotReferenced","303130303036323930303430333534303135"
"01","0038796","005","000632","S","Stock","B60523","2016-05-23","","","","","EA","Stock","","","","","","","","30","CB03-7152","PCB 03-7152",":PCB BARE BOARD","1","0","10","0","10","0","0","0","0","Open","true","false","false","Resolved","NotReferenced","NotReferenced","303130303036333230303338373936303035"
"01","0038796","010","000632","M","NonStock","B60523","2016-05-23","","","","","","","","","","","","","","30","","","W/O:111749","0","0","0","0","0","0","0","0","0","FullyReceivedPendingClose","false","false","false","NotApplicableNonStock","NotReferenced","NotReferenced","303130303036333230303338373936303130"
"01","0038796","015","000632","S","Stock","B60523","2016-05-23","","","","","EA","Stock","","","","","","","","30","CB03-7152","PCB 03-7152",":PCB BARE BOARD","1","0","10","0","10","0","0","0","0","Open","true","false","false","Resolved","NotReferenced","NotReferenced","303130303036333230303338373936303135"
"01","0038796","020","000632","M","NonStock","B60523","2016-05-23","","","","","","","","","","","","","","30","","","W/O: 111751","0","0","0","0","0","0","0","0","0","FullyReceivedPendingClose","false","false","false","NotApplicableNonStock","NotReferenced","NotReferenced","303130303036333230303338373936303230"
"01","0038796","025","000632","S","Stock","B60523","2016-05-23","","","","","EA","Stock","","","","","","","","30","CB03-7152","PCB 03-7152",":PCB BARE BOARD","1","0","10","0","10","0","0","0","0","Open","true","false","false","Resolved","NotReferenced","NotReferenced","303130303036333230303338373936303235"
"01","0038796","030","000632","M","NonStock","B60523","2016-05-23","","","","","","","","","","","","","","30","","","W/O: 111750","0","0","0","0","0","0","0","0","0","FullyReceivedPendingClose","false","false","false","NotApplicableNonStock","NotReferenced","NotReferenced","303130303036333230303338373936303330"
"01","0041005","010","000636","S","Stock","B81119","2018-11-19","","","","","EA","Stock","","","","","","","","83","ST00017","PERMOPAD RECT TO202/220 0.150""",":PERMOPAD RECT TO202/220 0.150""","1","0","100","0","100","0","0","0","0","Open","true","false","false","Resolved","NotReferenced","NotReferenced","303130303036333630303431303035303130"
"01","0041005","015","000636","M","NonStock","B81119","2018-11-19","","","","","","","","","","","","","","83","","","FOR: PA4468","0","0","0","0","0","0","0","0","0","FullyReceivedPendingClose","false","false","false","NotApplicableNonStock","NotReferenced","NotReferenced","303130303036333630303431303035303135"
"01","0040313","005","000637","S","Stock","B80205","2018-02-05","","","","","EA","Stock","","","","","","","","01","WS488-SN100C","AIM SOLDER PASTE 5GRAM JAR","22417:AIM SOLDER PASTE 5GR","1","0","1","0","1","0","0","0","0","Open","true","false","false","Resolved","NotReferenced","NotReferenced","303130303036333730303430333133303035"
"01","0040313","010","000637","M","NonStock","B80205","2018-02-05","","","","","","","","","","","","","","01","","","STOCK","0","0","0","0","0","0","0","0","0","FullyReceivedPendingClose","false","false","false","NotApplicableNonStock","NotReferenced","NotReferenced","303130303036333730303430333133303130"
"01","0039675","005","000642","S","Stock","B70421","2017-04-21","","","","","EA","Stock","","","","","","","","01","POLYCAST 159A","POLYCAST PART A 1 GALLON",":POLYCAST PART A 1 GALLON","1","0","2","0","2","0","0","0","0","Open","true","false","false","Resolved","NotReferenced","NotReferenced","303130303036343230303339363735303035"
"01","0039675","010","000642","M","NonStock","B70421","2017-04-21","","","","","","","","","","","","","","01","","","STOCK","0","0","0","0","0","0","0","0","0","FullyReceivedPendingClose","false","false","false","NotApplicableNonStock","NotReferenced","NotReferenced","303130303036343230303339363735303130"
"01","0039675","015","000642","S","Stock","B70421","2017-04-21","","","","","EA","Stock","","","","","","","","01","POLYCAST 159B","POLYCAST 159B GALLON PART B",":POLYCAST 159B GALLON PART B","1","0","2","0","2","0","0","0","0","Open","true","false","false","Resolved","NotReferenced","NotReferenced","303130303036343230303339363735303135"
"01","0039675","020","000642","M","NonStock","B70421","2017-04-21","","","","","","","","","","","","","","01","","","STOCK","0","0","0","0","0","0","0","0","0","FullyReceivedPendingClose","false","false","false","NotApplicableNonStock","NotReferenced","NotReferenced","303130303036343230303339363735303230"
"01","0039794","010","000647","S","Stock","B70712","2017-07-12","","","","","EA","Stock","","","","","","","","31","718724-1","SHIELD, 1100-0 NICKEL PLATE",":SHIELD, 1100-0 NICKEL PLATE","1","0","25","23","2","0","0","0","0","Open","true","false","false","Resolved","NotReferenced","NotReferenced","303130303036343730303339373934303130"
"01","0039794","015","000647","M","NonStock","B70712","2017-07-12","","","","","","","","","","","","","","31","","","STOCK","0","0","0","0","0","0","0","0","0","FullyReceivedPendingClose","false","false","false","NotApplicableNonStock","NotReferenced","NotReferenced","303130303036343730303339373934303135"
"01","0039794","020","000647","S","Stock","B70712","2017-07-12","","","","","EA","Stock","","","","","","","","01","NRE","CHARGE",":CHARGE","1","0","1","0","1","0","0","0","0","Open","true","false","false","Resolved","NotReferenced","NotReferenced","303130303036343730303339373934303230"
"01","0041723","015","000650","S","Stock","C00210","2020-02-10","","","","","EA","Stock","","","0113651","565650","0010679","010","","38","H27046-1","INDUCTOR","RL-8123:INDUCTOR","1","0","13","12","1","0","0","0","12","Open","true","false","false","Resolved","Resolved","MissingCurrentSalesOrder","303130303036353030303431373233303135"
"01","0043744","005","000652","S","Stock","C20603","2022-06-03","","","","","EA","Stock","","","","","","","","02","600717-1","PIN CONTACT, MODIFIED",":PIN CONTACT, MODIFIED","1","0","202","0","202","0","0","0","0","Open","true","false","false","Resolved","NotReferenced","NotReferenced","303130303036353230303433373434303035"
"01","0043744","010","000652","N","NonStock","C20603","2022-06-03","","","","","","","","","","","","","","02","TOOLING","TOOLING CHARGE","CHARGE","0","0","1","0","1","0","0","0","0","Open","true","false","false","NotApplicableNonStock","NotReferenced","NotReferenced","303130303036353230303433373434303130"
"01","0043744","015","000652","N","NonStock","C20603","2022-06-03","","","","","","","","","","","","","","02","FAIR","FAIR CHARGE","(AS9102)","0","0","1","0","1","0","0","0","0","Open","true","false","false","NotApplicableNonStock","NotReferenced","NotReferenced","303130303036353230303433373434303135"
"01","0043744","020","000652","M","NonStock","C20603","2022-06-03","","","","","","","","","","","","","","02","","","FOR: 500146-101","0","0","0","0","0","0","0","0","0","FullyReceivedPendingClose","false","false","false","NotApplicableNonStock","NotReferenced","NotReferenced","303130303036353230303433373434303230"
"01","0039989","035","000655","S","Stock","B71205","2017-12-05","","","","","EA","Stock","","","","","","","","38","H24074","RETAINER, INDUCTOR",":RETAINER, INDUCTOR","1","0","9","8","1","0","0","0","8","Open","true","false","false","Resolved","NotReferenced","NotReferenced","303130303036353530303339393839303335"
"01","0039989","040","000655","M","NonStock","B71205","2017-12-05","","","","","","","","","","","","","","38","","","FOR:H23982-1","0","0","0","0","0","0","0","0","0","FullyReceivedPendingClose","false","false","false","NotApplicableNonStock","NotReferenced","NotReferenced","303130303036353530303339393839303430"
"01","0043768","005","000662","N","NonStock","C20531","2022-05-31","","","","","EA","","","","","","","","","14","MOLDED CONNECTOR","","MOLD PER DRAWING H661-BS693","0","0","106","0","106","0","0","0","0","Open","true","false","false","NotApplicableNonStock","NotReferenced","NotReferenced","303130303036363230303433373638303035"
"01","0043768","010","000662","M","NonStock","C20531","2022-05-31","","","","","","","","","","","","","","14","","","FOR WO 114911","0","0","0","0","0","0","0","0","0","FullyReceivedPendingClose","false","false","false","NotApplicableNonStock","NotReferenced","NotReferenced","303130303036363230303433373638303130"
"01","0044584","005","000662","S","Stock","C31231","2023-12-31","","","","","EA","Stock","","","","","","","","14","MOLDED, CONNECTOR","MOLD PER DRAWING H661-BS693",":MOLD PER DRAWING H661-BS693","1","0","105","90","15","0","0","0","0","Open","true","false","false","Resolved","NotReferenced","NotReferenced","303130303036363230303434353834303035"
"01","0044584","010","000662","M","NonStock","C31231","2023-12-31","","","","","","","","","","","","","","14","","","FOR: H661-BS693","0","0","0","0","0","0","0","0","0","FullyReceivedPendingClose","false","false","false","NotApplicableNonStock","NotReferenced","NotReferenced","303130303036363230303434353834303130"
"01","0041353","001","000667","N","NonStock","B90501","2019-05-01","","","","","","","","","","","","","","01","AS060-46:0","CABLE","","0","0","56","0","56","0","0","0","0","Open","true","false","false","NotApplicableNonStock","NotReferenced","NotReferenced","303130303036363730303431333533303031"
"01","0041353","002","000667","M","NonStock","B90501","2019-05-01","","","","","","","","","","","","","","01","","","CABLE M27500-16RC4S09 CUT 46"" LONG","0","0","0","0","0","0","0","0","0","FullyReceivedPendingClose","false","false","false","NotApplicableNonStock","NotReferenced","NotReferenced","303130303036363730303431333533303032"
"01","0041353","003","000667","M","NonStock","B90501","2019-05-01","","","","","","","","","","","","","","01","","","FOR: H661-BS693","0","0","0","0","0","0","0","0","0","FullyReceivedPendingClose","false","false","false","NotApplicableNonStock","NotReferenced","NotReferenced","303130303036363730303431333533303033"
"01","0043632","005","000668","S","Stock","C20415","2022-04-15","","","","","EA","Stock","","","0114911","001061","0011431","010","","14","H661-AS660","TERMINAL (INCLUDES 6"""" COUPONS",":TERMINAL (INCLUDES 6"""" COUPONS","1","0","1","0","1","0","0","0","0","Open","true","false","false","Resolved","Resolved","MissingCurrentSalesOrder","303130303036363830303433363332303035"
"01","0043632","010","000668","S","Stock","C20415","2022-04-15","","","","","EA","Stock","","","0114911","001061","0011431","010","","14","TENSIL TEST","6 ' COUPONS, TENSILE TEST TWO",":6 ' COUPONS, TENSILE TEST TWO","1","0","2","0","2","0","0","0","0","Open","true","false","false","Resolved","Resolved","MissingCurrentSalesOrder","303130303036363830303433363332303130"
"01","0043632","015","000668","N","NonStock","C20415","2022-04-15","","","","","","","","","","","","","","14","TRST","","ROCKWELL TEST 50 PCS FOR TENSILE TESTING","0","0","50","0","50","0","0","0","0","Open","true","false","false","NotApplicableNonStock","NotReferenced","NotReferenced","303130303036363830303433363332303135"
"01","0043632","020","000668","N","NonStock","C20415","2022-04-15","","","","","","","","","","","","","","14","CERTIFICATION","","","0","0","1","0","1","0","0","0","0","Open","true","false","false","NotApplicableNonStock","NotReferenced","NotReferenced","303130303036363830303433363332303230"
"01","0043632","025","000668","N","NonStock","C20415","2022-04-15","","","","","","","","","","","","","","14","SURCHARGE","PROCESSING / REEL CHARGE","","0","0","1","0","1","0","0","0","0","Open","true","false","false","NotApplicableNonStock","NotReferenced","NotReferenced","303130303036363830303433363332303235"
"01","0044751","005","000669","S","Stock","C40228","2024-02-28","","","","","EA","Stock","","","","","","","","14","H661-AS660","TERMINAL (INCLUDES 6"""" COUPONS",":TERMINAL (INCLUDES 6"""" COUPONS","1","0","325","0","325","0","0","0","0","Open","true","false","false","Resolved","NotReferenced","NotReferenced","303130303036363930303434373531303035"
"01","0044751","010","000669","M","NonStock","C40228","2024-02-28","","","","","","","","","","","","","","14","","","FOR: H661-BS693","0","0","0","0","0","0","0","0","0","FullyReceivedPendingClose","false","false","false","NotApplicableNonStock","NotReferenced","NotReferenced","303130303036363930303434373531303130"
"01","0041272","001","000672","N","NonStock","B90509","2019-05-09","","","","","","","","","","","","","","02","46010","CASE ASSEMBLY","","0","0","50","25","25","0","0","0","0","Open","true","false","false","NotApplicableNonStock","NotReferenced","NotReferenced","303130303036373230303431323732303031"
"01","0041272","002","000672","M","NonStock","B90509","2019-05-09","","","","","","","","","","","","","","02","","","REV 6, CASE ASSEMBLY-CRS","0","0","0","0","0","0","0","0","0","FullyReceivedPendingClose","false","false","false","NotApplicableNonStock","NotReferenced","NotReferenced","303130303036373230303431323732303032"
"01","0041697","001","000672","S","Stock","B91122","2019-11-22","","","","","EA","Stock","","","","","","","","02","46010 REV 6","CASE ASSEMBLY",":CASE ASSEMBLY","1","0","10","0","10","0","0","0","0","Open","true","false","false","Resolved","NotReferenced","NotReferenced","303130303036373230303431363937303031"
"01","0041697","002","000672","M","NonStock","B91122","2019-11-22","","","","","","","","","","","","","","02","","","FOR 600936-101","0","0","0","0","0","0","0","0","0","FullyReceivedPendingClose","false","false","false","NotApplicableNonStock","NotReferenced","NotReferenced","303130303036373230303431363937303032"
"01","0041697","003","000672","S","Stock","B91122","2019-11-22","","","","","EA","Stock","","","","","","","","02","46010 REV 6","CASE ASSEMBLY",":CASE ASSEMBLY","1","0","5","0","5","0","0","0","0","Open","true","false","false","Resolved","NotReferenced","NotReferenced","303130303036373230303431363937303033"
"01","0041697","004","000672","M","NonStock","B91122","2019-11-22","","","","","","","","","","","","","","02","","","STK","0","0","0","0","0","0","0","0","0","FullyReceivedPendingClose","false","false","false","NotApplicableNonStock","NotReferenced","NotReferenced","303130303036373230303431363937303034"
"01","0041650","001","000677","S","Stock","B90909","2019-09-09","","","","","EA","Stock","","","","","","","","02","15522SS","T&B DIE #6AWG BLU 24",":T&B DIE #6AWG BLU 24","1","0","1","0","1","0","0","0","0","Open","true","false","false","Resolved","NotReferenced","NotReferenced","303130303036373730303431363530303031"
"01","0041650","002","000677","N","NonStock","B90909","2019-09-09","","","","","","","","","","","","","","02","SALES TAX","9%","","0","0","1","0","1","0","0","0","0","Open","true","false","false","NotApplicableNonStock","NotReferenced","NotReferenced","303130303036373730303431363530303032"
"01","0041650","003","000677","M","NonStock","B90909","2019-09-09","","","","","","","","","","","","","","02","","","FOR TF77000-003-4-201 & 203","0","0","0","0","0","0","0","0","0","FullyReceivedPendingClose","false","false","false","NotApplicableNonStock","NotReferenced","NotReferenced","303130303036373730303431363530303033"
"01","0042165","005","000684","S","Stock","C00417","2020-04-17","","","","","EA","Stock","","","","","","","","12","77-3935-1","CARD LOCK SLIDER FOR 77-3935","AL 7500:CARD LOCK SLIDER FOR","1","0","500","400","100","0","0","0","0","Open","true","false","false","Resolved","NotReferenced","NotReferenced","303130303036383430303432313635303035"
"01","0042165","010","000684","M","NonStock","C00417","2020-04-17","","","","","","","","","","","","","","12","","","STK","0","0","0","0","0","0","0","0","0","FullyReceivedPendingClose","false","false","false","NotApplicableNonStock","NotReferenced","NotReferenced","303130303036383430303432313635303130"
"01","0043711","005","000690","S","Stock","C20506","2022-05-06","","","","","EA","Stock","","","0115001","001270","0011493","010","","B0","PNLOHO60821-1","GUIDANCE SECTION CONTROL PANEL",":GUIDANCE SECTION CONTROL PANEL","1","0","2","0","2","0","0","0","0","Open","true","false","false","Resolved","Resolved","MissingCurrentSalesOrder","303130303036393030303433373131303035"
"01","0043711","010","000690","S","Stock","C20506","2022-05-06","","","","","EA","Stock","","","","","","","","B0","PNLOHO60821-1","GUIDANCE SECTION CONTROL PANEL",":GUIDANCE SECTION CONTROL PANEL","1","0","1","0","1","0","0","0","0","Open","true","false","false","Resolved","NotReferenced","NotReferenced","303130303036393030303433373131303130"
"01","0043689","005","000692","S","Stock","C20427","2022-04-27","","","","","FT","Stock","","","0115001","001270","0011493","010","","B0","M27500-22RC2S09","CABLE ELEC  22 AWG  2 WIRE",":CABLE ELEC  22 AWG  2 WIRE","1","0","100","0","100","0","0","0","0","Open","true","false","false","Resolved","Resolved","MissingCurrentSalesOrder","303130303036393230303433363839303035"
"01","0043689","010","000692","S","Stock","C20427","2022-04-27","","","","","FT","Stock","","","0115001","001270","0011493","010","","B0","M22759/11-24-8","WIRE 24 AWG GRY",":WIRE 24 AWG GRY","1","0","100","0","100","0","0","0","0","Open","true","false","false","Resolved","Resolved","MissingCurrentSalesOrder","303130303036393230303433363839303130"
"01","0043689","015","000692","S","Stock","C20427","2022-04-27","","","","","FT","Stock","","","0115001","001270","0011493","010","","B0","M22759/11-24-0","WIRE ELE 24 AWG BLK  STRD",":WIRE ELE 24 AWG BLK  STRD","1","0","100","0","100","0","0","0","0","Open","true","false","false","Resolved","Resolved","MissingCurrentSalesOrder","303130303036393230303433363839303135"
"01","0044011","005","000692","S","Stock","C30228","2023-02-28","","","","","FT","Stock","","","","","","","","62","M22759/7-22-3","WIRE (ORANGE 22 GA)",":WIRE (ORANGE 22 GA)","1","0","5000","4810","190","0","0","0","0","Open","true","false","false","Resolved","NotReferenced","NotReferenced","303130303036393230303434303131303035"
"01","0044011","010","000692","M","NonStock","C30228","2023-02-28","","","","","","","","","","","","","","62","","","FOR: 159617","0","0","0","0","0","0","0","0","0","FullyReceivedPendingClose","false","false","false","NotApplicableNonStock","NotReferenced","NotReferenced","303130303036393230303434303131303130"
"01","0044166","005","000692","S","Stock","C30131","2023-01-31","","","","","FT","Stock","","","0115200","001270","0011649","110","","B0","M23053/1-108-0","INSUL SLEEVE, HT SHRK,FLEXABLE",":INSUL SLEEVE, HT SHRK,FLEXABLE","1","0","30","0","30","0","0","0","0","Open","true","false","false","Resolved","Resolved","MissingCurrentSalesOrder","303130303036393230303434313636303035"
"01","0044166","010","000692","S","Stock","C30131","2023-01-31","","","","","FT","Stock","","","0115198","001270","0011649","010","","B0","M23053/1-108-0","INSUL SLEEVE, HT SHRK,FLEXABLE",":INSUL SLEEVE, HT SHRK,FLEXABLE","1","0","8","0","8","0","0","0","0","Open","true","false","false","Resolved","Resolved","MissingCurrentSalesOrder","303130303036393230303434313636303130"
"01","0044166","015","000692","S","Stock","C30131","2023-01-31","","","","","FT","Stock","","","0115199","001270","0011649","050","","B0","M23053/1-108-0","INSUL SLEEVE, HT SHRK,FLEXABLE",":INSUL SLEEVE, HT SHRK,FLEXABLE","1","0","8","0","8","0","0","0","0","Open","true","false","false","Resolved","Resolved","MissingCurrentSalesOrder","303130303036393230303434313636303135"
"01","0044166","020","000692","S","Stock","C30131","2023-01-31","","","","","FT","Stock","","","0115201","001270","0011649","150","","B0","M23053/1-108-0","INSUL SLEEVE, HT SHRK,FLEXABLE",":INSUL SLEEVE, HT SHRK,FLEXABLE","1","0","120","0","120","0","0","0","0","Open","true","false","false","Resolved","Resolved","MissingCurrentSalesOrder","303130303036393230303434313636303230"
"01","0044166","025","000692","S","Stock","C30131","2023-01-31","","","","","FT","Stock","","","","","","","","B0","M23053/1-108-0","INSUL SLEEVE, HT SHRK,FLEXABLE",":INSUL SLEEVE, HT SHRK,FLEXABLE","1","0","34","0","34","0","0","0","0","Open","true","false","false","Resolved","NotReferenced","NotReferenced","303130303036393230303434313636303235"
"01","0043050","005","000704","S","Stock","C10714","2021-07-14","","","","","EA","Stock","","","0114562","001165","0011235","010","","31","989-015","SWITCH, HONEYWELL","11SX21-T:SWITCH, HONEYWELL","1","0","10","0","10","0","0","0","0","Open","true","false","false","Resolved","Resolved","MissingCurrentSalesOrder","303130303037303430303433303530303035"
"01","0044136","005","000718","S","Stock","C30111","2023-01-11","","","","","EA","Stock","","","0115210","001270","0011651","170","","B0","411C-430832A-ROHS","LATCHING TRANSFER SWITCH",":LATCHING TRANSFER SWITCH","1","0","5","0","5","0","0","0","0","Open","true","false","false","Resolved","Resolved","MissingCurrentSalesOrder","303130303037313830303434313336303035"
"01","0044136","010","000718","N","NonStock","C30111","2023-01-11","","","","","EA","","","","","","","","","B0","EXPEDITE","EXPEDITING CHARGES","FEE","0","0","1","0","1","0","0","0","0","Open","true","false","false","NotApplicableNonStock","NotReferenced","NotReferenced","303130303037313830303434313336303130"
"01","0044404","005","000724","N","NonStock","C30623","2023-06-23","","","","","","","","","","","","","","31","15K35 MOLD","","TOOLING LOT OF 5","0","0","1","0","1","0","0","0","0","Open","true","false","false","NotApplicableNonStock","NotReferenced","NotReferenced","303130303037323430303434343034303035"
"01","0044404","010","000724","M","NonStock","C30623","2023-06-23","","","","","","","","","","","","","","31","","","FOR W/O: 115261","0","0","0","0","0","0","0","0","0","FullyReceivedPendingClose","false","false","false","NotApplicableNonStock","NotReferenced","NotReferenced","303130303037323430303434343034303130"
"01","0044404","015","000724","N","NonStock","C30623","2023-06-23","","","","","","","","","","","","","","31","ENGINEERING","","CHARGE","0","0","1","0","1","0","0","0","0","Open","true","false","false","NotApplicableNonStock","NotReferenced","NotReferenced","303130303037323430303434343034303135"
"01","0045144","005","000726","S","Stock","C40930","2024-09-30","","","","","EA","Stock","","","","","","","","38","50-54261","IC, LM140LAH12",":IC, LM140LAH12","1","0","28","0","28","0","0","0","0","Open","true","false","false","Resolved","NotReferenced","NotReferenced","303130303037323630303435313434303035"
"01","0045144","010","000726","M","NonStock","C40930","2024-09-30","","","","","","","","","","","","","","38","","","FOR: 902935-01","0","0","0","0","0","0","0","0","0","FullyReceivedPendingClose","false","false","false","NotApplicableNonStock","NotReferenced","NotReferenced","303130303037323630303435313434303130"
"01","0046114","005","000726","S","Stock","C60727","2026-07-27","","","","","EA","Stock","","","0115613","578350","0012091","010","","02","Z84C2006PEG","ZILOG 6MHZ Z80 CMOS PIO 40-DIP",":ZILOG 6MHZ Z80 CMOS PIO 40-DIP","1","0","180","0","180","0","0","0","0","Open","true","false","false","Resolved","Resolved","Resolved","303130303037323630303436313134303035"
"01","0046114","010","000726","S","Stock","C61214","2026-12-14","","","","","EA","Stock","","","0115613","578350","0012091","010","","02","Z84C2006PEG","ZILOG 6MHZ Z80 CMOS PIO 40-DIP",":ZILOG 6MHZ Z80 CMOS PIO 40-DIP","1","0","198","0","198","0","0","0","0","Open","true","false","false","Resolved","Resolved","Resolved","303130303037323630303436313134303130"
"01","0045260","005","000735","S","Stock","C41022","2024-10-22","","","","","EA","Stock","","","","","","","","01","MR 305","SPRAYON SILCON MOLD RLEASE16OZ","S00305000:SPRAYON SILCON MOLD","1","0","5","0","5","0","0","0","0","Open","true","false","false","Resolved","NotReferenced","NotReferenced","303130303037333530303435323630303035"
"01","0046021","005","000736","S","Stock","C60422","2026-04-22","","","","","EA","Stock","","","","","","","","01","FA10VP","1/8"" VALUE PK NUMBERS ONLY",":1/8"" VALUE PK NUMBERS ONLY","1","0","2","0","2","0","0","0","0","Open","true","false","false","Resolved","NotReferenced","NotReferenced","303130303037333630303436303231303035"
"01","0046021","010","000736","N","NonStock","C60422","2026-04-22","","","","","","","","","","","","","","01","HANDLIN FEE","","","0","0","1","0","1","0","0","0","0","Open","true","false","false","NotApplicableNonStock","NotReferenced","NotReferenced","303130303037333630303436303231303130"
"01","0046021","015","000736","S","Stock","C60422","2026-04-22","","","","","EA","Stock","","","","","","","","01","FA8VP","5/64"" VALUE PK NUMBERS ONLY",":5/64"" VALUE PK NUMBERS ONLY","1","0","2","0","2","0","0","0","0","Open","true","false","false","Resolved","NotReferenced","NotReferenced","303130303037333630303436303231303135"
"01","0046021","020","000736","N","NonStock","C60422","2026-04-22","","","","","","","","","","","","","","01","HANDLIN FEE","","","0","0","1","0","1","0","0","0","0","Open","true","false","false","NotApplicableNonStock","NotReferenced","NotReferenced","303130303037333630303436303231303230"
"01","0045438","005","000737","N","NonStock","C50416","2025-04-16","","","","","EA","","","","","","","","","00","799-057-03-OP-IN","","799-057-3 DWG 799-057-3 REV C","0","0","30","0","30","0","0","0","0","Open","true","false","false","NotApplicableNonStock","NotReferenced","NotReferenced","303130303037333730303435343338303035"
"01","0045438","010","000737","N","NonStock","C50416","2025-04-16","","","","","EA","","","","","","","","","00","IONIC","","CONTAMINATION TEST","0","0","1","0","1","0","0","0","0","Open","true","false","false","NotApplicableNonStock","NotReferenced","NotReferenced","303130303037333730303435343338303130"
"01","0045438","015","000737","M","NonStock","C50416","2025-04-16","","","","","","","","","","","","","","00","","","FOR ASSY: 799-057-3","0","0","0","0","0","0","0","0","0","FullyReceivedPendingClose","false","false","false","NotApplicableNonStock","NotReferenced","NotReferenced","303130303037333730303435343338303135"
"01","0046134","005","002875","S","Stock","C70107","2027-01-07","","","","","EA","Stock","","","","","","","","02","600520","TRANSFORMER (XFMR) 24E22CT","24E22CT:TRANSFORMER (XFMR) 2","1","0","43","0","43","0","0","0","0","Open","true","false","false","Resolved","NotReferenced","NotReferenced","303130303238373530303436313334303035"
"01","0046134","010","002875","M","NonStock","C70107","2027-01-07","","","","","","","","","","","","","","02","","","FOR: 500144","0","0","0","0","0","0","0","0","0","FullyReceivedPendingClose","false","false","false","NotApplicableNonStock","NotReferenced","NotReferenced","303130303238373530303436313334303130"
"01","0028295","005","004650","S","Stock","B50826","2015-08-26","","","","","EA","Stock","","","","","","","","01","12X9X6","12X9X6 BOX 25/PK","0012940:BOX","1","0","25","0","25","0","0","0","0","Open","true","false","false","Resolved","NotReferenced","NotReferenced","303130303436353030303238323935303035"
"01","0028295","010","004650","S","Stock","B50826","2015-08-26","","","","","EA","Stock","","","","","","","","01","15X12X10","BOX","0014510:BOX","1","0","25","0","25","0","0","0","0","Open","true","false","false","Resolved","NotReferenced","NotReferenced","303130303436353030303238323935303130"
"01","0028295","015","004650","S","Stock","B50826","2015-08-26","","","","","EA","Stock","","","","","","","","01","14X6X4","14X6X4 BOX 25/PK","0014020:BOX","1","0","75","0","75","0","0","0","0","Open","true","false","false","Resolved","NotReferenced","NotReferenced","303130303436353030303238323935303135"
"01","0028295","020","004650","S","Stock","B50826","2015-08-26","","","","","EA","Stock","","","","","","","","01","14X12X4","14X12X4 BOX 25/PK","0014180:BOX","1","0","50","0","50","0","0","0","0","Open","true","false","false","Resolved","NotReferenced","NotReferenced","303130303436353030303238323935303230"
"01","0028295","025","004650","S","Stock","B50826","2015-08-26","","","","","EA","Stock","","","","","","","","01","14X14X8","14X14X8 BOX 25/PK","0014260:BOXES","1","0","25","0","25","0","0","0","0","Open","true","false","false","Resolved","NotReferenced","NotReferenced","303130303436353030303238323935303235"
"01","0028295","030","004650","S","Stock","B50826","2015-08-26","","","","","EA","Stock","","","","","","","","01","18X10X10","BOX 25/PK","0015610:BOX","1","0","50","0","50","0","0","0","0","Open","true","false","false","Resolved","NotReferenced","NotReferenced","303130303436353030303238323935303330"
"01","0028295","035","004650","S","Stock","B50826","2015-08-26","","","","","EA","Stock","","","","","","","","01","18X18X10","BOXES 20/PK","0015880:BOXES","1","0","30","0","30","0","0","0","0","Open","true","false","false","Resolved","NotReferenced","NotReferenced","303130303436353030303238323935303335"
"01","0028295","040","004650","S","Stock","B50826","2015-08-26","","","","","EA","Stock","","","","","","","","01","26X22X12","BOXES 15/PK","0018805:BOXES","1","0","30","0","30","0","0","0","0","Open","true","false","false","Resolved","NotReferenced","NotReferenced","303130303436353030303238323935303430"
"01","0028343","005","004650","S","Stock","B50921","2015-09-21","","","","","EA","Stock","","","","","","","","01","BUBBLEWRAP","ANTISTAT 24X750 12PRF 2PK PINK","3320300:ANTISTAT 24X750 PERF 12 2PK","1","0","1","0","1","0","0","0","0","Open","true","false","false","Resolved","NotReferenced","NotReferenced","303130303436353030303238333433303035"
"01","0028343","010","004650","S","Stock","B50921","2015-09-21","","","","","EA","Stock","","","","","","","","01","BLACK NITRILE","BLACK NITRILE GLOVES MEDIUM","8560339-BX:BLACK NITRILE GLOVES MEDIUM","1","0","1","0","1","0","0","0","0","Open","true","false","false","Resolved","NotReferenced","NotReferenced","303130303436353030303238333433303130"
"01","0028343","015","004650","S","Stock","B50921","2015-09-21","","","","","EA","Stock","","","","","","","","01","NITRILE GLOVES","BLUE NITRILE GLOVES",":BLUE NITRILE GLOVES","1","0","1","0","1","0","0","0","0","Open","true","false","false","Resolved","NotReferenced","NotReferenced","303130303436353030303238333433303135"
"01","0028471","005","004650","S","Stock","B51210","2015-12-10","","","","","EA","Stock","","","","","","","","01","14X6X4","14X6X4 BOX 25/PK","0014020:BOX","1","0","100","0","100","0","0","0","0","Open","true","false","false","Resolved","NotReferenced","NotReferenced","303130303436353030303238343731303035"
"01","0028471","010","004650","S","Stock","B51210","2015-12-10","","","","","EA","Stock","","","","","","","","01","715300","24X36 PACKING PAPER","50 LBS:24X36 PACKING PAPER","1","0","1","0","1","0","0","0","0","Open","true","false","false","Resolved","NotReferenced","NotReferenced","303130303436353030303238343731303130"
"01","0028037","010","034975","S","Stock","B50524","2015-05-24","","","","","EA","Stock","","","","","","","","12","B7C20PAA","PCB ALARM CARD",":PCB ALARM CARD","1","0","230","225","5","0","0","0","225","Open","true","false","false","Resolved","NotReferenced","NotReferenced","303130333439373530303238303337303130"
"01","0028037","015","034975","S","Stock","B50524","2015-05-24","","","","","EA","Stock","","","","","","","","12","GERBER FILE","PCB GERBERS",":PCB GERBERS","1","0","1","0","1","0","0","0","0","Open","true","false","false","Resolved","NotReferenced","NotReferenced","303130333439373530303238303337303135"
"01","0028037","020","034975","M","NonStock","B50524","2015-05-24","","","","","","","","","","","","","","12","","","BLANKET ORDER BUYER WILL CAll VENDOR TO","0","0","0","0","0","0","0","0","0","FullyReceivedPendingClose","false","false","false","NotApplicableNonStock","NotReferenced","NotReferenced","303130333439373530303238303337303230"
"01","0028037","025","034975","M","NonStock","B50524","2015-05-24","","","","","","","","","","","","","","12","","","RELEASE PARTIAL QTY FROM B/O PRIOR 11/30","0","0","0","0","0","0","0","0","0","FullyReceivedPendingClose","false","false","false","NotApplicableNonStock","NotReferenced","NotReferenced","303130333439373530303238303337303235"
"01","0038810","010","034975","S","Stock","B60815","2016-08-15","","","","","EA","06B-25","","","","","","","","12","B7C20PAA","PCB ALARM CARD",":PCB ALARM CARD","1","0","100","96","4","0","0","0","96","Open","true","false","false","Resolved","NotReferenced","NotReferenced","303130333439373530303338383130303130"
"01","0041750","020","034975","S","Stock","C00430","2020-04-30","","","","","EA","06B-20","","","","","","","","12","B7C10PAA","MASTER CARD NRLC",":MASTER CARD NRLC","1","0","100","0","100","0","0","0","0","Open","true","false","false","Resolved","NotReferenced","NotReferenced","303130333439373530303431373530303230"
"01","0041750","025","034975","S","Stock","C00630","2020-06-30","","","","","EA","06B-20","","","","","","","","12","B7C10PAA","MASTER CARD NRLC",":MASTER CARD NRLC","1","0","100","0","100","0","0","0","0","Open","true","false","false","Resolved","NotReferenced","NotReferenced","303130333439373530303431373530303235"
"01","0042850","010","034975","S","Stock","C10901","2021-09-01","","","","","EA","Stock","","","","","","","","30","722-0023 REV D","PCB",":PCB","1","0","250","0","250","0","0","0","0","Open","true","false","false","Resolved","NotReferenced","NotReferenced","303130333439373530303432383530303130"
"01","0043581","020","034975","S","Stock","C40315","2024-03-15","","","","","EA","06B-20","","","","","","","","12","B7C10PAA","MASTER CARD NRLC",":MASTER CARD NRLC","1","0","100","0","100","0","0","0","0","Open","true","false","false","Resolved","NotReferenced","NotReferenced","303130333439373530303433353831303230"
"01","0043581","025","034975","M","NonStock","C20531","2022-05-31","","","","","","","","","","","","","","12","","","REVISED 5/7/24 MDL","0","0","0","0","0","0","0","0","0","FullyReceivedPendingClose","false","false","false","NotApplicableNonStock","NotReferenced","NotReferenced","303130333439373530303433353831303235"
"01","0043917","005","034975","S","Stock","C20830","2022-08-30","","","","","EA","Stock","","","","","","","","02","600281","P.C. BOARD","REV.C:P.C. BOARD","1","0","25","0","25","0","0","0","0","Open","true","false","false","Resolved","NotReferenced","NotReferenced","303130333439373530303433393137303035"
"01","0043917","010","034975","M","NonStock","C20830","2022-08-30","","","","","","","","","","","","","","02","","","FOR: 600280-103","0","0","0","0","0","0","0","0","0","FullyReceivedPendingClose","false","false","false","NotApplicableNonStock","NotReferenced","NotReferenced","303130333439373530303433393137303130"
"01","0046101","005","036787","S","Stock","C60825","2026-08-25","","","","","EA","Stock","","","","","","","","02","600515","HEATSINK",":HEATSINK","1","0","60","0","60","0","0","0","0","Open","true","false","false","Resolved","NotReferenced","NotReferenced","303130333637383730303436313031303035"
"01","0046101","010","036787","M","NonStock","C60825","2026-08-25","","","","","","","","","","","","","","02","","","FOR: 600280-103","0","0","0","0","0","0","0","0","0","FullyReceivedPendingClose","false","false","false","NotApplicableNonStock","NotReferenced","NotReferenced","303130333637383730303436313031303130"
"01","0004162","005","052350","S","Stock","B81217","2018-12-17","","","","","EA","Stock","","","","","","","","38","400-830-009","TRANS,MOSFET,100V INTL,RECTIFI",":TRANS,MOSFET,100V INTL,RECTIFI","1","0","100","0","100","0","0","0","0","Open","true","false","false","Resolved","NotReferenced","NotReferenced","303130353233353030303034313632303035"
"01","0004162","015","052350","M","NonStock","B81217","2018-12-17","","","","","","","","","","","","","","38","","","FOR: H23982-1","0","0","0","0","0","0","0","0","0","FullyReceivedPendingClose","false","false","false","NotApplicableNonStock","NotReferenced","NotReferenced","303130353233353030303034313632303135"
"01","0026509","020","052350","S","Stock","B30920","2013-09-20","","","","","EA","Stock","","","0109785","001148","0008469","050","","12","AP-1294","XSTR SILCNX TN2404KL",":XSTR SILCNX TN2404KL","1","0","90","0","90","0","0","0","0","Open","true","false","false","Resolved","Resolved","MissingCurrentSalesOrder","303130353233353030303236353039303230"
"01","0026509","034","052350","S","Stock","B31115","2013-11-15","","","","","EA","Stock","","","","","","","","12","AP-1296","CD40107BE 2-INPUT NAND DUAL","CD40107BF:CD40107BF 2-INPUT NAND DUAL","1","0","30","5","25","0","0","0","5","Open","true","false","false","Resolved","NotReferenced","NotReferenced","303130353233353030303236353039303334"
"01","0026509","035","052350","M","NonStock","B30920","2013-09-20","","","","","","","","","","","","","","12","","","STK","0","0","0","0","0","0","0","0","0","FullyReceivedPendingClose","false","false","false","NotApplicableNonStock","NotReferenced","NotReferenced","303130353233353030303236353039303335"
"01","0026546","002","052350","S","Stock","B31004","2013-10-04","","","","","EA","Stock","","","0109752","001148","0008448","060","","12","77-4122","BD06 DIP 6POS SPC","BD06:BD06 DIP 9POS SPC","1","0","50","0","50","0","0","0","0","Open","true","false","false","Resolved","Resolved","MissingCurrentSalesOrder","303130353233353030303236353436303032"
"01","0026595","015","052350","S","Stock","B40315","2014-03-15","","","","","EA","Stock","","","0109812","578350","0008482","","","02","MCT7805CT","IC REG LDO 5V 1.5A TO220AB  TIMOTOROLA","LM340T-5.0/NOPB:IC REGULATOR","1","0","100","0","100","0","0","0","0","Open","true","false","false","Resolved","Resolved","MissingCurrentSalesOrder","303130353233353030303236353935303135"
"01","0026613","001","052350","S","Stock","B31031","2013-10-31","","","","","EA","Stock","","","0109834","001148","0008514","","","12","AP-1294","XSTR SILCNX TN2404KL","ZVN2110A:XSTR SILCNX TN2404KL","1","0","100","0","100","0","0","0","0","Open","true","false","false","Resolved","Resolved","MissingCurrentSalesOrder","303130353233353030303236363133303031"
"01","0026613","002","052350","S","Stock","B31118","2013-11-18","","","","","EA","Stock","","","","","","","","12","AP-1294","XSTR SILCNX TN2404KL","ZVN2110A:XSTR SILCNX TN2404KL","1","0","100","0","100","0","0","0","0","Open","true","false","false","Resolved","NotReferenced","NotReferenced","303130353233353030303236363133303032"
"01","0026613","003","052350","M","NonStock","B31031","2013-10-31","","","","","","","","","","","","","","12","","","STOCK","0","0","0","0","0","0","0","0","0","FullyReceivedPendingClose","false","false","false","NotApplicableNonStock","NotReferenced","NotReferenced","303130353233353030303236363133303033"
"01","0026613","025","052350","S","Stock","B31202","2013-12-02","","","","","EA","Stock","","","","","","","","12","AP-1278","P600M 1KV 6A DIODE","P600M:P600M 1KV 6A DIODE","1","0","100","0","100","0","0","0","0","Open","true","false","false","Resolved","NotReferenced","NotReferenced","303130353233353030303236363133303235"
"01","0026613","026","052350","M","NonStock","B31031","2013-10-31","","","","","","","","","","","","","","12","","","STOCK","0","0","0","0","0","0","0","0","0","FullyReceivedPendingClose","false","false","false","NotApplicableNonStock","NotReferenced","NotReferenced","303130353233353030303236363133303236"
"01","0026613","068","052350","S","Stock","B31202","2013-12-02","","","","","EA","Stock","","","","","","","","12","77-4002","550-0207 LED GRN INDKTR 2V","550-0207F:550-0207 LED GRN INDKTR 2V","1","0","200","0","200","0","0","0","0","Open","true","false","false","Resolved","NotReferenced","NotReferenced","303130353233353030303236363133303638"
"01","0026613","069","052350","M","NonStock","B31031","2013-10-31","","","","","","","","","","","","","","12","","","STOCK","0","0","0","0","0","0","0","0","0","FullyReceivedPendingClose","false","false","false","NotApplicableNonStock","NotReferenced","NotReferenced","303130353233353030303236363133303639"
"01","0026792","009","052350","S","Stock","B40110","2014-01-10","","","","","EA","Stock","","","","","","","","12","XZSE555","IC LM555J/883Q TMR 55TO125DGC","SE555P:IC LM555J/883Q TMR 55TO125DGC","1","0","297","237","60","0","0","0","237","Open","true","false","false","Resolved","NotReferenced","NotReferenced","303130353233353030303236373932303039"
"01","0026944","005","052350","S","Stock","B40324","2014-03-24","","","","","EA","Stock","","","","","","","","12","77-3648","CD4093BE 2-INPUT IC","CD4093BF:CD4093BF 2-INPUT IC","1","0","5","0","5","0","0","0","0","Open","true","false","false","Resolved","NotReferenced","NotReferenced","303130353233353030303236393434303035"
"01","0026989","013","052350","S","Stock","B40404","2014-04-04","","","","","EA","Stock","","","0110021","001148","0008671","340","","12","AP-1180","2N7000KL-TR1-E3 60V,XSTR,5 OHM","2N7000:2N7000KL-TR1-E3 60V,XSTR,50OHM","1","0","55","50","5","0","0","0","50","Open","true","false","false","Resolved","Resolved","MissingCurrentSalesOrder","303130353233353030303236393839303133"
"01","0027112","004","052350","S","Stock","B40530","2014-05-30","","","","","EA","Stock","","","","","","","","12","APA-308-G-K","CONN IC DIP SOCKET 8POS GOLD","BBL-120-G-E:ADAPTER PLUG","1","0","50","0","50","0","0","0","0","Open","true","false","false","Resolved","NotReferenced","NotReferenced","303130353233353030303237313132303034"
"01","0027131","185","052350","S","Stock","B40612","2014-06-12","","","","","EA","Stock","","","0110220","001238","0008781","010","","08","MMBT2222A","TRANSISTOR, NPN, 40V/ 0.6A",":Transistors Bipolar - BJT AF T","1","0","20","0","20","0","0","0","0","Open","true","false","false","Resolved","Resolved","MissingCurrentSalesOrder","303130353233353030303237313331313835"
"01","0027678","025","052350","S","Stock","B41212","2014-12-12","","","","","EA","Stock","","","","","","","","12","77-4002","550-0207 LED GRN INDKTR 2V","550-0207F:550-0207 LED GRN INDKTR 2V","1","0","275","240","35","0","0","0","240","Open","true","false","false","Resolved","NotReferenced","NotReferenced","303130353233353030303237363738303235"
"01","0027891","015","052350","S","Stock","B50313","2015-03-13","","","","","EA","Stock","","","","","","","","12","40000263-001","RES MF 1.0K 3W 5%","PR03000201001JAC00:RES MF 1.0K 3W 5%","1","0","476","474","2","0","0","0","474","Open","true","false","false","Resolved","NotReferenced","NotReferenced","303130353233353030303237383931303135"
"01","0028127","020","052350","S","Stock","B50617","2015-06-17","","","","","EA","Stock","","","","","","","","12","77-4052","SWITCH TGLE DPDT C&K#U21SYCGE",":SWITCH TGLE DPDT C&K#U21SYCGE","1","0","10","0","10","0","0","0","0","Open","true","false","false","Resolved","NotReferenced","NotReferenced","303130353233353030303238313237303230"
"01","0028345","035","052350","S","Stock","B50922","2015-09-22","","","","","EA","Stock","","","0111195","759050","0009265","010","","27","1N4148","DIODE SWITCH 75V 500MW DO-3",":DIODE SWITCH 75V 500MW DO-3","1","0","16","12","4","0","0","0","12","Open","true","false","false","Resolved","Resolved","MissingCurrentSalesOrder","303130353233353030303238333435303335"
"01","0038412","020","052350","S","Stock","B51106","2015-11-06","","","","","EA","Stock","","","0111346","001249","0009356","010","","A3","MAX232DR","IC RS232 XCEVER 16 SOIC",":IC RS232 XCEVER 16 SOIC","1","0","51","0","51","0","0","0","0","Open","true","false","false","Resolved","Resolved","MissingCurrentSalesOrder","303130353233353030303338343132303230"
"01","0038482","020","052350","S","Stock","B51204","2015-12-04","","","","","EA","Stock","","","0111369","001082","0009373","","","87","B6-131","PKC136  DIODE VOLT REG","PKC136:PKC136  DIODE VOLT REG","1","0","525","500","25","0","0","0","500","Open","true","false","false","Resolved","Resolved","MissingCurrentSalesOrder","303130353233353030303338343832303230"
"01","0038488","005","052350","S","Stock","B51204","2015-12-04","","","","","EA","Stock","","","","","","","","02","816-AG11D","SOCKET,16 PIN  81N9134        AUGAT","2-1571552-4:SOCKET,16 PIN  81N9134","1","0","100","0","100","0","0","0","0","Open","true","false","false","Resolved","NotReferenced","NotReferenced","303130353233353030303338343838303035"
"01","0038488","010","052350","M","NonStock","B51204","2015-12-04","","","","","","","","","","","","","","02","","","ALT PN: ICM-316-1-GT","0","0","0","0","0","0","0","0","0","FullyReceivedPendingClose","false","false","false","NotApplicableNonStock","NotReferenced","NotReferenced","303130353233353030303338343838303130"
"01","0038747","005","052350","S","Stock","B60502","2016-05-02","","","","","EA","04C-75","","","0111678","001148","0009529","020","","12","AP-1144","XSTR NPN 80V 10A TO-220AB RAIL","2N6833G:XSTR NPN 80V 10A TO-","1","0","3","0","3","0","0","0","0","Open","true","false","false","Resolved","Resolved","MissingCurrentSalesOrder","303130353233353030303338373437303035"
"01","0038923","005","052350","S","Stock","B60715","2016-07-15","","","","","EA","Stock","","","","","","","","87","F1-143","CONN RCPT 2POS .100"" SNGL HORZ",":CONN RCPT 2POS .100"" SNGL HORZ","1","0","30","30","0","0","0","0","30","FullyReceivedPendingClose","false","false","false","Resolved","NotReferenced","NotReferenced","303130353233353030303338393233303035"
"01","0039267","010","052350","S","Stock","B61125","2016-11-25","","","","","EA","Stock","","","0112102","001082","0009727","010","","87","B7X110","IC LOW-PWR CUR-MOD PWM UCC2801","UCC2801D:IC LOW-PWR CUR-MOD P","1","0","108","106","2","0","0","0","106","Open","true","false","false","Resolved","Resolved","MissingCurrentSalesOrder","303130353233353030303339323637303130"
"01","0039518","005","052350","S","Stock","B70224","2017-02-24","","","","","EA","Stock","","","0112053","900014","0009705","","","A1","CRCW12067K50FKEA","RES 7.5K 1% 1206",":RES 7.5K 1% 1206","1","0","10000","5000","5000","0","0","0","5000","Open","true","false","false","Resolved","Resolved","MissingCurrentSalesOrder","303130353233353030303339353138303035"
"01","0039527","005","052350","S","Stock","B70224","2017-02-24","","","","","EA","Stock","","","","","","","","38","12-01847","CAP,SMD,0.01UFD, 100V",":CAP,SMD,0.01UFD, 100V","1","0","4000","0","4000","0","0","0","4000","Open","true","false","false","Resolved","NotReferenced","NotReferenced","303130353233353030303339353237303035"
"01","0039527","006","052350","M","NonStock","B70224","2017-02-24","","","","","","","","","","","","","","38","","","STOCK","0","0","0","0","0","0","0","0","0","FullyReceivedPendingClose","false","false","false","NotApplicableNonStock","NotReferenced","NotReferenced","303130353233353030303339353237303036"
"01","0039527","011","052350","S","Stock","B70224","2017-02-24","","","","","EA","Stock","","","","","","","","38","12-01939","RES 76.8K OHM 0.1% 1/8W 0805",":RES 76.8K OHM 0.1% 1/8W 0805","1","0","1000","0","1000","0","0","0","0","Open","true","false","false","Resolved","NotReferenced","NotReferenced","303130353233353030303339353237303131"
"01","0039527","012","052350","M","NonStock","B70224","2017-02-24","","","","","","","","","","","","","","38","","","STOCK","0","0","0","0","0","0","0","0","0","FullyReceivedPendingClose","false","false","false","NotApplicableNonStock","NotReferenced","NotReferenced","303130353233353030303339353237303132"
"01","0039683","020","052350","S","Stock","B70419","2017-04-19","","","","","EA","Stock","","","0112468","001249","0009895","010","","A3","0039303047","CON HDR 4POS 4.2MM R/A","0039303047:CON HDR 4POS 4.2MM R","1","0","100","0","100","0","0","0","0","Open","true","false","false","Resolved","Resolved","MissingCurrentSalesOrder","303130353233353030303339363833303230"
"01","0039683","030","052350","S","Stock","B70419","2017-04-19","","","","","EA","Stock","","","0112468","001249","0009895","010","","A3","LTC4412HVIS6#TRMPBF","IC PWR PATH CNTRLLER THIN SLOT","LTC4412HVIS6#TRMPBF:IC PWR PATH CNTRLLER","1","0","30","0","30","0","0","0","0","Open","true","false","false","Resolved","Resolved","MissingCurrentSalesOrder","303130353233353030303339363833303330"
"01","0039762","095","052350","S","Stock","B70516","2017-05-16","","","","","EA","04C-325","","","","","","","","12","SP-1047","SWI(DIP) 4POS. ALCO#ADE-04","ADE0404:SWI(DIP) 4POS. ALCO#","1","0","35","10","25","0","0","0","0","Open","true","false","false","Resolved","NotReferenced","NotReferenced","303130353233353030303339373632303935"
"01","0039762","100","052350","M","NonStock","B70516","2017-05-16","","","","","","","","","","","","","","12","","","STOCK","0","0","0","0","0","0","0","0","0","FullyReceivedPendingClose","false","false","false","NotApplicableNonStock","NotReferenced","NotReferenced","303130353233353030303339373632313030"
"01","0039993","015","052350","S","Stock","B70908","2017-09-08","","","","","EA","Stock","","","","","","","","08","CB3-3C-7M3728","OSCILLATOR 7.3728MHZ SMT 7X5MM",":OSCILLATOR 7.3728MHZ SMT 7X5MM","1","0","22","21","1","0","0","0","21","Open","true","false","false","Resolved","NotReferenced","NotReferenced","303130353233353030303339393933303135"
"01","0039993","020","052350","M","NonStock","B70908","2017-09-08","","","","","","","","","","","","","","08","","","STOCK","0","0","0","0","0","0","0","0","0","FullyReceivedPendingClose","false","false","false","NotApplicableNonStock","NotReferenced","NotReferenced","303130353233353030303339393933303230"
"01","0040131","015","052350","S","Stock","B80104","2018-01-04","","","","","EA","15A-721","","","0112712","001238","0010065","010","","08","CRCW1206220RFKEAHP","RES 220 OHM 1% 1/2W  SMT","CRCW1206220RFKEAHP:RES 220 OHM 1% 1/2W","1","0","110","0","110","0","0","0","0","Open","true","false","false","Resolved","Resolved","MissingCurrentSalesOrder","303130353233353030303430313331303135"
"01","0040131","020","052350","S","Stock","B80104","2018-01-04","","","","","EA","Stock","","","0112712","001238","0010065","010","","08","ERJ-8ENF1500V","RES 150 OHM 1/4W, 1%, SMT1206",":RES 150 OHM 1/4W, 1%, SMT1206","1","0","110","0","110","0","0","0","0","Open","true","false","false","Resolved","Resolved","MissingCurrentSalesOrder","303130353233353030303430313331303230"
"01","0040277","005","052350","S","Stock","B80124","2018-01-24","","","","","EA","Stock","","","0112954","001249","0010198","030","","A3","LTC4366HTS8-2#TRMPBF","IC SURGE STOPPER HV TSOT-23-8",":IC SURGE STOPPER HV TSOT-23-8","1","0","5","0","5","0","0","0","5","Open","true","false","false","Resolved","Resolved","MissingCurrentSalesOrder","303130353233353030303430323737303035"
"01","0040277","010","052350","S","Stock","B80124","2018-01-24","","","","","EA","Stock","","","","","","","","A3","LTC4366HTS8-2#TRMPBF","IC SURGE STOPPER HV TSOT-23-8",":IC SURGE STOPPER HV TSOT-23-8","1","0","5","0","5","0","0","0","5","Open","true","false","false","Resolved","NotReferenced","NotReferenced","303130353233353030303430323737303130"
"01","0040277","015","052350","M","NonStock","B80124","2018-01-24","","","","","","","","","","","","","","A3","","","STK","0","0","0","0","0","0","0","0","0","FullyReceivedPendingClose","false","false","false","NotApplicableNonStock","NotReferenced","NotReferenced","303130353233353030303430323737303135"
"01","0040277","020","052350","S","Stock","B80124","2018-01-24","","","","","EA","Stock","","","0112953","001249","0010198","010","","A3","LM1085ISX-5.0/NOPB","IC REG LDO 5V 3A DDPAK","LM1085ISX-5.0/NOPB:IC REG LDO 5V 3A DDP","1","0","5","0","5","0","0","0","5","Open","true","false","false","Resolved","Resolved","MissingCurrentSalesOrder","303130353233353030303430323737303230"
"01","0040277","025","052350","S","Stock","B80124","2018-01-24","","","","","EA","Stock","","","","","","","","A3","LM1085ISX-5.0/NOPB","IC REG LDO 5V 3A DDPAK","LM1085ISX-5.0/NOPB:IC REG LDO 5V 3A DDP","1","0","5","0","5","0","0","0","0","Open","true","false","false","Resolved","NotReferenced","NotReferenced","303130353233353030303430323737303235"
"01","0040277","030","052350","M","NonStock","B80124","2018-01-24","","","","","","","","","","","","","","A3","","","STK","0","0","0","0","0","0","0","0","0","FullyReceivedPendingClose","false","false","false","NotApplicableNonStock","NotReferenced","NotReferenced","303130353233353030303430323737303330"
"01","0040277","035","052350","S","Stock","B80124","2018-01-24","","","","","EA","Stock","","","0112953","001249","0010198","010","","A3","ATMEGA64L-8AU","8-BIT AVR IC. TQFP 64PIN",":8-BIT AVR IC. TQFP 64PIN","1","0","5","0","5","0","0","0","0","Open","true","false","false","Resolved","Resolved","MissingCurrentSalesOrder","303130353233353030303430323737303335"
"01","0040277","040","052350","S","Stock","B80124","2018-01-24","","","","","EA","Stock","","","","","","","","A3","ATMEGA64L-8AU","8-BIT AVR IC. TQFP 64PIN",":8-BIT AVR IC. TQFP 64PIN","1","0","2","0","2","0","0","0","0","Open","true","false","false","Resolved","NotReferenced","NotReferenced","303130353233353030303430323737303430"
"01","0040277","045","052350","M","NonStock","B80124","2018-01-24","","","","","","","","","","","","","","A3","","","STK","0","0","0","0","0","0","0","0","0","FullyReceivedPendingClose","false","false","false","NotApplicableNonStock","NotReferenced","NotReferenced","303130353233353030303430323737303435"
"01","0040418","070","052350","S","Stock","B80307","2018-03-07","","","","","EA","Stock","","","0113016","001249","0010239","030","","A3","C1210F225K5RACTU","CAP CER 2.2uF 10% 50V 1210",":CAP CER 2.2uF 10% 50V 1210","1","0","30","0","30","0","0","0","0","Open","true","false","false","Resolved","Resolved","MissingCurrentSalesOrder","303130353233353030303430343138303730"
"01","0040418","075","052350","S","Stock","B80307","2018-03-07","","","","","EA","Stock","","","","","","","","A3","C1210F225K5RACTU","CAP CER 2.2uF 10% 50V 1210",":CAP CER 2.2uF 10% 50V 1210","1","0","70","0","70","0","0","0","0","Open","true","false","false","Resolved","NotReferenced","NotReferenced","303130353233353030303430343138303735"
"01","0040506","030","052350","S","Stock","B80514","2018-05-14","","","","","EA","Stock","","","","","","","","38","12-01851","IC,SMD, OP-AMP, LMC6482AIM","LMC6482AIM:IC,SMD, OP-AMP, LMC6","1","0","340","335","5","0","0","0","335","Open","true","false","false","Resolved","NotReferenced","NotReferenced","303130353233353030303430353036303330"
"01","0040506","035","052350","M","NonStock","B80604","2018-06-04","","","","","","","","","","","","","","38","","","REVISED 5/9/18 MDL","0","0","0","0","0","0","0","0","0","FullyReceivedPendingClose","false","false","false","NotApplicableNonStock","NotReferenced","NotReferenced","303130353233353030303430353036303335"
"01","0040552","005","052350","S","Stock","B80425","2018-04-25","","","","","EA","04C-10","","","0113062","839287","0010281","010","","30","2N3904","AMPLIFIER,NPN GP              2N3904 FAIRCHILD","2N3904TA:AMPLIFIER,NPN GP              2","1","0","700","0","700","0","0","0","700","Open","true","false","false","Resolved","Resolved","MissingCurrentSalesOrder","303130353233353030303430353532303035"
"01","0040552","010","052350","S","Stock","B80425","2018-04-25","","","","","EA","04C-10","","","0113084","839287","0010297","010","","30","2N3904","AMPLIFIER,NPN GP              2N3904 FAIRCHILD","2N3904TA:AMPLIFIER,NPN GP","1","0","1000","0","1000","0","0","0","1000","Open","true","false","false","Resolved","Resolved","MissingCurrentSalesOrder","303130353233353030303430353532303130"
"01","0040552","015","052350","S","Stock","B80425","2018-04-25","","","","","EA","04C-10","","","","","","","","30","2N3904","AMPLIFIER,NPN GP              2N3904 FAIRCHILD","2N3904TA:AMPLIFIER,NPN GP","1","0","300","0","300","0","0","0","300","Open","true","false","false","Resolved","NotReferenced","NotReferenced","303130353233353030303430353532303135"
"01","0040552","020","052350","M","NonStock","B80425","2018-04-25","","","","","","","","","","","","","","30","","","STK","0","0","0","0","0","0","0","0","0","FullyReceivedPendingClose","false","false","false","NotApplicableNonStock","NotReferenced","NotReferenced","303130353233353030303430353532303230"
"01","0040552","025","052350","S","Stock","B80425","2018-04-25","","","","","EA","04C-05","","","0113062","839287","0010281","010","","30","L7805CV","IC REG LDO 5V 1.5A TO220AB STMPOSITIVE  ST MICRO","L7805CV:IC REG LDO 5V 1.5A T","1","0","300","0","300","0","0","0","450","Open","true","false","false","Resolved","Resolved","MissingCurrentSalesOrder","303130353233353030303430353532303235"
"01","0040552","030","052350","S","Stock","B80425","2018-04-25","","","","","EA","04C-05","","","0113084","839287","0010297","010","","30","L7805CV","IC REG LDO 5V 1.5A TO220AB STMPOSITIVE  ST MICRO","L7805CV:IC REG LDO 5V 1.5A T","1","0","450","0","450","0","0","0","250","Open","true","false","false","Resolved","Resolved","MissingCurrentSalesOrder","303130353233353030303430353532303330"
"01","0040552","035","052350","S","Stock","B80425","2018-04-25","","","","","EA","04C-05","","","","","","","","30","L7805CV","IC REG LDO 5V 1.5A TO220AB STMPOSITIVE  ST MICRO","L7805CV:IC REG LDO 5V 1.5A T","1","0","250","0","250","0","0","0","0","Open","true","false","false","Resolved","NotReferenced","NotReferenced","303130353233353030303430353532303335"
"01","0040552","040","052350","M","NonStock","B80425","2018-04-25","","","","","","","","","","","","","","30","","","STK","0","0","0","0","0","0","0","0","0","FullyReceivedPendingClose","false","false","false","NotApplicableNonStock","NotReferenced","NotReferenced","303130353233353030303430353532303430"
"01","0040661","025","052350","S","Stock","B80618","2018-06-18","","","","","EA","Stock","","","","","","","","95","LT1128CS8#PBF","IC OPAMP GP 20MHZ 8SO",":IC OPAMP GP 20MHZ 8SO","1","0","4","0","4","0","0","0","0","Open","true","false","false","Resolved","NotReferenced","NotReferenced","303130353233353030303430363631303235"
"01","0040754","035","052350","S","Stock","B80904","2018-09-04","","","","","EA","Stock","","","","","","","","08","CRCW12064K99FKEAHP","RES 4.99K 1/4W 1% SMT 1206",":RES 4.99K 1/4W 1% SMT 1206","1","0","1500","0","1500","0","0","0","0","Open","true","false","false","Resolved","NotReferenced","NotReferenced","303130353233353030303430373534303335"
"01","0040754","040","052350","M","NonStock","B80904","2018-09-04","","","","","","","","","","","","","","08","","","FOR:3605-292-005","0","0","0","0","0","0","0","0","0","FullyReceivedPendingClose","false","false","false","NotApplicableNonStock","NotReferenced","NotReferenced","303130353233353030303430373534303430"
"01","0040949","005","052350","S","Stock","B81018","2018-10-18","","","","","EA","Stock","","","","","","","","08","103635-4","CONNECTOR 5PIN 0.1"" PITCH RA M",":CONNECTOR 5PIN 0.1"" PITCH RA M","1","0","6","0","6","0","0","0","0","Open","true","false","false","Resolved","NotReferenced","NotReferenced","303130353233353030303430393439303035"
"01","0040949","010","052350","M","NonStock","B81018","2018-10-18","","","","","","","","","","","","","","08","","","FOR 3604-292-005","0","0","0","0","0","0","0","0","0","FullyReceivedPendingClose","false","false","false","NotApplicableNonStock","NotReferenced","NotReferenced","303130353233353030303430393439303130"
"01","0040966","005","052350","S","Stock","B81023","2018-10-23","","","","","EA","04C-125","","","0113254","001148","0010422","050","","12","77-4165","IC PREC DUAL MONO MLTVBRTR RST","CD14538BE:IC PREC DUAL MONO ML","1","0","30","0","30","0","0","0","30","Open","true","false","false","Resolved","Resolved","MissingCurrentSalesOrder","303130353233353030303430393636303035"
"01","0040966","010","052350","S","Stock","B81023","2018-10-23","","","","","EA","04C-125","","","","","","","","12","77-4165","IC PREC DUAL MONO MLTVBRTR RST","CD14538BE:IC PREC DUAL MONO ML","1","0","120","0","120","0","0","0","120","Open","true","false","false","Resolved","NotReferenced","NotReferenced","303130353233353030303430393636303130"
"01","0040966","015","052350","M","NonStock","B81023","2018-10-23","","","","","","","","","","","","","","12","","","STK","0","0","0","0","0","0","0","0","0","FullyReceivedPendingClose","false","false","false","NotApplicableNonStock","NotReferenced","NotReferenced","303130353233353030303430393636303135"
"01","0040966","020","052350","S","Stock","B81023","2018-10-23","","","","","EA","04C-85","","","0113258","001148","0010426","010","","12","AP-1074","XSTR PROG UNIJUNCT 40V TO92","2N6027G:XSTR PROG UNIJUNCT 4","1","0","40","0","40","0","0","0","5","Open","true","false","false","Resolved","Resolved","MissingCurrentSalesOrder","303130353233353030303430393636303230"
"01","0040966","025","052350","S","Stock","B81023","2018-10-23","","","","","EA","04C-85","","","0113270","001148","0010431","050","","12","AP-1074","XSTR PROG UNIJUNCT 40V TO92","2N6027G:XSTR PROG UNIJUNCT 4","1","0","5","0","5","0","0","0","5","Open","true","false","false","Resolved","Resolved","MissingCurrentSalesOrder","303130353233353030303430393636303235"
"01","0040966","030","052350","S","Stock","B81023","2018-10-23","","","","","EA","04C-85","","","","","","","","12","AP-1074","XSTR PROG UNIJUNCT 40V TO92","2N6027G:XSTR PROG UNIJUNCT 4","1","0","5","0","5","0","0","0","0","Open","true","false","false","Resolved","NotReferenced","NotReferenced","303130353233353030303430393636303330"
"01","0040966","035","052350","M","NonStock","B81023","2018-10-23","","","","","","","","","","","","","","12","","","STK","0","0","0","0","0","0","0","0","0","FullyReceivedPendingClose","false","false","false","NotApplicableNonStock","NotReferenced","NotReferenced","303130353233353030303430393636303335"
"01","0040983","005","052350","S","Stock","B81031","2018-10-31","","","","","EA","Stock","","","","","","","","01","PSPT-250-175-WT","BRADY SLEEVE MARKER",":BRADY SLEEVE MARKER","1","0","200","0","200","0","0","0","200","Open","true","false","false","Resolved","NotReferenced","NotReferenced","303130353233353030303430393833303035"
"01","0040983","010","052350","M","NonStock","B81031","2018-10-31","","","","","","","","","","","","","","01","","","FOR: STK","0","0","0","0","0","0","0","0","0","FullyReceivedPendingClose","false","false","false","NotApplicableNonStock","NotReferenced","NotReferenced","303130353233353030303430393833303130"
"01","0042130","100","052350","S","Stock","C00316","2020-03-16","","","","","EA","Stock","","","0113929","001082","0010888","010","","87","T491X476K035AT","CAP TANT 47UF 10% 35V 2917",":CAP TANT 47UF 10% 35V 2917","1","0","140","83","57","0","0","0","0","Open","true","false","false","Resolved","Resolved","MissingCurrentSalesOrder","303130353233353030303432313330313030"
"01","0042130","105","052350","S","Stock","C00316","2020-03-16","","","","","EA","Stock","","","0113940","001082","0010897","010","","87","T491X476K035AT","CAP TANT 47UF 10% 35V 2917",":CAP TANT 47UF 10% 35V 2917","1","0","90","0","90","0","0","0","0","Open","true","false","false","Resolved","Resolved","MissingCurrentSalesOrder","303130353233353030303432313330313035"
"01","0042183","010","052350","S","Stock","C00326","2020-03-26","","","","","EA","02A-34","","","","","","","","12","DIO-0001","6A10DITR-ND DIODES","6A10-T:6A10DITR-ND DIODES","1","0","930","380","550","0","0","0","380","Open","true","false","false","Resolved","NotReferenced","NotReferenced","303130353233353030303432313833303130"
"01","0042183","015","052350","M","NonStock","C00326","2020-03-26","","","","","","","","","","","","","","12","","","STK","0","0","0","0","0","0","0","0","0","FullyReceivedPendingClose","false","false","false","NotApplicableNonStock","NotReferenced","NotReferenced","303130353233353030303432313833303135"
"01","0042330","015","052350","S","Stock","C00623","2020-06-23","","","","","EA","04A-390","","","","","","","","12","CP-1062","CAP TANT 1uF 50V 10% RADIAL","199D105X9050B1V1:CAP TANT 1uF 50V 10%","1","0","75","51","24","0","0","0","51","Open","true","false","false","Resolved","NotReferenced","NotReferenced","303130353233353030303432333330303135"
"01","0042425","005","052350","S","Stock","C20112","2022-01-12","","","","","EA","Stock","","","0114853","001165","0011400","010","","31","CK06BX105K","CAPACITOR 1.0MFD 10%",":CAPACITOR 1.0MFD 10%","1","0","40","0","40","0","0","0","0","Open","true","false","false","Resolved","Resolved","MissingCurrentSalesOrder","303130353233353030303432343235303035"
"01","0042566","005","052350","S","Stock","C01016","2020-10-16","","","","","EA","Stock","","","0114252","001082","0011082","010","","87","C1206F105K5RACTU","CAP CER 1UF 50V 10% X7R 1206",":CAP CER 1UF 50V 10% X7R 1206","1","0","100","17","83","0","0","0","0","Open","true","false","false","Resolved","Resolved","MissingCurrentSalesOrder","303130353233353030303432353636303035"
"01","0043687","005","052350","S","Stock","C20421","2022-04-21","","","","","EA","Stock","","","0115001","001270","0011493","010","","B0","31880","RING LUG #4",":RING LUG #4","1","0","10","0","10","0","0","0","0","Open","true","false","false","Resolved","Resolved","MissingCurrentSalesOrder","303130353233353030303433363837303035"
"01","0043687","010","052350","S","Stock","C20421","2022-04-21","","","","","EA","Stock","","","0115001","001270","0011493","010","","B0","50835","RING LUG, 16-18 AWG, F6 PIDG",":RING LUG, 16-18 AWG, F6 PIDG","1","0","8","0","8","0","0","0","0","Open","true","false","false","Resolved","Resolved","MissingCurrentSalesOrder","303130353233353030303433363837303130"
"01","0043687","015","052350","S","Stock","C20421","2022-04-21","","","","","EA","Stock","","","0115001","001270","0011493","010","","B0","D20418-50","SCREW LOCK  4-40 FEMALE",":SCREW LOCK  4-40 FEMALE","1","0","14","0","14","0","0","0","0","Open","true","false","false","Resolved","Resolved","MissingCurrentSalesOrder","303130353233353030303433363837303135"
"01","0043687","020","052350","S","Stock","C20421","2022-04-21","","","","","EA","Stock","","","0115001","001270","0011493","010","","B0","7101SHZQE","TOGGLE SWITCH, SPOT, SLDR LUG",":TOGGLE SWITCH, SPOT, SLDR LUG","1","0","11","0","11","0","0","0","0","Open","true","false","false","Resolved","Resolved","MissingCurrentSalesOrder","303130353233353030303433363837303230"
"01","0043698","005","052350","S","Stock","C20425","2022-04-25","","","","","EA","Stock","","","0114999","001061","0011491","010","","14","60300-19","DIODE, 75V, .2A","1N4148:DIODE, 75V, .2A","1","0","40","0","40","0","0","0","0","Open","true","false","false","Resolved","Resolved","MissingCurrentSalesOrder","303130353233353030303433363938303035"
"01","0043698","010","052350","S","Stock","C20425","2022-04-25","","","","","EA","Stock","","","0114999","001061","0011491","010","","14","60300-04","DIODE, 12V, 5W","1N4960:DIODE, 12V, 5W","1","0","21","0","21","0","0","0","0","Open","true","false","false","Resolved","Resolved","MissingCurrentSalesOrder","303130353233353030303433363938303130"
"01","0043698","015","052350","S","Stock","C20425","2022-04-25","","","","","EA","Stock","","","","","","","","01","TARIFF","CHARGE","CHARGE:CHARGE","1","0","1","0","1","0","0","0","0","Open","true","false","false","Resolved","NotReferenced","NotReferenced","303130353233353030303433363938303135"
"01","0044104","040","052350","S","Stock","C21204","2022-12-04","","","","","EA","Stock","","","0115175","001082","0011624","010","","87","BCS-104-L-S-HE","CONN RCPT 4POS .100"" SNGL HORZ",":CONN RCPT 4POS .100"" SNGL HORZ","1","0","77","76","1","0","0","0","0","Open","true","false","false","Resolved","Resolved","MissingCurrentSalesOrder","303130353233353030303434313034303430"
"01","0044900","005","052350","S","Stock","C40429","2024-04-29","","","","","EA","Stock","","","","","","","","38","50-54227","IC, LM139J/883 B-2","LM139J/883:IC, LM139J/883 B-2","1","0","75","0","75","0","0","0","0","Open","true","false","false","Resolved","NotReferenced","NotReferenced","303130353233353030303434393030303035"
"01","0044900","010","052350","M","NonStock","C40429","2024-04-29","","","","","","","","","","","","","","38","","","FOR ASSY: 902935-01","0","0","0","0","0","0","0","0","0","FullyReceivedPendingClose","false","false","false","NotApplicableNonStock","NotReferenced","NotReferenced","303130353233353030303434393030303130"
"01","0046118","005","052350","S","Stock","C60722","2026-07-22","","","","","EA","Stock","","","","","","","","38","12-01831","TRNS MOSFET P-CH 60V 12A 3-PIN","NTD2955G:TRNS MOSFET P-CH 60V","1","0","2500","0","2500","0","0","0","0","Open","true","false","false","Resolved","NotReferenced","NotReferenced","303130353233353030303436313138303035"
"01","0042274","005","142987","S","Stock","C00602","2020-06-02","","","","","EA","Stock","","","0114054","578351","0010979","010","","02","D38999/26FA35SN","CONNECTOR",":CONNECTOR","1","0","4","0","4","0","0","0","0","Open","true","false","false","Resolved","Resolved","MissingCurrentSalesOrder","303131343239383730303432323734303035"
"01","0038385","020","152675","S","Stock","B51215","2015-12-15","","","","","EA","Stock","","","","","","","","01","2331-ZX","FLUX 5 GALLON","2331-ZX5G:FLUX 5 GALLON","1","0","1","0","1","0","0","0","0","Open","true","false","false","Resolved","NotReferenced","NotReferenced","303131353236373530303338333835303230"
"01","0046088","005","152675","S","Stock","C60730","2026-07-30","","","","","EA","Stock","","","","","","","","01","E8751Q","E 8751 HI TEMP RESIN 2LB/QT KT",":E 8751 HI TEMP RESIN 2LB/QT KT","1","0","1","0","1","0","0","0","0","Open","true","false","false","Resolved","NotReferenced","NotReferenced","303131353236373530303436303838303035"
"01","0046088","010","152675","N","NonStock","C60730","2026-07-30","","","","","","","","","","","","","","01","FEE","","HANDLING FEE","0","0","1","0","1","0","0","0","0","Open","true","false","false","NotApplicableNonStock","NotReferenced","NotReferenced","303131353236373530303436303838303130"
"01","0046088","015","152675","M","NonStock","C60912","2026-09-12","","","","","","","","","","","","","","01","","","FOR: MASON","0","0","0","0","0","0","0","0","0","FullyReceivedPendingClose","false","false","false","NotApplicableNonStock","NotReferenced","NotReferenced","303131353236373530303436303838303135"
"01","0046129","015","152675","S","Stock","C60723","2026-07-23","","","","","GL","Stock","","","","","","","","01","TC-533","HI-TEMP FLEX MASK","53-4003-0533:HI-TEMP FLEX MASK","1","0","1","0","1","0","0","0","0","Open","true","false","false","Resolved","NotReferenced","NotReferenced","303131353236373530303436313239303135"
"01","0271231","005","152675","S","Stock","B40605","2014-06-05","","","","","EA","Stock","","","","","","","","01","9X12-ASBAG-C","CLEAR ANTI-STATIC 9X12",":CLEAR ANTI-STATIC 9X12","1","0","1","0","1","0","0","0","0","Open","true","false","false","Resolved","NotReferenced","NotReferenced","303131353236373530323731323331303035"
"01","0271231","010","152675","M","NonStock","B40605","2014-06-05","","","","","","","","","","","","","","01","","","1BOX/1000","0","0","0","0","0","0","0","0","0","FullyReceivedPendingClose","false","false","false","NotApplicableNonStock","NotReferenced","NotReferenced","303131353236373530323731323331303130"
"01","0026641","001","157050","S","Stock","B31031","2013-10-31","","","","","EA","Stock","","","0109812","578350","0008482","","","02","MS35333-36","WASHER LOCK #4",":WASHER LOCK #4","1","0","1750","1200","550","0","0","0","1200","Open","true","false","false","Resolved","Resolved","MissingCurrentSalesOrder","303131353730353030303236363431303031"
"01","0027238","005","184725","S","Stock","B40721","2014-07-21","","","","","EA","Stock","","","0110287","900015","0008806","010","","A2","2115-0181","CON USB MICRO B PLUG","941 KEYSTONE:CON USB MICRO B PLUG","1","0","62","62","0","0","0","0","62","FullyReceivedPendingClose","false","false","false","Resolved","Resolved","MissingCurrentSalesOrder","303131383437323530303237323338303035"
"01","0038538","005","184725","S","Stock","B60114","2016-01-14","","","","","EA","Stock","","","0111423","001238","0009402","","","08","AM26LS32AMDREP","LOW-VOLTAGE HIGH-SPEED QUADRUP","296-22084-1-ND:LOW-VOLTAGE HIGH-SPEED QU","1","0","5","0","5","0","0","0","0","Open","true","false","false","Resolved","Resolved","MissingCurrentSalesOrder","303131383437323530303338353338303035"
"01","0038538","010","184725","S","Stock","B60114","2016-01-14","","","","","EA","Stock","","","","","","","","01","DELIVERY","",":","1","0","1","0","1","0","0","0","0","Open","true","false","false","Resolved","NotReferenced","NotReferenced","303131383437323530303338353338303130"
"01","0038538","015","184725","M","NonStock","B60114","2016-01-14","","","","","","","","","","","","","","08","","","UPS PREAID AND ADD...","0","0","0","0","0","0","0","0","0","FullyReceivedPendingClose","false","false","false","NotApplicableNonStock","NotReferenced","NotReferenced","303131383437323530303338353338303135"
"01","0038626","005","184725","S","Stock","B60325","2016-03-25","","","","","EA","Stock","","","","","","","","12","APA-308-G-K","CONN IC DIP SOCKET 8POS GOLD","ED3013-ND:CONN IC DIP SOCKET 8","1","0","250","246","4","0","0","0","246","Open","true","false","false","Resolved","NotReferenced","NotReferenced","303131383437323530303338363236303035"
"01","0040231","005","184725","S","Stock","B80102","2018-01-02","","","","","EA","Stock","","","","","","","","07","J151-ND","CONN JACK BANANA INSUL NYLON R","108-0902-001:CONN JACK BANANA INS","1","0","110","0","110","0","0","0","0","Open","true","false","false","Resolved","NotReferenced","NotReferenced","303131383437323530303430323331303035"
"01","0040231","010","184725","M","NonStock","B80102","2018-01-02","","","","","","","","","","","","","","07","","","STOCK","0","0","0","0","0","0","0","0","0","FullyReceivedPendingClose","false","false","false","NotApplicableNonStock","NotReferenced","NotReferenced","303131383437323530303430323331303130"
"01","0040231","015","184725","S","Stock","B80102","2018-01-02","","","","","EA","Stock","","","","","","","","07","J152-ND","CONN JACK BANANA INSUL NYLON B","108-0903-001:CONN JACK BANANA INSUL NYLO","1","0","110","0","110","0","0","0","0","Open","true","false","false","Resolved","NotReferenced","NotReferenced","303131383437323530303430323331303135"
"01","0040231","020","184725","M","NonStock","B80102","2018-01-02","","","","","","","","","","","","","","07","","","STOCK","0","0","0","0","0","0","0","0","0","FullyReceivedPendingClose","false","false","false","NotApplicableNonStock","NotReferenced","NotReferenced","303131383437323530303430323331303230"
"01","0040232","005","184725","S","Stock","B71228","2017-12-28","","","","","EA","Stock","","","","","","","","01","CBB330-ND","25-140 CINCH CONN BARRIER STRP",":25-140 CINCH CONN BARRIER STRP","1","0","4","0","4","0","0","0","0","Open","true","false","false","Resolved","NotReferenced","NotReferenced","303131383437323530303430323332303035"
"01","0040232","010","184725","M","NonStock","B71228","2017-12-28","","","","","","","","","","","","","","01","","","STOCK","0","0","0","0","0","0","0","0","0","FullyReceivedPendingClose","false","false","false","NotApplicableNonStock","NotReferenced","NotReferenced","303131383437323530303430323332303130"
"01","0040232","015","184725","S","Stock","B71228","2017-12-28","","","","","EA","Stock","","","","","","","","01","J342-ND","CONN PLUG BANANA SOLDERLESS IN","108-0307-001:CONN PLUG BANANA SOLDERLESS","1","0","110","0","110","0","0","0","0","Open","true","false","false","Resolved","NotReferenced","NotReferenced","303131383437323530303430323332303135"
"01","0040232","020","184725","M","NonStock","B71228","2017-12-28","","","","","","","","","","","","","","01","","","STOCK","0","0","0","0","0","0","0","0","0","FullyReceivedPendingClose","false","false","false","NotApplicableNonStock","NotReferenced","NotReferenced","303131383437323530303430323332303230"
"01","0040937","005","184725","S","Stock","B81116","2018-11-16","","","","","EA","Stock","","","","","","","","08","CRA12E0834K70JTR","RES NET 4.7Kx4 SMT 3x5MM",":RES NET 4.7Kx4 SMT 3x5MM","1","0","525","0","525","0","0","0","0","Open","true","false","false","Resolved","NotReferenced","NotReferenced","303131383437323530303430393337303035"
"01","0040937","010","184725","M","NonStock","B81116","2018-11-16","","","","","","","","","","","","","","08","","","FOR 3605-294-001","0","0","0","0","0","0","0","0","0","FullyReceivedPendingClose","false","false","false","NotApplicableNonStock","NotReferenced","NotReferenced","303131383437323530303430393337303130"
"01","0040952","005","184725","S","Stock","B81024","2018-10-24","","","","","EA","Stock","","","","","","","","08","MOC3033SR2M","OPTOISOLATOR 4.17KV TRIAC 6SMD",":OPTOISOLATOR 4.17KV TRIAC 6SMD","1","0","26","0","26","0","0","0","0","Open","true","false","false","Resolved","NotReferenced","NotReferenced","303131383437323530303430393532303035"
"01","0040952","010","184725","S","Stock","B81024","2018-10-24","","","","","EA","Stock","","","","","","","","08","CRCW1210180RFKEAHP","RES SMD 180 OHM 1% 3/4W 1210",":RES SMD 180 OHM 1% 3/4W 1210","1","0","200","0","200","0","0","0","0","Open","true","false","false","Resolved","NotReferenced","NotReferenced","303131383437323530303430393532303130"
"01","0040952","015","184725","M","NonStock","B81024","2018-10-24","","","","","","","","","","","","","","08","","","ALL FOR 3604-219-1","0","0","0","0","0","0","0","0","0","FullyReceivedPendingClose","false","false","false","NotApplicableNonStock","NotReferenced","NotReferenced","303131383437323530303430393532303135"
"01","0041124","005","184725","S","Stock","B90110","2019-01-10","","","","","EA","Stock","","","","","","","","08","PPTC051LFBN-RC","CONN HEADER, 5P, SOCKET",":CONN HEADER, 5P, SOCKET","1","0","22","0","22","0","0","0","22","Open","true","false","false","Resolved","NotReferenced","NotReferenced","303131383437323530303431313234303035"
"01","0041124","010","184725","M","NonStock","B90110","2019-01-10","","","","","","","","","","","","","","08","","","FOR: 3682-161-005","0","0","0","0","0","0","0","0","0","FullyReceivedPendingClose","false","false","false","NotApplicableNonStock","NotReferenced","NotReferenced","303131383437323530303431313234303130"
"01","0041465","001","184725","S","Stock","B90619","2019-06-19","","","","","EA","Stock","","","0113572","001238","0010644","010","","08","CC3-0512DF-E","DC/DC +5V IN +-12V OUT CC3",":DC/DC +5V IN +-12V OUT CC3","1","0","110","0","110","0","0","0","0","Open","true","false","false","Resolved","Resolved","MissingCurrentSalesOrder","303131383437323530303431343635303031"
"01","0041465","002","184725","S","Stock","B90619","2019-06-19","","","","","EA","Stock","","","0113572","001238","0010644","010","","08","1-103635-2","CONNECTOR 13PIN 0.1"" PITCH RA",":CONNECTOR 13PIN 0.1"" PITCH RA","1","0","75","0","75","0","0","0","0","Open","true","false","false","Resolved","Resolved","MissingCurrentSalesOrder","303131383437323530303431343635303032"
"01","0041465","003","184725","S","Stock","B90619","2019-06-19","","","","","EA","Stock","","","0113572","001238","0010644","010","","08","C1206C106M3RACTU","CAP CER 10uF 20% 25V 1206",":CAP CER 10uF 20% 25V 1206","1","0","110","0","110","0","0","0","0","Open","true","false","false","Resolved","Resolved","MissingCurrentSalesOrder","303131383437323530303431343635303033"
"01","0042268","005","184725","S","Stock","C30224","2023-02-24","","","","","EA","Stock","","","","","","","","62","8690","ACRYLIC CAN CONFORMAL COATING",":ACRYLIC CAN CONFORMAL COATING","1","0","2","0","2","0","0","0","0","Open","true","false","false","Resolved","NotReferenced","NotReferenced","303131383437323530303432323638303035"
"01","0042268","010","184725","M","NonStock","C30224","2023-02-24","","","","","","","","","","","","","","62","","","FOR W/O: 115146  LINE: 080","0","0","0","0","0","0","0","0","0","FullyReceivedPendingClose","false","false","false","NotApplicableNonStock","NotReferenced","NotReferenced","303131383437323530303432323638303130"
"01","0042268","015","184725","M","NonStock","C30224","2023-02-24","","","","","","","","","","","","","","08","","","","0","0","0","0","0","0","0","0","0","FullyReceivedPendingClose","false","false","false","NotApplicableNonStock","NotReferenced","NotReferenced","303131383437323530303432323638303135"
"01","0042268","020","184725","S","Stock","C30224","2023-02-24","","","","","EA","Stock","","","","","","","","08","AR 16-HZL/01-TT","CONN IC DIP SOCKET 16POS GOLD",":CONN IC DIP SOCKET 16POS GOLD","1","0","2","0","2","0","0","0","0","Open","true","false","false","Resolved","NotReferenced","NotReferenced","303131383437323530303432323638303230"
"01","0042268","025","184725","M","NonStock","C30224","2023-02-24","","","","","","","","","","","","","","08","","","FOR W/O: 115223  LINE: 110","0","0","0","0","0","0","0","0","0","FullyReceivedPendingClose","false","false","false","NotApplicableNonStock","NotReferenced","NotReferenced","303131383437323530303432323638303235"
"01","0042268","030","184725","S","Stock","C30224","2023-02-24","","","","","EA","Stock","","","","","","","","01","TARIFF","CHARGE",":CHARGE","1","0","1","0","1","0","0","0","0","Open","true","false","false","Resolved","NotReferenced","NotReferenced","303131383437323530303432323638303330"
"01","0042804","005","184725","S","Stock","C10927","2021-09-27","","","","","EA","Stock","","","0114377","839287","0011138","020","","30","XPCGRN-L1-0000-00503","GREEN LED HIGH POWER- 625NM",":GREEN LED HIGH POWER- 625NM","1","0","2000","2000","0","0","0","0","0","FullyReceivedPendingClose","false","false","false","Resolved","Resolved","MissingCurrentSalesOrder","303131383437323530303432383034303035"
"01","0042946","015","184725","N","NonStock","C10602","2021-06-02","","","","","","","","","","","","","","01","TUW15J5R6E","","15W CERAMIC AXL WIREWOUND 5%","0","0","21","0","21","0","0","0","0","Open","true","false","false","NotApplicableNonStock","NotReferenced","NotReferenced","303131383437323530303432393436303135"
"01","0042946","020","184725","M","NonStock","C10602","2021-06-02","","","","","","","","","","","","","","01","","","FOR: GIO","0","0","0","0","0","0","0","0","0","FullyReceivedPendingClose","false","false","false","NotApplicableNonStock","NotReferenced","NotReferenced","303131383437323530303432393436303230"
"01","0043141","005","184725","S","Stock","C11122","2021-11-22","","","","","EA","Stock","","","","","","","","38","12-01831","TRNS MOSFET P-CH 60V 12A 3-PIN",":TRNS MOSFET P-CH 60V 12A 3-PIN","1","0","2500","0","2500","0","0","0","0","Open","true","false","false","Resolved","NotReferenced","NotReferenced","303131383437323530303433313431303035"
"01","0043199","005","184725","S","Stock","C10915","2021-09-15","","","","","EA","Stock","","","","","","","","B0","19070-0132","TERMINAL  RING  10-12 AWG MOLE",":TERMINAL  RING  10-12 AWG MOLE","1","0","5","0","5","0","0","0","0","Open","true","false","false","Resolved","NotReferenced","NotReferenced","303131383437323530303433313939303035"
"01","0043199","010","184725","M","NonStock","C10915","2021-09-15","","","","","","","","","","","","","","B0","","","FOR: TD127065-1","0","0","0","0","0","0","0","0","0","FullyReceivedPendingClose","false","false","false","NotApplicableNonStock","NotReferenced","NotReferenced","303131383437323530303433313939303130"
"01","0043199","015","184725","S","Stock","C10915","2021-09-15","","","","","EA","Stock","","","","","","","","B0","19070-0132","TERMINAL  RING  10-12 AWG MOLE",":TERMINAL  RING  10-12 AWG MOLE","1","0","15","0","15","0","0","0","0","Open","true","false","false","Resolved","NotReferenced","NotReferenced","303131383437323530303433313939303135"
"01","0043199","020","184725","M","NonStock","C10915","2021-09-15","","","","","","","","","","","","","","B0","","","FOR: TD127064-1","0","0","0","0","0","0","0","0","0","FullyReceivedPendingClose","false","false","false","NotApplicableNonStock","NotReferenced","NotReferenced","303131383437323530303433313939303230"
"01","0043636","005","184725","S","Stock","C20405","2022-04-05","","","","","EA","06C-54","","","0114936","001077","0011449","010","","83","PDV-P5003","PHOTOCELL 12K-58K OHM 11MM",":PHOTOCELL 12K-58K OHM 11MM","1","0","100","0","100","0","0","0","0","Open","true","false","false","Resolved","Resolved","MissingCurrentSalesOrder","303131383437323530303433363336303035"
"01","0044725","005","184725","S","Stock","C31221","2023-12-21","","","","","EA","Stock","","","0115325","839287","0011785","160","","30","PIC16F505T-I/SL","IC MCU 8BIT 1.5KB FLASH 14SOIC",":MICRCHIP PRGRMD:FW03-4780D.ZIP","1","0","500","0","500","0","0","0","0","Open","true","false","false","Resolved","Resolved","MissingCurrentSalesOrder","303131383437323530303434373235303035"
"01","0045960","005","184725","S","Stock","C60706","2026-07-06","","","","","EA","Stock","","","0115548","565650","0012037","010","","38","M39006/25-0143","CAP,TANT, 330UF,50V,20%",":CAP,TANT, 330UF,50V,20%","1","0","72","0","72","0","0","0","0","Open","true","false","false","Resolved","Resolved","MissingCurrentSalesOrder","303131383437323530303435393630303035"
"01","0046121","080","184725","S","Stock","C60723","2026-07-23","","","","","EA","Stock","","","0115615","001082","0012093","010","","87","CC1812KKX7R0BB105","CAP CER 1UF 100V X7R 1812",":CAP CER 1UF 100V X7R 1812","1","0","50","0","50","0","0","0","0","Open","true","false","false","Resolved","Resolved","Resolved","303131383437323530303436313231303830"
"01","0027336","005","201893","S","Stock","B40801","2014-08-01","","","","","EA","Stock","","","","","","","","12","77-2417","RES CC 470 OHM 1/2W 5% RC20GF",":RES CC 470 OHM 1/2W 5% RC20GF","1","0","2500","2000","500","0","0","0","2000","Open","true","false","false","Resolved","NotReferenced","NotReferenced","303132303138393330303237333336303035"
"01","0040448","030","201893","S","Stock","B80323","2018-03-23","","","","","EA","02C-140","","","","","","","","12","RP-1230","RES CF 75K 1/4W 5% AX","75K-QJTL:RES CF 75K 1/4W 5% A","1","0","3990","3990","0","0","0","0","3990","FullyReceivedPendingClose","false","false","false","Resolved","NotReferenced","NotReferenced","303132303138393330303430343438303330"
"01","0044225","015","201893","S","Stock","C30213","2023-02-13","","","","","EA","03A-105","","","0115218","001148","0011660","010","","12","RP-1190","RES CF 1M 1/4W 5%","1M-QJTL:RES CF 1M 1/4W 5%","1","0","355","0","355","0","0","0","0","Open","true","false","false","Resolved","Resolved","MissingCurrentSalesOrder","303132303138393330303434323235303135"
"01","0044225","020","201893","S","Stock","C30213","2023-02-13","","","","","EA","03A-105","","","","","","","","12","RP-1190","RES CF 1M 1/4W 5%","1M-QJTL:RES CF 1M 1/4W 5%","1","0","645","0","645","0","0","0","0","Open","true","false","false","Resolved","NotReferenced","NotReferenced","303132303138393330303434323235303230"
"01","0044225","025","201893","S","Stock","C30213","2023-02-13","","","","","EA","04A-115","","","0115219","001148","0011661","010","","12","77-3390","CAP.001MF 1KV 15% AX P102KP","C102K102Y5PB   .2LS:CAP.001MF 1KV 15% AX","1","0","50","0","50","0","0","0","0","Open","true","false","false","Resolved","Resolved","MissingCurrentSalesOrder","303132303138393330303434323235303235"
"01","0044225","030","201893","S","Stock","C30213","2023-02-13","","","","","EA","04A-115","","","0115217","001148","0011659","010","","12","77-3390","CAP.001MF 1KV 15% AX P102KP","C102K102Y5PB   .2LS:CAP.001MF 1KV 15% AX","1","0","70","0","70","0","0","0","0","Open","true","false","false","Resolved","Resolved","MissingCurrentSalesOrder","303132303138393330303434323235303330"
"01","0044225","035","201893","S","Stock","C30213","2023-02-13","","","","","EA","04A-115","","","0115220","001148","0011662","010","","12","77-3390","CAP.001MF 1KV 15% AX P102KP","C102K102Y5PB   .2LS:CAP.001MF 1KV 15% AX","1","0","240","0","240","0","0","0","0","Open","true","false","false","Resolved","Resolved","MissingCurrentSalesOrder","303132303138393330303434323235303335"
"01","0044225","040","201893","S","Stock","C30213","2023-02-13","","","","","EA","04A-115","","","0115218","001148","0011660","010","","12","77-3390","CAP.001MF 1KV 15% AX P102KP","C102K102Y5PB   .2LS:CAP.001MF 1KV 15% AX","1","0","600","0","600","0","0","0","0","Open","true","false","false","Resolved","Resolved","MissingCurrentSalesOrder","303132303138393330303434323235303430"
"01","0044225","045","201893","S","Stock","C30213","2023-02-13","","","","","EA","04A-115","","","0115215","001148","0011657","010","","12","77-3390","CAP.001MF 1KV 15% AX P102KP","C102K102Y5PB   .2LS:CAP.001MF 1KV 15% AX","1","0","25","0","25","0","0","0","0","Open","true","false","false","Resolved","Resolved","MissingCurrentSalesOrder","303132303138393330303434323235303435"
"01","0044225","050","201893","S","Stock","C30213","2023-02-13","","","","","EA","04A-115","","","","","","","","12","77-3390","CAP.001MF 1KV 15% AX P102KP","C102K102Y5PB   .2LS:CAP.001MF 1KV 15% AX","1","0","1015","0","1015","0","0","0","0","Open","true","false","false","Resolved","NotReferenced","NotReferenced","303132303138393330303434323235303530"
"01","0044391","005","201893","S","Stock","C30510","2023-05-10","","","","","EA","02C-60","","","0115244","578350","0011694","010","","02","5043EM10K00J","RES, MF 1/4,1%,10K OHM","RN55C 10K-FTL:RES, MF 1/4,1%,10K O","1","0","1000","0","1000","0","0","0","0","Open","true","false","false","Resolved","Resolved","Resolved","303132303138393330303434333931303035"
"01","0044391","010","201893","S","Stock","C30510","2023-05-10","","","","","EA","Stock","","","0115244","578350","0011694","010","","02","40-XAL16V33-RC","CAP ALUM 33UF 20% 16V AXIAL",":CAP ALUM 33UF 20% 16V AXIAL","1","0","100","0","100","0","0","0","0","Open","true","false","false","Resolved","Resolved","Resolved","303132303138393330303434333931303130"
"01","0046137","005","201893","S","Stock","C60731","2026-07-31","","","","","EA","02B-145","","","0115610","001148","0012089","010","","12","RC07G152BJ","RES MF 1.5K 1/4W 1% AX","RN55C 1X5K-FT:RES MF 1.5K 1/4W 1%","1","0","30","0","30","0","0","0","0","Open","true","false","false","Resolved","Resolved","Resolved","303132303138393330303436313337303035"
"01","0046137","010","201893","S","Stock","C60731","2026-07-31","","","","","EA","02B-145","","","","","","","","12","RC07G152BJ","RES MF 1.5K 1/4W 1% AX","RN55C 1X5K-FT:RES MF 1.5K 1/4W 1%","1","0","1970","0","1970","0","0","0","0","Open","true","false","false","Resolved","NotReferenced","NotReferenced","303132303138393330303436313337303130"
"01","0027562","005","232292","S","Stock","B41024","2014-10-24","","","","","EA","Stock","","","0110476","001148","0008912","050","","12","77-3041","KUP14D15-24VDC","KUP14D15-24VDC:KUP14D15-24VDC","1","0","9","0","9","0","0","0","0","Open","true","false","false","Resolved","Resolved","MissingCurrentSalesOrder","303132333232393230303237353632303035"
"01","0027562","010","232292","S","Stock","B41024","2014-10-24","","","","","EA","Stock","","","","","","","","12","77-3041","KUP14D15-24VDC","KUP14D15-24VDC:KUP14D15-24VDC","1","0","6","0","6","0","0","0","0","Open","true","false","false","Resolved","NotReferenced","NotReferenced","303132333232393230303237353632303130"
"01","0027562","015","232292","S","Stock","B41024","2014-10-24","","","","","EA","Stock","","","0110476","001148","0008912","050","","12","77-4001","SOCKET INLINE LAYOUT 27E342","30054-4:T23111","1","0","4","0","4","0","0","0","0","Open","true","false","false","Resolved","Resolved","MissingCurrentSalesOrder","303132333232393230303237353632303135"
"01","0027562","020","232292","S","Stock","B41024","2014-10-24","","","","","EA","Stock","","","","","","","","12","77-4001","SOCKET INLINE LAYOUT 27E342","30054-4:T23111","1","0","6","0","6","0","0","0","0","Open","true","false","false","Resolved","NotReferenced","NotReferenced","303132333232393230303237353632303230"
"01","0012292","005","288725","S","Stock","B50326","2015-03-26","","","","","EA","Stock","","","0110799","759050","0009088","010","","27","02-06-5103","MOLEX PIN FEMALE GOLD",":MOLEX PIN FEMALE GOLD","1","0","100","0","100","0","0","0","0","Open","true","false","false","Resolved","Resolved","MissingCurrentSalesOrder","303132383837323530303132323932303035"
"01","0027206","040","288725","S","Stock","B40703","2014-07-03","","","","","EA","Stock","","","","","","","","93","566-8451-100","BELDEN CABLE 2 PAIR 22AWG","8451010100:BELDEN CABLE 2 PAIR 22AWG","1","0","146","96","50","0","0","0","96","Open","true","false","false","Resolved","NotReferenced","NotReferenced","303132383837323530303237323036303430"
"01","0027208","010","288725","S","Stock","B40627","2014-06-27","","","","","EA","Stock","","","","","","","","27","102387-1","CONNECTOR 10PIN RT. ANGLE",":CONNECTOR 10PIN RT. ANGLE","1","0","2","1","1","0","0","0","1","Open","true","false","false","Resolved","NotReferenced","NotReferenced","303132383837323530303237323038303130"
"01","0027239","035","288725","S","Stock","B40707","2014-07-07","","","","","EA","Stock","","","","","","","","27","08-56-0110","TERMINAL MOLEX",":TERMINAL MOLEX","1","0","100","0","100","0","0","0","0","Open","true","false","false","Resolved","NotReferenced","NotReferenced","303132383837323530303237323339303335"
"01","0027300","035","288725","S","Stock","B40723","2014-07-23","","","","","EA","Stock","","","0110223","578350","0008783","010","","02","02-06-1103","SOCKET FEMALE, TERMINATION    MOLEX",":SOCKET FEMALE, TERMINATION    MOLEX","1","0","100","0","100","0","0","0","0","Open","true","false","false","Resolved","Resolved","MissingCurrentSalesOrder","303132383837323530303237333030303335"
"01","0027300","040","288725","S","Stock","B40723","2014-07-23","","","","","EA","Stock","","","0110224","578350","0008784","010","","02","02-06-1103","SOCKET FEMALE, TERMINATION    MOLEX",":SOCKET FEMALE, TERMINATION    MOLEX","1","0","400","0","400","0","0","0","0","Open","true","false","false","Resolved","Resolved","MissingCurrentSalesOrder","303132383837323530303237333030303430"
"01","0027300","045","288725","S","Stock","B40723","2014-07-23","","","","","EA","Stock","","","0110223","578350","0008783","010","","02","03-06-1023","03-06-1023 MOLEX RECEPTACLE   2 PIN CONNECTOR",":03-06-1023 MOLEX RECEPTACLE   2 PIN CON","1","0","50","0","50","0","0","0","0","Open","true","false","false","Resolved","Resolved","MissingCurrentSalesOrder","303132383837323530303237333030303435"
"01","0027300","050","288725","S","Stock","B40723","2014-07-23","","","","","EA","Stock","","","","","","","","02","03-06-1023","03-06-1023 MOLEX RECEPTACLE   2 PIN CONNECTOR",":03-06-1023 MOLEX RECEPTACLE   2 PIN CON","1","0","250","0","250","0","0","0","0","Open","true","false","false","Resolved","NotReferenced","NotReferenced","303132383837323530303237333030303530"
"01","0027300","065","288725","S","Stock","B40723","2014-07-23","","","","","EA","Stock","","","0110315","900015","0008822","010","","A2","2143-0081","TRM,QCKCON,FEM,18-22AWG","2-520182-2:TRM,QCKCON,FEM,18-22AWG","1","0","228","0","228","0","0","0","0","Open","true","false","false","Resolved","Resolved","MissingCurrentSalesOrder","303132383837323530303237333030303635"
"01","0027300","070","288725","S","Stock","B40723","2014-07-23","","","","","EA","Stock","","","","","","","","A2","2143-0081","TRM,QCKCON,FEM,18-22AWG","2-520182-2:TRM,QCKCON,FEM,18-22AWG","1","0","22","0","22","0","0","0","0","Open","true","false","false","Resolved","NotReferenced","NotReferenced","303132383837323530303237333030303730"
"01","0027300","080","288725","S","Stock","B40723","2014-07-23","","","","","EA","Stock","","","0110315","900015","0008822","010","","A2","6014-0008","LBL,SLFLAM,THRML TNFR,WHITE","PTL-31-427:LBL,SLFLAM,THRML TNFR,WHITE","1","0","1","0","1","0","0","0","0","Open","true","false","false","Resolved","Resolved","MissingCurrentSalesOrder","303132383837323530303237333030303830"
"01","0027541","005","288725","S","Stock","B41016","2014-10-16","","","","","EA","Stock","","","0110526","900022","0008936","010","","A4","102387-4","CONN. PLUG AMP",":CONN. PLUG AMP","1","0","51","50","1","0","0","0","50","Open","true","false","false","Resolved","Resolved","MissingCurrentSalesOrder","303132383837323530303237353431303035"
"01","0027994","025","288725","S","Stock","B50416","2015-04-16","","","","","EA","Stock","","","","","","","","12","PTL-16-423","BRADY ROLL 1.00 X .375",":BRADY ROLL 1.00 X .375","1","0","2","1","1","0","0","0","1","Open","true","false","false","Resolved","NotReferenced","NotReferenced","303132383837323530303237393934303235"
"01","0028545","020","288725","M","NonStock","B60211","2016-02-11","","","","","","","","","","","","","","12","","","S/O 9434","0","0","0","0","0","0","0","0","0","FullyReceivedPendingClose","false","false","false","NotApplicableNonStock","NotReferenced","NotReferenced","303132383837323530303238353435303230"
"01","0040579","005","288725","S","Stock","B80509","2018-05-09","","","","","EA","Stock","","","0113098","001161","0010307","070","","95","ED3324-ND","SOCKET DIP 24PIN","110-93-324-41-001000:SOCKET DIP 24PIN","1","0","12","0","12","0","0","0","12","Open","true","false","false","Resolved","Resolved","MissingCurrentSalesOrder","303132383837323530303430353739303035"
"01","0040579","010","288725","S","Stock","B80509","2018-05-09","","","","","EA","Stock","","","0113096","001161","0010307","050","","95","ED3324-ND","SOCKET DIP 24PIN","110-93-324-41-001000:SOCKET DIP 24PIN","1","0","15","0","15","0","0","0","15","Open","true","false","false","Resolved","Resolved","MissingCurrentSalesOrder","303132383837323530303430353739303130"
"01","0040579","015","288725","S","Stock","B80509","2018-05-09","","","","","EA","Stock","","","","","","","","95","ED3324-ND","SOCKET DIP 24PIN","110-93-324-41-001000:SOCKET DIP 24PIN","1","0","5","0","5","0","0","0","5","Open","true","false","false","Resolved","NotReferenced","NotReferenced","303132383837323530303430353739303135"
"01","0040579","020","288725","M","NonStock","B80509","2018-05-09","","","","","","","","","","","","","","95","","","STK","0","0","0","0","0","0","0","0","0","FullyReceivedPendingClose","false","false","false","NotApplicableNonStock","NotReferenced","NotReferenced","303132383837323530303430353739303230"
"01","0041641","005","288725","S","Stock","B90927","2019-09-27","","","","","EA","05A-315","","","0113656","001148","0010713","010","","12","77-3008","TERM SOLDER TURRET .187"".062""L","2505200440000070:TERM SOLDER TURRET .187","1","0","75","0","75","0","0","0","0","Open","true","false","false","Resolved","Resolved","MissingCurrentSalesOrder","303132383837323530303431363431303035"
"01","0041641","006","288725","S","Stock","B90927","2019-09-27","","","","","EA","05A-315","","","","","","","","12","77-3008","TERM SOLDER TURRET .187"".062""L","2505200440000070:TERM SOLDER TURRET .","1","0","425","0","425","0","0","0","0","Open","true","false","false","Resolved","NotReferenced","NotReferenced","303132383837323530303431363431303036"
"01","0045328","005","288725","S","Stock","C50225","2025-02-25","","","","","EA","Stock","","","","","","","","B0","DDMA50S","CONN D-SHELL CABLE MNT",":CONN D-SHELL CABLE MNT","1","0","1","0","1","0","0","0","0","Open","true","false","false","Resolved","NotReferenced","NotReferenced","303132383837323530303435333238303035"
"01","0027082","003","297438","S","Stock","B40714","2014-07-14","","","","","EA","Stock","","","0110098","946450","0008725","020","","39","CY62256L-70PC","NECKM62256DLP-7 32K X 8 DIP","CY62256NLL:NECKM62256DLP-7 32K X 8 DIP","1","0","2","0","2","0","0","0","0","Open","true","false","false","Resolved","Resolved","MissingCurrentSalesOrder","303132393734333830303237303832303033"
"01","0027082","004","297438","S","Stock","B40714","2014-07-14","","","","","EA","Stock","","","0110099","946450","0008725","030","","39","CY62256L-70PC","NECKM62256DLP-7 32K X 8 DIP","CY62256NLL:NECKM62256DLP-7 32K X 8 DIP","1","0","35","0","35","0","0","0","0","Open","true","false","false","Resolved","Resolved","MissingCurrentSalesOrder","303132393734333830303237303832303034"
"01","0027082","005","297438","S","Stock","B40714","2014-07-14","","","","","EA","Stock","","","","","","","","39","CY62256L-70PC","NECKM62256DLP-7 32K X 8 DIP","CY62256NLL:NECKM62256DLP-7 32K X 8 DIP","1","0","13","0","13","0","0","0","0","Open","true","false","false","Resolved","NotReferenced","NotReferenced","303132393734333830303237303832303035"
"01","0027082","006","297438","M","NonStock","B40519","2014-05-19","","","","","","","","","","","","","","39","","","CY62256NLL-70PXC","0","0","0","0","0","0","0","0","0","FullyReceivedPendingClose","false","false","false","NotApplicableNonStock","NotReferenced","NotReferenced","303132393734333830303237303832303036"
"01","0028191","015","297438","S","Stock","B50722","2015-07-22","","","","","EA","Stock","","","0111036","578350","0009213","","","02","Z84C2006PEG","ZILOG 6MHZ Z80 CMOS PIO 40-DIP","ZILOG:ZILOG","1","0","130","140","-10","0","0","0","140","OverReceivedOrReturn","false","false","false","Resolved","Resolved","MissingCurrentSalesOrder","303132393734333830303238313931303135"
"01","0028191","020","297438","S","Stock","B50722","2015-07-22","","","","","EA","Stock","","","","","","","","02","Z84C2006PEG","ZILOG 6MHZ Z80 CMOS PIO 40-DIP","ZILOG:ZILOG","1","0","10","0","10","0","0","0","0","Open","true","false","false","Resolved","NotReferenced","NotReferenced","303132393734333830303238313931303230"
"01","0028419","020","297438","S","Stock","B51023","2015-10-23","","","","","EA","Stock","","","","","","","","02","Z84C2006PEG","ZILOG 6MHZ Z80 CMOS PIO 40-DIP","ZILOG:ZILOG","1","0","210","210","0","0","0","0","210","FullyReceivedPendingClose","false","false","false","Resolved","NotReferenced","NotReferenced","303132393734333830303238343139303230"
"01","0028504","035","297438","S","Stock","B60420","2016-04-20","","","","","EA","Stock","","","0111392","578350","0009382","","","02","Z84C2006PEG","ZILOG 6MHZ Z80 CMOS PIO 40-DIP","ZILOG:ZILOG","1","0","100","0","100","0","0","0","0","Open","true","false","false","Resolved","Resolved","MissingCurrentSalesOrder","303132393734333830303238353034303335"
"01","0028504","040","297438","M","NonStock","B60118","2016-01-18","","","","","","","","","","","","","","02","","","VENDOR SENT MULTIPLE LINE ITEMS WRONG","0","0","0","0","0","0","0","0","0","FullyReceivedPendingClose","false","false","false","NotApplicableNonStock","NotReferenced","NotReferenced","303132393734333830303238353034303430"
"01","0028504","045","297438","M","NonStock","B60118","2016-01-18","","","","","","","","","","","","","","02","","","OVER SHIPPED Z84C3006PEG ; 100PCS 4/22","0","0","0","0","0","0","0","0","0","FullyReceivedPendingClose","false","false","false","NotApplicableNonStock","NotReferenced","NotReferenced","303132393734333830303238353034303435"
"01","0039556","005","297438","S","Stock","B70306","2017-03-06","","","","","EA","Stock","","","0112323","001249","0009815","010","","A3","R-78C5.0-1.0","CONV DC/DC 1A 5V OUT SIP VERT",":CONV DC/DC 1A 5V OUT SIP VERT","1","0","40","0","40","0","0","0","0","Open","true","false","false","Resolved","Resolved","MissingCurrentSalesOrder","303132393734333830303339353536303035"
"01","0039556","010","297438","S","Stock","B70306","2017-03-06","","","","","EA","Stock","","","","","","","","A3","R-78C5.0-1.0","CONV DC/DC 1A 5V OUT SIP VERT",":CONV DC/DC 1A 5V OUT SIP VERT","1","0","10","0","10","0","0","0","0","Open","true","false","false","Resolved","NotReferenced","NotReferenced","303132393734333830303339353536303130"
"01","0039556","015","297438","M","NonStock","B70306","2017-03-06","","","","","","","","","","","","","","A3","","","STOCK","0","0","0","0","0","0","0","0","0","FullyReceivedPendingClose","false","false","false","NotApplicableNonStock","NotReferenced","NotReferenced","303132393734333830303339353536303135"
"01","0045974","005","297438","S","Stock","C60327","2026-03-27","","","","","EA","Stock","","","","","","","","38","12-01950","CAP SMD TANT 100UF 16V 2917","TPSD107M016R0100:CAP SMD TANT 100UF 1","1","0","1000","0","1000","0","0","0","0","Open","true","false","false","Resolved","NotReferenced","NotReferenced","303132393734333830303435393734303035"
"01","0045974","010","297438","N","NonStock","C60327","2026-03-27","","","","","","","","","","","","","","38","TARIFF","CHARGE","","0","0","1","0","1","0","0","0","0","Open","true","false","false","NotApplicableNonStock","NotReferenced","NotReferenced","303132393734333830303435393734303130"
"01","0045974","015","297438","S","Stock","C60327","2026-03-27","","","","","EA","Stock","","","","","","","","38","12-01799","RES, SMD, 3.3 OHM, 2W, 5%-1%",":RES, SMD, 3.3 OHM, 2W, 5%-1%","1","0","1000","0","1000","0","0","0","0","Open","true","false","false","Resolved","NotReferenced","NotReferenced","303132393734333830303435393734303135"
"01","0045974","020","297438","N","NonStock","C60327","2026-03-27","","","","","","","","","","","","","","38","TARIFF","CHARGE","","0","0","1","0","1","0","0","0","0","Open","true","false","false","NotApplicableNonStock","NotReferenced","NotReferenced","303132393734333830303435393734303230"
"01","0045978","005","297438","S","Stock","C60331","2026-03-31","","","","","EA","Stock","","","","","","","","38","12-01772","CAP,SMD,0.1UFD,50V X7R 10%0805",":CAP,SMD,0.1UFD,50V X7R 10%0805","1","0","9000","0","9000","0","0","0","0","Open","true","false","false","Resolved","NotReferenced","NotReferenced","303132393734333830303435393738303035"
"01","0045978","010","297438","N","NonStock","C60331","2026-03-31","","","","","","","","","","","","","","38","TARIFF","CHARGE","","0","0","1","0","1","0","0","0","0","Open","true","false","false","NotApplicableNonStock","NotReferenced","NotReferenced","303132393734333830303435393738303130"
"01","0044734","005","316150","S","Stock","C40108","2024-01-08","","","","","EA","Stock","","","0115305","578350","0011763","010","","02","440BS031B1402-3A","EMI / RFI BACKSHELL",":EMI / RFI BACKSHELL","1","0","20","0","20","0","0","0","0","Open","true","false","false","Resolved","Resolved","MissingCurrentSalesOrder","303133313631353030303434373334303035"
"01","0044734","010","316150","S","Stock","C40108","2024-01-08","","","","","EA","Stock","","","0115305","578350","0011763","010","","02","440AS031B1402-3","EMI / RFI BACKSHELL           EMI/RFI BACKSHELL",":EMI / RFI BACKSHELL           EMI/RFI B","1","0","20","0","20","0","0","0","0","Open","true","false","false","Resolved","Resolved","MissingCurrentSalesOrder","303133313631353030303434373334303130"
"01","0000001","005","423887","S","Stock","C50210","2025-02-10","","","","","EA","Stock","","","","","","","","B0","M23053/5-307-9","INSUL SLEEVE HT SHRK  .375 ID","VERSAFIT-3/8-9-FSP:INSUL SLEEVE HT SHRK","1","0","400","0","400","0","0","0","0","Open","true","false","false","Resolved","NotReferenced","NotReferenced","303134323338383730303030303031303035"
"01","0000001","010","423887","S","Stock","C50210","2025-02-10","","","","","EA","Stock","","","","","","","","B0","M23053/5-107-9","SLEEVING SHRINK .37DIA",":SLEEVING SHRINK .37DIA","1","0","0.001","0","0.001","0","0","0","0","Open","true","false","false","Resolved","NotReferenced","NotReferenced","303134323338383730303030303031303130"
"01","0000001","020","423887","M","NonStock","250210","2025-02-10","","","","","","","","","","","","","","B0","","","DUAL RATED","0","0","0","0","0","0","0","0","0","FullyReceivedPendingClose","false","false","false","NotApplicableNonStock","NotReferenced","NotReferenced","303134323338383730303030303031303230"
"01","0027742","005","423887","S","Stock","B50114","2015-01-14","","","","","EA","Stock","","","","","","","","02","CWT-7","SHIELD TERMINATOR",":SHIELD TERMINATOR","1","0","70","60","10","0","0","0","60","Open","true","false","false","Resolved","NotReferenced","NotReferenced","303134323338383730303237373432303035"
"01","0038540","005","423887","S","Stock","B60115","2016-01-15","","","","","EA","Stock","","","0111329","578350","0009341","","","02","ST63-5-00","SOLDER SLEEVE",":SOLDER SLEEVE","1","0","150","0","150","0","0","0","0","Open","true","false","false","Resolved","Resolved","MissingCurrentSalesOrder","303134323338383730303338353430303035"
"01","0038540","010","423887","S","Stock","B60115","2016-01-15","","","","","EA","Stock","","","","","","","","02","ST63-5-00","SOLDER SLEEVE",":SOLDER SLEEVE","1","0","50","0","50","0","0","0","0","Open","true","false","false","Resolved","NotReferenced","NotReferenced","303134323338383730303338353430303130"
"01","0026635","011","549825","S","Stock","B40113","2014-01-13","","","","","EA","Stock","","","","","","","","12","77-3040","27E310 CUSTOM CONN CM11-XLPCB","27E310:27E310","1","0","9","7","2","0","0","0","7","Open","true","false","false","Resolved","NotReferenced","NotReferenced","303135343938323530303236363335303131"
"01","0026635","012","549825","M","NonStock","B31104","2013-11-04","","","","","","","","","","","","","","12","","","STOCK","0","0","0","0","0","0","0","0","0","FullyReceivedPendingClose","false","false","false","NotApplicableNonStock","NotReferenced","NotReferenced","303135343938323530303236363335303132"
"01","0027310","035","549825","S","Stock","B41122","2014-11-22","","","","","EA","Stock","","","","","","","","12","TP24001420D","XFRMR FS28-700","FS28-700:XFRMR FS28-700","1","0","85","65","20","0","0","0","65","Open","true","false","false","Resolved","NotReferenced","NotReferenced","303135343938323530303237333130303335"
"01","0027310","040","549825","M","NonStock","B40728","2014-07-28","","","","","","","","","","","","","","12","","","BLANKET -B/O ON ORDER - CALL TO RELEASE","0","0","0","0","0","0","0","0","0","FullyReceivedPendingClose","false","false","false","NotApplicableNonStock","NotReferenced","NotReferenced","303135343938323530303237333130303430"
"01","0027310","045","549825","M","NonStock","B40728","2014-07-28","","","","","","","","","","","","","","12","","","SHIPS FROM CA","0","0","0","0","0","0","0","0","0","FullyReceivedPendingClose","false","false","false","NotApplicableNonStock","NotReferenced","NotReferenced","303135343938323530303237333130303435"
"01","0027316","035","549825","S","Stock","B40729","2014-07-29","","","","","EA","Stock","","","","","","","","12","77-3646","RELAY GEN PURP T90N5D12-24VDC","T90N5D12-24VDC:REL T90N5D12-24VDC","1","0","38","3","35","0","0","0","3","Open","true","false","false","Resolved","NotReferenced","NotReferenced","303135343938323530303237333136303335"
"01","0027379","020","549825","S","Stock","B40818","2014-08-18","","","","","EA","Stock","","","","","","","","12","77-2322","CAP FILM 0.47UF 10% 1KVDC AXL","942C10P47K-F:CAP PP.5MF 600V","1","0","16","16","0","0","0","0","16","FullyReceivedPendingClose","false","false","false","Resolved","NotReferenced","NotReferenced","303135343938323530303237333739303230"
"01","0027594","020","549825","S","Stock","B50803","2015-08-03","","","","","EA","Stock","","","","","","","","12","77-4001","SOCKET INLINE LAYOUT 27E342","T23111(30054-5):T23111","1","0","60","47","13","0","0","0","47","Open","true","false","false","Resolved","NotReferenced","NotReferenced","303135343938323530303237353934303230"
"01","0027594","025","549825","M","NonStock","B41107","2014-11-07","","","","","","","","","","","","","","12","","","NEXT RELEASE T.B.A. - BUYER WILL CALL","0","0","0","0","0","0","0","0","0","FullyReceivedPendingClose","false","false","false","NotApplicableNonStock","NotReferenced","NotReferenced","303135343938323530303237353934303235"
"01","0027594","030","549825","M","NonStock","B41107","2014-11-07","","","","","","","","","","","","","","12","","","VENDOR TO REVISE ORDER.","0","0","0","0","0","0","0","0","0","FullyReceivedPendingClose","false","false","false","NotApplicableNonStock","NotReferenced","NotReferenced","303135343938323530303237353934303330"
"01","0027773","015","549825","S","Stock","B50430","2015-04-30","","","","","EA","Stock","","","","","","","","12","77-3040","27E310 CUSTOM CONN CM11-XLPCB","27E310:27E310","1","0","29","26","3","0","0","0","26","Open","true","false","false","Resolved","NotReferenced","NotReferenced","303135343938323530303237373733303135"
"01","0027773","020","549825","M","NonStock","B50203","2015-02-03","","","","","","","","","","","","","","12","","","CALL VENDOR FOR RELEASE","0","0","0","0","0","0","0","0","0","FullyReceivedPendingClose","false","false","false","NotApplicableNonStock","NotReferenced","NotReferenced","303135343938323530303237373733303230"
"01","0028352","010","549825","S","Stock","B51207","2015-12-07","","","","","EA","Stock","","","","","","","","12","77-2013","RLY SPDT 115VAC50/60HZ NI-4389","NI-4389:RLY SPDT 115VAC50/60HZ NI-4389","1","0","130","149","-19","0","0","0","149","OverReceivedOrReturn","false","false","false","Resolved","NotReferenced","NotReferenced","303135343938323530303238333532303130"
"01","0028352","015","549825","M","NonStock","B51002","2015-10-02","","","","","","","","","","","","","","12","","","BLANKET ORDER","0","0","0","0","0","0","0","0","0","FullyReceivedPendingClose","false","false","false","NotApplicableNonStock","NotReferenced","NotReferenced","303135343938323530303238333532303135"
"01","0028352","020","549825","S","Stock","B51207","2015-12-07","","","","","EA","Stock","","","0111286","001148","0009326","130","","12","77-2013","RLY SPDT 115VAC50/60HZ NI-4389","NI-4389:RLY SPDT 115VAC50/60HZ NI-4389","1","0","39","0","39","0","0","0","0","Open","true","false","false","Resolved","Resolved","MissingCurrentSalesOrder","303135343938323530303238333532303230"
"01","0028423","020","549825","S","Stock","B51023","2015-10-23","","","","","EA","Stock","","","","","","","","02","C320C390K2G5CA","CAP 39PF 200V 10% NPO",":CAP, 39pF,200V,10%,NPO","1","0","45","0","45","0","0","0","0","Open","true","false","false","Resolved","NotReferenced","NotReferenced","303135343938323530303238343233303230"
"01","0039471","025","549825","S","Stock","B70213","2017-02-13","","","","","EA","07B-80","","","","","","","","39","538-22-02-2085","CONN,8 PIN,RECEPT","22-02-2085:CONN,8 PIN,RECEPT","1","0","30","0","30","0","0","0","0","Open","true","false","false","Resolved","NotReferenced","NotReferenced","303135343938323530303339343731303235"
"01","0039560","015","549825","S","Stock","B71204","2017-12-04","","","","","EA","Stock","","","","","","","","02","30-37E","SWITCH PUSH SPST-NO 1A 115V","30-37-E:SWITCH PUSH SPST-NO","1","0","39","0","39","0","0","0","0","Open","true","false","false","Resolved","NotReferenced","NotReferenced","303135343938323530303339353630303135"
"01","0040959","005","549825","S","Stock","B81101","2018-11-01","","","","","EA","Stock","","","0113292","001082","0010446","010","","87","Z1-210","RELAY PANASONIC",":RELAY PANASONIC","1","0","25","0","25","0","0","0","0","Open","true","false","false","Resolved","Resolved","MissingCurrentSalesOrder","303135343938323530303430393539303035"
"01","0040959","010","549825","S","Stock","B81203","2018-12-03","","","","","EA","Stock","","","0113292","001082","0010446","010","","87","Z1-210","RELAY PANASONIC",":RELAY PANASONIC","1","0","50","0","50","0","0","0","0","Open","true","false","false","Resolved","Resolved","MissingCurrentSalesOrder","303135343938323530303430393539303130"
"01","0040959","015","549825","S","Stock","B81101","2018-11-01","","","","","EA","Stock","","","0113292","001082","0010446","010","","87","F2-188","HEADER,2 PIN, VERTICAL (DN60T)",":HEADER,2 PIN, VERTICAL (DN60T)","1","0","77","0","77","0","0","0","0","Open","true","false","false","Resolved","Resolved","MissingCurrentSalesOrder","303135343938323530303430393539303135"
"01","0040962","025","549825","S","Stock","B81024","2018-10-24","","","","","EA","06C-100","","","0113254","001148","0010422","050","","12","77-3646","RELAY GEN PURP T90N5D12-24VDC","T90N5D12-24VDC:RELAY GEN PURP T90N5","1","0","50","0","50","0","0","0","0","Open","true","false","false","Resolved","Resolved","MissingCurrentSalesOrder","303135343938323530303430393632303235"
"01","0040962","030","549825","S","Stock","B81024","2018-10-24","","","","","EA","06C-100","","","","","","","","12","77-3646","RELAY GEN PURP T90N5D12-24VDC","T90N5D12-24VDC:RELAY GEN PURP T90N5","1","0","5","0","5","0","0","0","0","Open","true","false","false","Resolved","NotReferenced","NotReferenced","303135343938323530303430393632303330"
"01","0040962","035","549825","M","NonStock","B81024","2018-10-24","","","","","","","","","","","","","","12","","","STK","0","0","0","0","0","0","0","0","0","FullyReceivedPendingClose","false","false","false","NotApplicableNonStock","NotReferenced","NotReferenced","303135343938323530303430393632303335"
"01","0041082","020","549825","S","Stock","B90103","2019-01-03","","","","","EA","15C-325","","","0113358","001238","0010489","010","","08","TMK316BBJ226ML-T","CAP MLCC 1206 25V X5R 22UF 20%",":CAP MLCC 1206 25V X5R 22UF 20%","1","0","500","447","53","0","0","0","447","Open","true","false","false","Resolved","Resolved","MissingCurrentSalesOrder","303135343938323530303431303832303230"
"01","0041807","005","549825","S","Stock","B91024","2019-10-24","","","","","EA","06C-150","","","0113715","001148","0010762","030","","12","TP12001420D","TRANSFORMER, 20VA / F28-700","F28-700:TRANSFORMER, 20VA /","1","0","25","25","0","0","0","0","25","FullyReceivedPendingClose","false","false","false","Resolved","Resolved","MissingCurrentSalesOrder","303135343938323530303431383037303035"
"01","0041807","010","549825","S","Stock","B91024","2019-10-24","","","","","EA","06C-150","","","0113740","001148","0010773","010","","12","TP12001420D","TRANSFORMER, 20VA / F28-700","F28-700:TRANSFORMER, 20VA /","1","0","6","6","0","0","0","0","6","FullyReceivedPendingClose","false","false","false","Resolved","Resolved","MissingCurrentSalesOrder","303135343938323530303431383037303130"
"01","0041807","015","549825","S","Stock","B91024","2019-10-24","","","","","EA","06C-150","","","0113772","001148","0010784","050","","12","TP12001420D","TRANSFORMER, 20VA / F28-700","F28-700:TRANSFORMER, 20VA /","1","0","20","20","0","0","0","0","20","FullyReceivedPendingClose","false","false","false","Resolved","Resolved","MissingCurrentSalesOrder","303135343938323530303431383037303135"
"01","0042092","025","549825","S","Stock","C00224","2020-02-24","","","","","EA","08A-200","","","0113801","578350","0010796","010","","02","22-29-2041","MOLEX HEADER .100 KK",":MOLEX HEADER .100 KK","1","0","50","0","50","0","0","0","0","Open","true","false","false","Resolved","Resolved","MissingCurrentSalesOrder","303135343938323530303432303932303235"
"01","0042092","030","549825","S","Stock","C00224","2020-02-24","","","","","EA","08A-200","","","0113901","578350","0010864","010","","02","22-29-2041","MOLEX HEADER .100 KK",":MOLEX HEADER .100 KK","1","0","5","0","5","0","0","0","0","Open","true","false","false","Resolved","Resolved","MissingCurrentSalesOrder","303135343938323530303432303932303330"
"01","0042092","035","549825","S","Stock","C00224","2020-02-24","","","","","EA","08A-200","","","","","","","","02","22-29-2041","MOLEX HEADER .100 KK",":MOLEX HEADER .100 KK","1","0","45","0","45","0","0","0","50","Open","true","false","false","Resolved","NotReferenced","NotReferenced","303135343938323530303432303932303335"
"01","0042234","005","549825","S","Stock","C00424","2020-04-24","","","","","EA","06C-75","","","0114000","001148","0010944","050","","12","77-2710","R10-E2-L2-115VAC","R10-E2-L2-115VAC:R10-E2-L2-115VAC","1","0","1","0","1","0","0","0","0","Open","true","false","false","Resolved","Resolved","MissingCurrentSalesOrder","303135343938323530303432323334303035"
"01","0042234","010","549825","S","Stock","C00424","2020-04-24","","","","","EA","06C-75","","","","","","","","12","77-2710","R10-E2-L2-115VAC","R10-E2-L2-115VAC:R10-E2-L2-115VAC","1","0","1","0","1","0","0","0","0","Open","true","false","false","Resolved","NotReferenced","NotReferenced","303135343938323530303432323334303130"
"01","0044931","005","549825","S","Stock","C40714","2024-07-14","","","","","EA","Stock","","","0115378","001030","0011863","010","","60","40-40619","RELAY","M39016/6-109L:RELAY","1","0","32","0","32","0","0","0","0","Open","true","false","false","Resolved","Resolved","MissingCurrentSalesOrder","303135343938323530303434393331303035"
"01","0044931","010","549825","S","Stock","C40714","2024-07-14","","","","","EA","Stock","","","0115379","001030","0011864","010","","60","40-40619","RELAY","M39016/6-109L:RELAY","1","0","32","0","32","0","0","0","0","Open","true","false","false","Resolved","Resolved","MissingCurrentSalesOrder","303135343938323530303434393331303130"
"01","0045089","005","549825","S","Stock","C41111","2024-11-11","","","","","EA","04C-370","","","","","","","","72","+GEPSP153-3","SS12ET10-2L14 SWITCH","SS12ET10-2L14:SS12ET10-2L14 SWITCH","1","0","48","0","48","0","0","0","0","Open","true","false","false","Resolved","NotReferenced","NotReferenced","303135343938323530303435303839303035"
"01","0045921","005","549825","S","Stock","C60210","2026-02-10","","","","","EA","04A-265","","","","","","","","72","CP000001","CAP FILM 0.1UF 10% 250VDC RAD",":CAP FILM 0.1UF 10% 250VDC RAD","1","0","134","115","19","0","0","0","0","Open","true","false","false","Resolved","NotReferenced","NotReferenced","303135343938323530303435393231303035"
"01","0046080","005","549825","S","Stock","C60611","2026-06-11","","","","","EA","Stock","","","0115570","001165","0012053","010","","31","JANTX1N4245","DIODE MICROSEMI",":DIODE MICROSEMI","1","0","195","194","1","0","0","0","0","Open","true","false","false","Resolved","Resolved","MissingCurrentSalesOrder","303135343938323530303436303830303035"
"01","0046136","005","549825","S","Stock","C60731","2026-07-31","","","","","EA","06C-155","","","0115610","001148","0012089","010","","12","TP24001420D","XFRMR FS28-700","FS28-700:XFRMR FS28-700","1","0","30","0","30","0","0","0","0","Open","true","false","false","Resolved","Resolved","Resolved","303135343938323530303436313336303035"
"01","0046136","010","549825","S","Stock","C60731","2026-07-31","","","","","EA","06C-155","","","","","","","","12","TP24001420D","XFRMR FS28-700","FS28-700:XFRMR FS28-700","1","0","10","0","10","0","0","0","0","Open","true","false","false","Resolved","NotReferenced","NotReferenced","303135343938323530303436313336303130"
"01","0046136","015","549825","N","NonStock","C60731","2026-07-31","","","","","","","","","","","","","","12","TARIFF","CHARGE","CHARGE 16.10%","0","0","1","0","1","0","0","0","0","Open","true","false","false","NotApplicableNonStock","NotReferenced","NotReferenced","303135343938323530303436313336303135"
"01","0267921","001","549825","S","Stock","B40113","2014-01-13","","","","","EA","Stock","","","0109899","001148","0008569","","","12","CE102B350EJH","ECA-1VHG102 CAP 1000UF 35V",":ECA-1VHG102 CAP 1000UF35V105DG","1","0","8","0","8","0","0","0","0","Open","true","false","false","Resolved","Resolved","MissingCurrentSalesOrder","303135343938323530323637393231303031"
"01","0267921","002","549825","S","Stock","B40113","2014-01-13","","","","","EA","Stock","","","0109924","001148","0008584","030","","12","CE102B350EJH","ECA-1VHG102 CAP 1000UF 35V",":ECA-1VHG102 CAP 1000UF35V105DG","1","0","6","0","6","0","0","0","0","Open","true","false","false","Resolved","Resolved","MissingCurrentSalesOrder","303135343938323530323637393231303032"
"01","0267921","003","549825","S","Stock","B40113","2014-01-13","","","","","EA","Stock","","","0109887","001148","0008551","","","12","CE102B350EJH","ECA-1VHG102 CAP 1000UF 35V",":ECA-1VHG102 CAP 1000UF35V105DG","1","0","86","0","86","0","0","0","0","Open","true","false","false","Resolved","Resolved","MissingCurrentSalesOrder","303135343938323530323637393231303033"
"01","0267921","004","549825","S","Stock","B40113","2014-01-13","","","","","EA","Stock","","","","","","","","12","CE102B350EJH","ECA-1VHG102 CAP 1000UF 35V",":ECA-1VHG102 CAP 1000UF35V105DG","1","0","50","0","50","0","0","0","0","Open","true","false","false","Resolved","NotReferenced","NotReferenced","303135343938323530323637393231303034"
"01","0267921","005","549825","S","Stock","B40113","2014-01-13","","","","","EA","Stock","","","0109886","001148","0008551","010","","12","CT105D350B03","199D105X9035AA1 35VDC,10%,1MF",":199D105X9035AA1 35VDC,10%,1MF","1","0","10","0","10","0","0","0","0","Open","true","false","false","Resolved","Resolved","MissingCurrentSalesOrder","303135343938323530323637393231303035"
"01","0267921","006","549825","S","Stock","B40113","2014-01-13","","","","","EA","Stock","","","","","","","","12","CT105D350B03","199D105X9035AA1 35VDC,10%,1MF",":199D105X9035AA1 35VDC,10%,1MF","1","0","190","0","190","0","0","0","0","Open","true","false","false","Resolved","NotReferenced","NotReferenced","303135343938323530323637393231303036"
"01","0028001","006","559850","S","Stock","B50720","2015-07-20","","","","","EA","Stock","","","","","","","","30","4-02-4608","TRANSFORMER",":TRANSFORMER","1","0","7000","3000","4000","0","0","0","3000","Open","true","false","false","Resolved","NotReferenced","NotReferenced","303135353938353030303238303031303036"
"01","0028001","010","559850","M","NonStock","B50720","2015-07-20","","","","","","","","","","","","","","30","","","LEAD TIME: 14 WKS","0","0","0","0","0","0","0","0","0","FullyReceivedPendingClose","false","false","false","NotApplicableNonStock","NotReferenced","NotReferenced","303135353938353030303238303031303130"
"01","0028001","015","559850","M","NonStock","B50720","2015-07-20","","","","","","","","","","","","","","30","","","REVISE THIS ORDER TO 1K PER RELEASE","0","0","0","0","0","0","0","0","0","FullyReceivedPendingClose","false","false","false","NotApplicableNonStock","NotReferenced","NotReferenced","303135353938353030303238303031303135"
"01","0040954","005","562250","S","Stock","B81019","2018-10-19","","","","","EA","Stock","","","","","","","","08","91772A146","SCREW #6-32X.375X.375 PH PHLPS",":SCREW #6-32X.375X.375 PH PHLPS","1","0","300","0","300","0","0","0","300","Open","true","false","false","Resolved","NotReferenced","NotReferenced","303135363232353030303430393534303035"
"01","0040954","010","562250","S","Stock","B81019","2018-10-19","","","","","EA","Stock","","","","","","","","08","98017A615","WASHER FL .143 ID 3/8""OD SS",":WASHER FL .143 ID 3/8""OD SS","1","0","500","0","500","0","0","0","500","Open","true","false","false","Resolved","NotReferenced","NotReferenced","303135363232353030303430393534303130"
"01","0040954","015","562250","S","Stock","B81019","2018-10-19","","","","","EA","Stock","","","","","","","","08","91757A103","WASHER INT TOOTH LCK #6 SS",":WASHER INT TOOTH LCK #6 SS","1","0","300","0","300","0","0","0","300","Open","true","false","false","Resolved","NotReferenced","NotReferenced","303135363232353030303430393534303135"
"01","0040954","020","562250","S","Stock","B81019","2018-10-19","","","","","EA","Stock","","","","","","","","08","91841A007","NUT, HEX",":NUT, HEX","1","0","300","0","300","0","0","0","300","Open","true","false","false","Resolved","NotReferenced","NotReferenced","303135363232353030303430393534303230"
"01","0040954","025","562250","M","NonStock","B81019","2018-10-19","","","","","","","","","","","","","","08","","","ALL FOR 3604-219-1","0","0","0","0","0","0","0","0","0","FullyReceivedPendingClose","false","false","false","NotApplicableNonStock","NotReferenced","NotReferenced","303135363232353030303430393534303235"
"01","0041558","001","562250","S","Stock","B90726","2019-07-26","","","","","EA","05C-105","","","0113601","001148","0010666","050","","12","WA0004D10","INT-TOOTH LOCK WASHER LOCK #4","92146A530:WASHER LOCK #4 / 04W","1","0","20","0","20","0","0","0","20","Open","true","false","false","Resolved","Resolved","MissingCurrentSalesOrder","303135363232353030303431353538303031"
"01","0041558","002","562250","S","Stock","B90726","2019-07-26","","","","","EA","05C-105","","","","","","","","12","WA0004D10","INT-TOOTH LOCK WASHER LOCK #4","92146A530:WASHER LOCK #4 / 04W","1","0","180","0","180","0","0","0","180","Open","true","false","false","Resolved","NotReferenced","NotReferenced","303135363232353030303431353538303032"
"01","0041558","003","562250","M","NonStock","B90726","2019-07-26","","","","","","","","","","","","","","12","","","STK","0","0","0","0","0","0","0","0","0","FullyReceivedPendingClose","false","false","false","NotApplicableNonStock","NotReferenced","NotReferenced","303135363232353030303431353538303033"
"01","0041558","004","562250","S","Stock","B90726","2019-07-26","","","","","EA","Stock","","","0113535","578350","0010614","030","","02","94639A202","SPACER",":SPACER","1","0","30","0","30","0","0","0","70","Open","true","false","false","Resolved","Resolved","MissingCurrentSalesOrder","303135363232353030303431353538303034"
"01","0041558","005","562250","S","Stock","B90726","2019-07-26","","","","","EA","Stock","","","","","","","","02","94639A202","SPACER",":SPACER","1","0","70","0","70","0","0","0","0","Open","true","false","false","Resolved","NotReferenced","NotReferenced","303135363232353030303431353538303035"
"01","0041558","006","562250","M","NonStock","B90726","2019-07-26","","","","","","","","","","","","","","02","","","STK SAFRAN","0","0","0","0","0","0","0","0","0","FullyReceivedPendingClose","false","false","false","NotApplicableNonStock","NotReferenced","NotReferenced","303135363232353030303431353538303036"
"01","0043693","005","562250","S","Stock","C20421","2022-04-21","","","","","EA","05C-25","","","0114972","001057","0011477","030","","72","+440X5/8PH","SCREW PH 4-40x5/8","91772A112:SCREW PH 4-40x5/8","1","0","30","0","30","0","0","0","0","Open","true","false","false","Resolved","Resolved","MissingCurrentSalesOrder","303135363232353030303433363933303035"
"01","0043693","010","562250","S","Stock","C20421","2022-04-21","","","","","EA","Stock","","","0114978","001057","0011482","010","","72","901005-0216251","SCREW PH 4-40 X 5/8"""" SS","91772A112:SCREW PH 4-40 X 5/8"""" SS","1","0","25","0","25","0","0","0","0","Open","true","false","false","Resolved","Resolved","MissingCurrentSalesOrder","303135363232353030303433363933303130"
"01","0043693","015","562250","S","Stock","C20421","2022-04-21","","","","","EA","05C-25","","","","","","","","72","+440X5/8PH","SCREW PH 4-40x5/8","91772A112:SCREW PH 4-40x5/8","1","0","45","0","45","0","0","0","0","Open","true","false","false","Resolved","NotReferenced","NotReferenced","303135363232353030303433363933303135"
"01","0043693","020","562250","S","Stock","C20421","2022-04-21","","","","","EA","06B-35","","","0114972","001057","0011477","030","","72","+GEA20175-5","INSULATOR (CUSTOM MADE)","8667K211:INSUL GLS EPXY .063THK G10","1","0","1","0","1","0","0","0","0","Open","true","false","false","Resolved","Resolved","MissingCurrentSalesOrder","303135363232353030303433363933303230"
"01","0043693","025","562250","S","Stock","C20421","2022-04-21","","","","","EA","Stock","","","0114971","001057","0011477","010","","72","8667K211","12X12"" FR4 .063 THK G10","8667K211:12X12"" FR4 .063 THK G10","1","0","1","0","1","0","0","0","0","Open","true","false","false","Resolved","Resolved","MissingCurrentSalesOrder","303135363232353030303433363933303235"
"01","0043693","030","562250","S","Stock","C20421","2022-04-21","","","","","EA","06B-35","","","0114978","001057","0011482","010","","72","GEA20175-5","INSULATOR (CUSTOM MADE)","8667K211:INSUL GLS EPXY .063THK G10","1","0","1","0","1","0","0","0","0","Open","true","false","false","Resolved","Resolved","MissingCurrentSalesOrder","303135363232353030303433363933303330"
"01","0043693","035","562250","S","Stock","C20421","2022-04-21","","","","","EA","Stock","","","0114972","001057","0011477","030","","72","8667K212","FR4/G10 12X12 SHT 0.09375""",":FR4/G10 12X12 SHT 0.09375""","1","0","1","0","1","0","0","0","0","Open","true","false","false","Resolved","Resolved","MissingCurrentSalesOrder","303135363232353030303433363933303335"
"01","0043693","040","562250","S","Stock","C20421","2022-04-21","","","","","EA","Stock","","","","","","","","72","8667K212","FR4/G10 12X12 SHT 0.09375""",":FR4/G10 12X12 SHT 0.09375""","1","0","1","0","1","0","0","0","0","Open","true","false","false","Resolved","NotReferenced","NotReferenced","303135363232353030303433363933303430"
"01","0043693","045","562250","S","Stock","C20421","2022-04-21","","","","","EA","Stock","","","0114972","001057","0011477","030","","72","+915026-1","GLUE STICK RTV732 CLEAR","7587A37:GLUE STICK RTV732 CL","1","0","2","0","2","0","0","0","0","Open","true","false","false","Resolved","Resolved","MissingCurrentSalesOrder","303135363232353030303433363933303435"
"01","0043693","050","562250","S","Stock","C20421","2022-04-21","","","","","EA","Stock","","","","","","","","01","SHIPPING","FEE",":FEE","1","0","1","0","1","0","0","0","0","Open","true","false","false","Resolved","NotReferenced","NotReferenced","303135363232353030303433363933303530"
"01","0043863","020","562250","S","Stock","C20630","2022-06-30","","","","","EA","Stock","","","0115030","001270","0011513","010","","B0","96278A411","10-32 KEP NUT",":10-32 KEP NUT","1","0","100","95","5","0","0","0","0","Open","true","false","false","Resolved","Resolved","MissingCurrentSalesOrder","303135363232353030303433383633303230"
"01","0044280","005","562250","S","Stock","C30228","2023-02-28","","","","","EA","Stock","","","","","","","","01","MR 315 GENERIC","UTHNE&STYRN SLN RLS MOLD RLS","1409K29:UTHNE&STYRN SLN RLS MOLD RLS","1","0","2","0","2","0","0","0","0","Open","true","false","false","Resolved","NotReferenced","NotReferenced","303135363232353030303434323830303035"
"01","0044280","010","562250","S","Stock","C30228","2023-02-28","","","","","EA","Stock","","","","","","","","01","MR 307","SPRAYON UTHNE&STYRN HVY DTY NR","1409K13:SPRAYON UTHNE&STYRN HVY DTY NR","1","0","1","0","1","0","0","0","0","Open","true","false","false","Resolved","NotReferenced","NotReferenced","303135363232353030303434323830303130"
"01","0044280","015","562250","S","Stock","C30228","2023-02-28","","","","","EA","Stock","","","","","","","","01","SHIPPING","FEE",":FEE","1","0","1","0","1","0","0","0","0","Open","true","false","false","Resolved","NotReferenced","NotReferenced","303135363232353030303434323830303135"
"01","0044382","005","562250","S","Stock","C30502","2023-05-02","","","","","EA","Stock","","","","","","","","01","91794A110","SCREW, #4-40 X .500"""", FILLIST",":SCREW, #4-40 X .500"""", FILLIST","1","0","100","0","100","0","0","0","0","Open","true","false","false","Resolved","NotReferenced","NotReferenced","303135363232353030303434333832303035"
"01","0044382","010","562250","S","Stock","C30502","2023-05-02","","","","","EA","Stock","","","","","","","","01","SHIPPING","FEE",":FEE","1","0","1","0","1","0","0","0","0","Open","true","false","false","Resolved","NotReferenced","NotReferenced","303135363232353030303434333832303130"
"01","0027274","030","586250","S","Stock","B50508","2015-05-08","","","","","EA","Stock","","","0110268","578350","0008796","010","","02","30-37E","SWITCH PUSH SPST-NO 1A 115V",":SWITCH (MAINT)","1","0","60","25","35","0","0","0","25","Open","true","false","false","Resolved","Resolved","MissingCurrentSalesOrder","303135383632353030303237323734303330"
"01","0027596","005","586250","S","Stock","B41107","2014-11-07","","","","","EA","Stock","","","0110538","900015","0008946","010","","A2","2118-1276","CON,HSG,PLG,2X3,LATCHNLOK,ROHS","649-74902-609LF:CON,HSG,PLG,2X3,LATCHNLO","1","0","22","19","3","0","0","0","19","Open","true","false","false","Resolved","Resolved","MissingCurrentSalesOrder","303135383632353030303237353936303035"
"01","0027596","010","586250","S","Stock","B41107","2014-11-07","","","","","EA","Stock","","","","","","","","A2","2118-1276","CON,HSG,PLG,2X3,LATCHNLOK,ROHS","649-74902-609LF:CON,HSG,PLG,2X3,LATCHNLO","1","0","28","0","28","0","0","0","0","Open","true","false","false","Resolved","NotReferenced","NotReferenced","303135383632353030303237353936303130"
"01","0027952","015","586250","S","Stock","B50409","2015-04-09","","","","","EA","Stock","","","0110713","001238","0009045","010","","08","SN74HC573APWRE4","IC, OCTAL D-TYPE LATCH,  3 STA",":IC, OCTAL D-TYPE LATCH,  3 STA","1","0","150","150","0","0","0","0","150","FullyReceivedPendingClose","false","false","false","Resolved","Resolved","MissingCurrentSalesOrder","303135383632353030303237393532303135"
"01","0038837","005","586250","S","Stock","B60603","2016-06-03","","","","","EA","Stock","","","0111778","001030","0009583","010","","60","CGA4J2X8R1H473K125AM","CAP CER 0.047UF 50V X8R 0805",":CAP CER 0.047UF 50V X8R 0805","1","0","30","0","30","0","0","0","30","Open","true","false","false","Resolved","Resolved","MissingCurrentSalesOrder","303135383632353030303338383337303035"
"01","0038837","010","586250","S","Stock","B60603","2016-06-03","","","","","EA","Stock","","","0111778","001030","0009583","010","","60","CGA4J3X7S2A474K125AB","CAP CER 0.47UF 100V X7S 0805",":CAP CER 0.47UF 100V X7S 0805","1","0","30","0","30","0","0","0","30","Open","true","false","false","Resolved","Resolved","MissingCurrentSalesOrder","303135383632353030303338383337303130"
"01","0038837","015","586250","S","Stock","B60603","2016-06-03","","","","","EA","Stock","","","0111778","001030","0009583","010","","60","BAV23C-7-F","DIO ARRAY GP 200V 400MA SOT23",":DIO ARRAY GP 200V 400MA SOT23","1","0","35","0","35","0","0","0","35","Open","true","false","false","Resolved","Resolved","MissingCurrentSalesOrder","303135383632353030303338383337303135"
"01","0038837","020","586250","S","Stock","B60603","2016-06-03","","","","","EA","Stock","","","0111778","001030","0009583","010","","60","1N4148W-7-F","DIODE 100V 150MA SOD-123","621-1N4148W-F:DIODE 100V 150MA SOD","1","0","100","0","100","0","0","0","100","Open","true","false","false","Resolved","Resolved","MissingCurrentSalesOrder","303135383632353030303338383337303230"
"01","0038837","025","586250","S","Stock","B60603","2016-06-03","","","","","EA","Stock","","","0111778","001030","0009583","010","","60","LM211D","COMPARATOR,4000 UV 200NS PDS08",":IC DIFF COMPARATOR 8-SOIC","1","0","5","0","5","0","0","0","5","Open","true","false","false","Resolved","Resolved","MissingCurrentSalesOrder","303135383632353030303338383337303235"
"01","0038837","030","586250","S","Stock","B60603","2016-06-03","","","","","EA","Stock","","","0111778","001030","0009583","010","","60","ERJ-14NF1501U","RES SMD 1.5K OHM 1% 1/2W 1210",":RES SMD 1.5K OHM 1% 1/2W 1210","1","0","35","0","35","0","0","0","35","Open","true","false","false","Resolved","Resolved","MissingCurrentSalesOrder","303135383632353030303338383337303330"
"01","0038837","035","586250","S","Stock","B60603","2016-06-03","","","","","EA","Stock","","","0111778","001030","0009583","010","","60","SMAJ33A-13-F","TVS DIO 33VWM 53.3VC SMA",":TVS DIO 33VWM 53.3VC SMA","1","0","30","0","30","0","0","0","30","Open","true","false","false","Resolved","Resolved","MissingCurrentSalesOrder","303135383632353030303338383337303335"
"01","0038844","005","586250","S","Stock","B60608","2016-06-08","","","","","EA","Stock","","","0111754","001082","0009571","030","","87","E9X004","FERRITE BEAD 120OHM .50A 0805","74279202:FERRITE BEAD 120OHM","1","0","250","0","250","0","0","0","250","Open","true","false","false","Resolved","Resolved","MissingCurrentSalesOrder","303135383632353030303338383434303035"
"01","0038844","010","586250","S","Stock","B60608","2016-06-08","","","","","EA","Stock","","","0111753","001082","0009571","010","","87","E9X004","FERRITE BEAD 120OHM .50A 0805","74279202:FERRITE BEAD 120OHM","1","0","130","0","130","0","0","0","130","Open","true","false","false","Resolved","Resolved","MissingCurrentSalesOrder","303135383632353030303338383434303130"
"01","0038844","015","586250","S","Stock","B60608","2016-06-08","","","","","EA","Stock","","","","","","","","87","E9X004","FERRITE BEAD 120OHM .50A 0805","74279202:FERRITE BEAD 120OHM","1","0","20","0","20","0","0","0","20","Open","true","false","false","Resolved","NotReferenced","NotReferenced","303135383632353030303338383434303135"
"01","0039657","005","586250","S","Stock","B70403","2017-04-03","","","","","EA","Stock","","","0112431","001082","0009878","","","87","B7X152","IC VREF SHUNT 5V SC70 .2% 6138","MAX6138BEXR50+T:IC VREF SHUNT 5V SC7","1","0","120","0","120","0","0","0","120","Open","true","false","false","Resolved","Resolved","MissingCurrentSalesOrder","303135383632353030303339363537303035"
"01","0039657","010","586250","S","Stock","B70403","2017-04-03","","","","","EA","Stock","","","","","","","","87","B7X152","IC VREF SHUNT 5V SC70 .2% 6138","MAX6138BEXR50+T:IC VREF SHUNT 5V SC7","1","0","5","0","5","0","0","0","5","Open","true","false","false","Resolved","NotReferenced","NotReferenced","303135383632353030303339363537303130"
"01","0039657","015","586250","M","NonStock","B70403","2017-04-03","","","","","","","","","","","","","","87","","","STOCK","0","0","0","0","0","0","0","0","0","FullyReceivedPendingClose","false","false","false","NotApplicableNonStock","NotReferenced","NotReferenced","303135383632353030303339363537303135"
"01","0040024","025","586250","S","Stock","B70922","2017-09-22","","","","","EA","Stock","","","0112711","001082","0010064","010","","87","B6X104","DIODE MMBD4448","MMBD4448:DIODE MMBD4448","1","0","620","0","620","0","0","0","0","Open","true","false","false","Resolved","Resolved","MissingCurrentSalesOrder","303135383632353030303430303234303235"
"01","0040624","010","586250","S","Stock","B80525","2018-05-25","","","","","EA","05A-330","","","","","","","","12","48-2694","EYELET 1/8"" DIA SE47","534-47:EYELET 1/8"" DIA SE47","1","0","300","207","93","0","0","0","0","Open","true","false","false","Resolved","NotReferenced","NotReferenced","303135383632353030303430363234303130"
"01","0040624","015","586250","M","NonStock","B80525","2018-05-25","","","","","","","","","","","","","","12","","","STK","0","0","0","0","0","0","0","0","0","FullyReceivedPendingClose","false","false","false","NotApplicableNonStock","NotReferenced","NotReferenced","303135383632353030303430363234303135"
"01","0040808","005","586250","S","Stock","B80829","2018-08-29","","","","","EA","03C-135","","","","","","","","12","77-3394","RES MO 7.5K 1W 5%(FLAMEPROOF)","ERJ-1SJ752:RES MO 7.5K 1W 5%(FLAMEPROOF)","1","0","50","0","50","0","0","0","0","Open","true","false","false","Resolved","NotReferenced","NotReferenced","303135383632353030303430383038303035"
"01","0040808","010","586250","M","NonStock","B80829","2018-08-29","","","","","","","","","","","","","","12","","","STK","0","0","0","0","0","0","0","0","0","FullyReceivedPendingClose","false","false","false","NotApplicableNonStock","NotReferenced","NotReferenced","303135383632353030303430383038303130"
"01","0040953","005","586250","S","Stock","B81025","2018-10-25","","","","","EA","Stock","","","","","","","","08","MOC3033SR2M","OPTOISOLATOR 4.17KV TRIAC 6SMD",":OPTOISOLATOR 4.17KV TRIAC 6SMD","1","0","100","0","100","0","0","0","0","Open","true","false","false","Resolved","NotReferenced","NotReferenced","303135383632353030303430393533303035"
"01","0040953","010","586250","S","Stock","B81025","2018-10-25","","","","","EA","Stock","","","","","","","","08","MAC223A8X,127","TRIAC 600V 20A TO220-3",":TRIAC 600V 20A TO220-3","1","0","101","0","101","0","0","0","0","Open","true","false","false","Resolved","NotReferenced","NotReferenced","303135383632353030303430393533303130"
"01","0040953","015","586250","S","Stock","B81025","2018-10-25","","","","","EA","Stock","","","","","","","","08","RC1206FR-07383RL","RES SMD 383 OHM 1% 1/4W 1206",":RES SMD 383 OHM 1% 1/4W 1206","1","0","130","0","130","0","0","0","0","Open","true","false","false","Resolved","NotReferenced","NotReferenced","303135383632353030303430393533303135"
"01","0040953","020","586250","S","Stock","B81025","2018-10-25","","","","","EA","Stock","","","","","","","","08","RCG12061K00FKEA","RES SMD 1K OHM 1% 1/4W 1206",":RES SMD 1K OHM 1% 1/4W 1206","1","0","130","0","130","0","0","0","0","Open","true","false","false","Resolved","NotReferenced","NotReferenced","303135383632353030303430393533303230"
"01","0040953","025","586250","S","Stock","B81025","2018-10-25","","","","","EA","Stock","","","","","","","","08","RC1206FR-07270RL","RES SMD 270 OHM 1% 1/4W 1206",":RES SMD 270 OHM 1% 1/4W 1206","1","0","130","0","130","0","0","0","0","Open","true","false","false","Resolved","NotReferenced","NotReferenced","303135383632353030303430393533303235"
"01","0040953","030","586250","M","NonStock","B81025","2018-10-25","","","","","","","","","","","","","","08","","","ALL FOR 3604-219-1","0","0","0","0","0","0","0","0","0","FullyReceivedPendingClose","false","false","false","NotApplicableNonStock","NotReferenced","NotReferenced","303135383632353030303430393533303330"
"01","0041383","004","586250","S","Stock","C00424","2020-04-24","","","","","EA","Stock","","","0113208","001165","0010391","010","","31","JANTX1N4245","DIODE MICROSEMI",":DIODE MICROSEMI","1","0","34","0","34","0","0","0","0","Open","true","false","false","Resolved","Resolved","MissingCurrentSalesOrder","303135383632353030303431333833303034"
"01","0041784","005","586250","S","Stock","B91017","2019-10-17","","","","","EA","Stock","","","0113747","565650","0010739","010","","38","400-900-038","TRANS,60V 0.6A TO-18","N22907A:TRANS,60V 0.6A TO-18","1","0","175","0","175","0","0","0","175","Open","true","false","false","Resolved","Resolved","MissingCurrentSalesOrder","303135383632353030303431373834303035"
"01","0042135","060","586250","S","Stock","C00317","2020-03-17","","","","","EA","Stock","","","0113930","001082","0010889","010","","87","VJ0805Y473KXABC31","CAP,CER.0.047UF,50V,10%,X7R",":CAP,CER.0.047UF,50V,10%,X7R","1","0","100","62","38","0","0","0","0","Open","true","false","false","Resolved","Resolved","MissingCurrentSalesOrder","303135383632353030303432313335303630"
"01","0042135","085","586250","S","Stock","C00317","2020-03-17","","","","","EA","Stock","","","0113941","001082","0010898","010","","87","VJ0805Y473KXABC31","CAP,CER.0.047UF,50V,10%,X7R",":CAP,CER.0.047UF,50V,10%,X7R","1","0","100","31","69","0","0","0","0","Open","true","false","false","Resolved","Resolved","MissingCurrentSalesOrder","303135383632353030303432313335303835"
"01","0042161","010","586250","S","Stock","C00320","2020-03-20","","","","","EA","Stock","","","","","","","","02","MS423-10-01","(DO NOT USE)P/N INCORRECT","N5040G:ALT BOOT, SWITCH N50","1","0","69","63","6","0","0","0","0","Open","true","false","false","Resolved","NotReferenced","NotReferenced","303135383632353030303432313631303130"
"01","0042457","015","586250","S","Stock","C10614","2021-06-14","","","","","EA","Stock","","","","","","","","30","XPCBLU-L1-0000-00W01","BLUE LED HIGH POWER- 625NM",":BLUE LED HIGH POWER- 625NM","1","0","2000","0","2000","0","0","0","0","Open","true","false","false","Resolved","NotReferenced","NotReferenced","303135383632353030303432343537303135"
"01","0042471","015","586250","S","Stock","C00104","2020-01-04","","","","","EA","Stock","","","0114195","001082","0011055","010","","87","LLS2D471MELZ","470 MFD 200V",":470 MFD 200V","1","0","540","0","540","0","0","0","0","Open","true","false","false","Resolved","Resolved","MissingCurrentSalesOrder","303135383632353030303432343731303135"
"01","0042471","020","586250","S","Stock","C01127","2020-11-27","","","","","EA","Stock","","","","001082","0011055","010","","87","LLS2D471MELY","CAP ALUM 470UF 20% 200V SNAP",":CAP ALUM 470UF 20% 200V SNAP","1","0","250","249","1","0","0","0","0","Open","true","false","false","Resolved","NotReferenced","MissingCurrentSalesOrder","303135383632353030303432343731303230"
"01","0042471","025","586250","M","NonStock","C01127","2020-11-27","","","","","","","","","","","","","","87","","","W/O: 114195","0","0","0","0","0","0","0","0","0","FullyReceivedPendingClose","false","false","false","NotApplicableNonStock","NotReferenced","NotReferenced","303135383632353030303432343731303235"
"01","0042606","005","586250","S","Stock","C01119","2020-11-19","","","","","EA","Stock","","","","","","","","02","1590EFBK","BOX ALUM BLACK 7.4""L X 4.72""W",":BOX ALUM BLACK 7.4""L X 4.72""W","1","0","2","0","2","0","0","0","0","Open","true","false","false","Resolved","NotReferenced","NotReferenced","303135383632353030303432363036303035"
"01","0042606","010","586250","M","NonStock","C01119","2020-11-19","","","","","","","","","","","","","","02","","","FOR TB76054-110","0","0","0","0","0","0","0","0","0","FullyReceivedPendingClose","false","false","false","NotApplicableNonStock","NotReferenced","NotReferenced","303135383632353030303432363036303130"
"01","0043115","005","586250","S","Stock","C10902","2021-09-02","","","","","EA","Stock","","","0114638","001082","0011280","010","","87","MAX6138BEXR50+T","IC VREF SHUNT 5V SC70 .2% 6138",":IC VREF SHUNT 5V SC70 .2% 6138","1","0","8","0","8","0","0","0","0","Open","true","false","false","Resolved","Resolved","MissingCurrentSalesOrder","303135383632353030303433313135303035"
"01","0043123","005","586250","S","Stock","C10805","2021-08-05","","","","","EA","MK","","","0114679","001082","0011300","010","","87","74279202","FERRITE BEAD 120OHM .50A 0805",":FERRITE BEAD 120OHM .50A 0805","1","0","140","0","140","0","0","0","0","Open","true","false","false","Resolved","Resolved","MissingCurrentSalesOrder","303135383632353030303433313233303035"
"01","0043179","005","586250","N","NonStock","C10826","2021-08-26","","","","","","","","","","","","","","01","MWDM2L-37NSM","CONN,MICRO-D SLDR CUP, PIN/37","CONN,MICRO-D SLDR CUP, PIN/37 CON 24 AWG","0","0","1","0","1","0","0","0","0","Open","true","false","false","NotApplicableNonStock","NotReferenced","NotReferenced","303135383632353030303433313739303035"
"01","0043179","010","586250","N","NonStock","C10826","2021-08-26","","","","","","","","","","","","","","01","MWDM2L-37TSB","CONN,MICRO-D,37 SKT 24 AWG SOL","CONN,MICRO-D,37 SKT 24 AWG SOLDR CUP","0","0","1","0","1","0","0","0","0","Open","true","false","false","NotApplicableNonStock","NotReferenced","NotReferenced","303135383632353030303433313739303130"
"01","0043179","020","586250","N","NonStock","C10826","2021-08-26","","","","","","","","","","","","","","01","MWDM2L-51NSP","","CONN,MICRO-D GLENAIR","0","0","1","0","1","0","0","0","0","Open","true","false","false","NotApplicableNonStock","NotReferenced","NotReferenced","303135383632353030303433313739303230"
"01","0043554","005","586250","N","NonStock","C20225","2022-02-25","","","","","EA","","","","","","","","","01","354152","","ERNIE CONNECTOR","0","0","2","0","2","0","0","0","0","Open","true","false","false","NotApplicableNonStock","NotReferenced","NotReferenced","303135383632353030303433353534303035"
"01","0043554","010","586250","N","NonStock","C20225","2022-02-25","","","","","EA","","","","","","","","","01","594178","","CONTACTS","0","0","10","0","10","0","0","0","0","Open","true","false","false","NotApplicableNonStock","NotReferenced","NotReferenced","303135383632353030303433353534303130"
"01","0043554","015","586250","S","Stock","C20225","2022-02-25","","","","","EA","Stock","","","0114935","001270","0011448","010","","B0","DF13-2630SCFA","CONN SOCKET 26-30AWG CRIMP GOL",":CONN SOCKET 26-30AWG CRIMP GOL","1","0","50","0","50","0","0","0","0","Open","true","false","false","Resolved","Resolved","MissingCurrentSalesOrder","303135383632353030303433353534303135"
"01","0043696","005","586250","S","Stock","C20428","2022-04-28","","","","","EA","Stock","","","0114999","001061","0011491","010","","14","60300-28","DIODE, 4.3V 1/2W","1N749A:DIODE, 4.3V 1/2W","1","0","22","0","22","0","0","0","0","Open","true","false","false","Resolved","Resolved","MissingCurrentSalesOrder","303135383632353030303433363936303035"
"01","0043696","010","586250","S","Stock","C20428","2022-04-28","","","","","EA","Stock","","","0114999","001061","0011491","010","","14","60400-07","TRANSISTOR","2N2222A:TRANSISTOR","1","0","63","0","63","0","0","0","0","Open","true","false","false","Resolved","Resolved","MissingCurrentSalesOrder","303135383632353030303433363936303130"
"01","0043713","015","586250","S","Stock","C20502","2022-05-02","","","","","EA","Stock","","","0114984","001270","0011485","090","","B0","DDM50P","CONN D-SUB PLUG 50P SLDR CUP",":CONN D-SUB PLUG 50P SLDR CUP","1","0","1","0","1","0","0","0","0","Open","true","false","false","Resolved","Resolved","MissingCurrentSalesOrder","303135383632353030303433373133303135"
"01","0043713","120","586250","S","Stock","C20502","2022-05-02","","","","","EA","Stock","","","0114996","001082","0011488","010","","87","CRCW251249R9FKEG","RES 49.9OHM 1W 1% 2512 SMD",":RES 49.9OHM 1W 1% 2512 SMD","1","0","100","0","100","0","0","0","0","Open","true","false","false","Resolved","Resolved","MissingCurrentSalesOrder","303135383632353030303433373133313230"
"01","0043725","040","586250","S","Stock","C20509","2022-05-09","","","","","EA","Stock","","","0115008","001082","0011494","010","","87","ERJ-8ENF1004V","TF RES 1206 1M OHM 1%",":TF RES 1206 1M OHM 1%","1","0","100","0","100","0","0","0","0","Open","true","false","false","Resolved","Resolved","MissingCurrentSalesOrder","303135383632353030303433373235303430"
"01","0043893","015","586250","S","Stock","C20715","2022-07-15","","","","","EA","Stock","","","0115076","001082","0011555","010","","87","CXT2222A","TRAN SOT89 2222A",":TRAN SOT89 2222A","1","0","40","0","40","0","0","0","0","Open","true","false","false","Resolved","Resolved","MissingCurrentSalesOrder","303135383632353030303433383933303135"
"01","0044084","040","586250","S","Stock","C21122","2022-11-22","","","","","EA","Stock","","","0115171","001082","0011620","010","","87","ERJ-6ENF1503V","RES 0805 1% 150K OHM 1/8W",":RES 0805 1% 150K OHM 1/8W","1","0","230","15","215","0","0","0","0","Open","true","false","false","Resolved","Resolved","MissingCurrentSalesOrder","303135383632353030303434303834303430"
"01","0044084","065","586250","S","Stock","C21122","2022-11-22","","","","","EA","Stock","","","0115176","001082","0011625","010","","87","CRCW25121K00JNEG","RES SMD 1K OHM 5% 1W 2512",":RES SMD 1K OHM 5% 1W 2512","1","0","120","0","120","0","0","0","0","Open","true","false","false","Resolved","Resolved","MissingCurrentSalesOrder","303135383632353030303434303834303635"
"01","0044133","010","586250","S","Stock","C21221","2022-12-21","","","","","EA","Stock","","","","","","","","08","C0805C104K5RAC7411","CAP SMT 50V 0.1uF X7R 0805 10%",":CAP SMT 50V 0.1uF X7R 0805 10%","1","0","120","100","20","0","0","0","0","Open","true","false","false","Resolved","NotReferenced","NotReferenced","303135383632353030303434313333303130"
"01","0044133","012","586250","M","NonStock","C21221","2022-12-21","","","","","","","","","","","","","","08","","","FOR: 3666-32-3","0","0","0","0","0","0","0","0","0","FullyReceivedPendingClose","false","false","false","NotApplicableNonStock","NotReferenced","NotReferenced","303135383632353030303434313333303132"
"01","0044171","050","586250","S","Stock","C30323","2023-03-23","","","","","EA","Stock","","","0115210","001270","0011651","170","","B0","1658622-4","CONNECTOR,20 POS,26-28 AWG",":CONNECTOR,20 POS,26-28 AWG","1","0","5","0","5","0","0","0","0","Open","true","false","false","Resolved","Resolved","MissingCurrentSalesOrder","303135383632353030303434313731303530"
"01","0044989","010","586250","S","Stock","C40619","2024-06-19","","","","","EA","04C-440","","","","","","","","12","ICM-314-1-GT","14PIN SOCKET  34/TUBE","ICM-314-1-GT-HT:14PIN SOCKET  34/TUB","1","0","67","65","2","0","0","0","0","Open","true","false","false","Resolved","NotReferenced","NotReferenced","303135383632353030303434393839303130"
"01","0045037","010","586250","S","Stock","C40723","2024-07-23","","","","","EA","Stock","","","0115395","001238","0011880","010","","08","BCS-113-L-S-HE","CONN RCPT 13 POS 0.100""""",":CONN RCPT 13 POS 0.100""""","1","0","26","0","26","0","0","0","0","Open","true","false","false","Resolved","Resolved","MissingCurrentSalesOrder","303135383632353030303435303337303130"
"01","0045475","005","586250","S","Stock","C51030","2025-10-30","","","","","EA","Stock","","","0115491","565650","0011979","010","","38","50-50225","CAP CER .1UF 100V 10% X7R","M39014/02-1350V:CAP CER .1UF 100V 10","1","0","25","0","25","0","0","0","0","Open","true","false","false","Resolved","Resolved","MissingCurrentSalesOrder","303135383632353030303435343735303035"
"01","0045475","010","586250","M","NonStock","C51030","2025-10-30","","","","","","","","","","","","","","38","","","CKR06BX104KRV","0","0","0","0","0","0","0","0","0","FullyReceivedPendingClose","false","false","false","NotApplicableNonStock","NotReferenced","NotReferenced","303135383632353030303435343735303130"
"01","0045884","020","586250","S","Stock","C60801","2026-08-01","","","","","EA","Stock","","","0115570","001165","0012053","010","","31","M15733/66-0001","1750 PF LOW PASS EMI FILTER","800-M1573366-0001:1750 PF LOW PASS EMI","1","0","60","0","60","0","0","0","0","Open","true","false","false","Resolved","Resolved","MissingCurrentSalesOrder","303135383632353030303435383834303230"
"01","0045884","025","586250","S","Stock","C60901","2026-09-01","","","","","EA","Stock","","","0115570","001165","0012053","010","","31","M15733/66-0001","1750 PF LOW PASS EMI FILTER","800-M1573366-0001:1750 PF LOW PASS EMI","1","0","58","0","58","0","0","0","0","Open","true","false","false","Resolved","Resolved","MissingCurrentSalesOrder","303135383632353030303435383834303235"
"01","0045884","030","586250","N","NonStock","C60901","2026-09-01","","","","","","","","","","","","","","31","TARIFF","CHARGE","CHARGE","0","0","1","0","1","0","0","0","0","Open","true","false","false","NotApplicableNonStock","NotReferenced","NotReferenced","303135383632353030303435383834303330"
"01","0046040","005","586250","S","Stock","C60506","2026-05-06","","","","","EA","Stock","","","0115591","565650","0012072","010","","38","50-50813","RES,NTWK,3.3K,X7,ISOL,DIP-1,2%",":RES,NTWK,3.3K,X7,ISOL,DIP-1,2%","1","0","13","0","13","0","0","0","0","Open","true","false","false","Resolved","Resolved","Resolved","303135383632353030303436303430303035"
"01","0046040","006","586250","S","Stock","C60506","2026-05-06","","","","","EA","Stock","","","0115592","565650","0012073","010","","38","50-50813","RES,NTWK,3.3K,X7,ISOL,DIP-1,2%",":RES,NTWK,3.3K,X7,ISOL,DIP-1,2%","1","0","12","0","12","0","0","0","0","Open","true","false","false","Resolved","Resolved","Resolved","303135383632353030303436303430303036"
"01","0046112","005","586250","S","Stock","C60717","2026-07-17","","","","","EA","Stock","","","0115608","001082","0012088","010","","87","T495X336K035ATE250","CAP 33UF 35V 10%",":CAP 33UF 35V 10%","1","0","130","0","130","0","0","0","0","Open","true","false","false","Resolved","Resolved","Resolved","303135383632353030303436313132303035"
"01","0046112","010","586250","N","NonStock","C60717","2026-07-17","","","","","","","","","","","","","","87","SHIPING","","CHARGE","0","0","1","0","1","0","0","0","0","Open","true","false","false","NotApplicableNonStock","NotReferenced","NotReferenced","303135383632353030303436313132303130"
"01","0046117","005","586250","S","Stock","C60720","2026-07-20","","","","","EA","Stock","","","0115614","001082","0012092","010","","87","UCC2813D-4","IC OFFLINE SWITCH MULT TOP 8SO",":IC OFFLINE SWITCH MULT TOP 8SO","1","0","102","0","102","0","0","0","0","Open","true","false","false","Resolved","Resolved","Resolved","303135383632353030303436313137303035"
"01","0046117","010","586250","S","Stock","C60720","2026-07-20","","","","","EA","Stock","","","0115614","001082","0012092","010","","87","LTV-826S","IC OPTP COUPLER 2CH DIP8",":IC OPTP COUPLER 2CH DIP8","1","0","101","0","101","0","0","0","0","Open","true","false","false","Resolved","Resolved","Resolved","303135383632353030303436313137303130"
"01","0046117","015","586250","S","Stock","C60720","2026-07-20","","","","","EA","Stock","","","0115614","001082","0012092","010","","87","TL431IDR","IC VREF SHUNT ADJ 8SOIC",":IC VREF SHUNT ADJ 8SOIC","1","0","102","0","102","0","0","0","0","Open","true","false","false","Resolved","Resolved","Resolved","303135383632353030303436313137303135"
"01","0046117","020","586250","S","Stock","C60720","2026-07-20","","","","","EA","Stock","","","0115614","001082","0012092","010","","87","IRFR120NTRPBF","MOSFET N-CH 100V 9.4A DPAK",":MOSFET N-CH 100V 9.4A DPAK","1","0","101","0","101","0","0","0","0","Open","true","false","false","Resolved","Resolved","Resolved","303135383632353030303436313137303230"
"01","0046117","025","586250","S","Stock","C60720","2026-07-20","","","","","EA","MK","","","0115614","001082","0012092","010","","87","MMBT2907A-7-F","TRANS PNP 60V 0.6A SOT23-3",":TRANS PNP 60V 0.6A SOT23-3","1","0","100","0","100","0","0","0","0","Open","true","false","false","Resolved","Resolved","Resolved","303135383632353030303436313137303235"
"01","0046117","030","586250","S","Stock","C60720","2026-07-20","","","","","EA","Stock","","","0115614","001082","0012092","010","","87","MMBZ5234B-7-F","DIODE ZENER 6.2V 350MW SOT23-3",":DIODE ZENER 6.2V 350MW SOT23-3","1","0","130","0","130","0","0","0","0","Open","true","false","false","Resolved","Resolved","Resolved","303135383632353030303436313137303330"
"01","0046117","035","586250","S","Stock","C60720","2026-07-20","","","","","EA","Stock","","","0115614","001082","0012092","010","","87","CMPZ5231B TR PBFREE","DIODE ZENER 5.1V 350MW SOT23",":DIODE ZENER 5.1V 350MW SOT23","1","0","100","0","100","0","0","0","0","Open","true","false","false","Resolved","Resolved","Resolved","303135383632353030303436313137303335"
"01","0046117","040","586250","S","Stock","C60720","2026-07-20","","","","","EA","Stock","","","0115614","001082","0012092","010","","87","C0805C103J1RACTU","CAP  0.01UF 100V X7R 0805 5%",":CAP  0.01UF 100V X7R 0805 5%","1","0","130","0","130","0","0","0","0","Open","true","false","false","Resolved","Resolved","Resolved","303135383632353030303436313137303430"
"01","0046117","045","586250","S","Stock","C60720","2026-07-20","","","","","EA","Stock","","","0115614","001082","0012092","010","","87","TPSD226M025R0200","CAP TANT 22UF 25V 20% 2917",":CAP TANT 22UF 25V 20% 2917","1","0","130","0","130","0","0","0","0","Open","true","false","false","Resolved","Resolved","Resolved","303135383632353030303436313137303435"
"01","0046117","050","586250","S","Stock","C60720","2026-07-20","","","","","EA","15C-125","","","0115614","001082","0012092","010","","87","C0805C104K3RACTU","CAP CER 0.1UF 25V 10% X7R 0805",":CAP CER 0.1UF 25V 10% X7R 0805","1","0","500","0","500","0","0","0","0","Open","true","false","false","Resolved","Resolved","Resolved","303135383632353030303436313137303530"
"01","0046117","055","586250","S","Stock","C60720","2026-07-20","","","","","EA","Stock","","","0115614","001082","0012092","010","","87","C0603C331K5RACTU","CAP CER 330PF 50V 10% X7R 0603",":CAP CER 330PF 50V 10% X7R 0603","1","0","130","0","130","0","0","0","0","Open","true","false","false","Resolved","Resolved","Resolved","303135383632353030303436313137303535"
"01","0046117","060","586250","S","Stock","C60720","2026-07-20","","","","","EA","Stock","","","0115614","001082","0012092","010","","87","C1206C473K5RACTU","CAPCER 0.047UF 50V 10%X7R 1206",":CAPCER 0.047UF 50V 10%X7R 1206","1","0","130","0","130","0","0","0","0","Open","true","false","false","Resolved","Resolved","Resolved","303135383632353030303436313137303630"
"01","0046117","065","586250","S","Stock","C60720","2026-07-20","","","","","EA","Stock","","","0115614","001082","0012092","010","","87","C1206C102K5RACTU","1000PF 50V X7R 10%",":1000PF 50V X7R 10%","1","0","130","0","130","0","0","0","0","Open","true","false","false","Resolved","Resolved","Resolved","303135383632353030303436313137303635"
"01","0046117","070","586250","S","Stock","C60720","2026-07-20","","","","","EA","Stock","","","0115614","001082","0012092","010","","87","CRCW0805432RFKTA","RES SMD 432 OHM 1% 1/8W 0805",":RES SMD 432 OHM 1% 1/8W 0805","1","0","130","0","130","0","0","0","0","Open","true","false","false","Resolved","Resolved","Resolved","303135383632353030303436313137303730"
"01","0046117","075","586250","S","Stock","C60720","2026-07-20","","","","","EA","Stock","","","0115614","001082","0012092","010","","87","ERJ-6ENF20R0V","RES SMD 20 OHM 1% 1/8W 0805",":RES SMD 20 OHM 1% 1/8W 0805","1","0","100","0","100","0","0","0","0","Open","true","false","false","Resolved","Resolved","Resolved","303135383632353030303436313137303735"
"01","0046117","080","586250","S","Stock","C60720","2026-07-20","","","","","EA","Stock","","","0115614","001082","0012092","010","","87","ERJ-14BQF1R5U","RES SMD 1.5 OHM 1% 1/2W 1210",":RES SMD 1.5 OHM 1% 1/2W 1210","1","0","230","0","230","0","0","0","0","Open","true","false","false","Resolved","Resolved","Resolved","303135383632353030303436313137303830"
"01","0046117","085","586250","S","Stock","C60720","2026-07-20","","","","","EA","15A-605 A","","","0115614","001082","0012092","010","","87","ERJ-6ENF2432V","RES SMD 24.3K OHM 1% 1/8W 0805",":RES SMD 24.3K OHM 1% 1/8W 0805","1","0","100","0","100","0","0","0","0","Open","true","false","false","Resolved","Resolved","Resolved","303135383632353030303436313137303835"
"01","0046117","090","586250","S","Stock","C60720","2026-07-20","","","","","EA","Stock","","","0115614","001082","0012092","010","","87","ERJ-6ENF1002V","RES SMD 10K OHM 1% 1/8W 0805",":RES SMD 10K OHM 1% 1/8W 0805","1","0","330","0","330","0","0","0","0","Open","true","false","false","Resolved","Resolved","Resolved","303135383632353030303436313137303930"
"01","0046117","095","586250","S","Stock","C60720","2026-07-20","","","","","EA","Stock","","","0115614","001082","0012092","010","","87","TPSD107M010R0100","CAP 100UF 10V 20% L ESR",":CAP 100UF 10V 20% L ESR","1","0","400","0","400","0","0","0","0","Open","true","false","false","Resolved","Resolved","Resolved","303135383632353030303436313137303935"
"01","0046117","100","586250","N","NonStock","C60720","2026-07-20","","","","","","","","","","","","","","87","TARIFF","CHARGE","CHARGE","0","0","1","0","1","0","0","0","0","Open","true","false","false","NotApplicableNonStock","NotReferenced","NotReferenced","303135383632353030303436313137313030"
"01","0046117","105","586250","N","NonStock","C60720","2026-07-20","","","","","","","","","","","","","","87","UPS GROUND","","CHARGE","0","0","1","0","1","0","0","0","0","Open","true","false","false","NotApplicableNonStock","NotReferenced","NotReferenced","303135383632353030303436313137313035"
"01","0046123","005","586250","S","Stock","C60723","2026-07-23","","","","","EA","Stock","","","","","","","","87","GRM188C71E225KE11D","CAP CER 2.2UF 25V X7S 0603",":CAP CER 2.2UF 25V X7S 0603","1","0","210","0","210","0","0","0","0","Open","true","false","false","Resolved","NotReferenced","NotReferenced","303135383632353030303436313233303035"
"01","0046123","010","586250","S","Stock","C60723","2026-07-23","","","","","EA","Stock","","","","","","","","87","GCM188R72A103KA37D","CAP CER 10000PF 100V X7R 0603",":CAP CER 10000PF 100V X7R 0603","1","0","40","0","40","0","0","0","0","Open","true","false","false","Resolved","NotReferenced","NotReferenced","303135383632353030303436313233303130"
"01","0046123","015","586250","S","Stock","C60723","2026-07-23","","","","","EA","Stock","","","","","","","","87","C0603C101J5GACTU","CAP, CER, 100pF, 50V, 10%, X7R",":CAP, CER, 100pF, 50V, 10%, X7R","1","0","40","0","40","0","0","0","0","Open","true","false","false","Resolved","NotReferenced","NotReferenced","303135383632353030303436313233303135"
"01","0046123","020","586250","S","Stock","C60723","2026-07-23","","","","","EA","Stock","","","","","","","","87","GCM188R72A102KA37D","CAP CER 1000PF 100V X7R 0603",":CAP CER 1000PF 100V X7R 0603","1","0","40","0","40","0","0","0","0","Open","true","false","false","Resolved","NotReferenced","NotReferenced","303135383632353030303436313233303230"
"01","0046123","025","586250","S","Stock","C60723","2026-07-23","","","","","EA","Stock","","","","","","","","87","GA0603A101JXAAC31G","CAP CER 100PF 50V C0G/NP0 0603",":CAP CER 100PF 50V C0G/NP0 0603","1","0","40","0","40","0","0","0","0","Open","true","false","false","Resolved","NotReferenced","NotReferenced","303135383632353030303436313233303235"
"01","0046123","030","586250","S","Stock","C60723","2026-07-23","","","","","EA","Stock","","","","","","","","87","06035A471JAT2A","CAP CERAMIC 470PF 50V C0G 5%",":CAP CERAMIC 470PF 50V C0G 5%","1","0","40","0","40","0","0","0","0","Open","true","false","false","Resolved","NotReferenced","NotReferenced","303135383632353030303436313233303330"
"01","0046123","035","586250","S","Stock","C60723","2026-07-23","","","","","EA","Stock","","","","","","","","87","C0603C100F3HACTU","CAP CER 10PF 25V X8R 0603",":CAP CER 10PF 25V X8R 0603","1","0","40","0","40","0","0","0","0","Open","true","false","false","Resolved","NotReferenced","NotReferenced","303135383632353030303436313233303335"
"01","0046123","040","586250","S","Stock","C60723","2026-07-23","","","","","EA","Stock","","","","","","","","87","CAA572X7R1H476M670LH","47 F 20% 50V Ceramic Capacitor",":47 F 20% 50V Ceramic Capacitor","1","0","25","0","25","0","0","0","0","Open","true","false","false","Resolved","NotReferenced","NotReferenced","303135383632353030303436313233303430"
"01","0046123","045","586250","S","Stock","C60723","2026-07-23","","","","","EA","Stock","","","","","","","","87","CD0603-B0340R","DIODE SCHOTTKY 40V 300MA 0603",":DIODE SCHOTTKY 40V 300MA 0603","1","0","100","0","100","0","0","0","0","Open","true","false","false","Resolved","NotReferenced","NotReferenced","303135383632353030303436313233303435"
"01","0046123","050","586250","S","Stock","C60723","2026-07-23","","","","","EA","Stock","","","","","","","","87","TS4148_RCG","ASK MJR ABOUT THE UNDERSCORE",":ASK MJR ABOUT THE UNDERSCORE","1","0","50","0","50","0","0","0","0","Open","true","false","false","Resolved","NotReferenced","NotReferenced","303135383632353030303436313233303530"
"01","0046123","055","586250","S","Stock","C60723","2026-07-23","","","","","EA","Stock","","","","","","","","87","LTST-C190GKT","LED GREEN CLEAR CHIP SMD",":LED GREEN CLEAR CHIP SMD","1","0","180","0","180","0","0","0","0","Open","true","false","false","Resolved","NotReferenced","NotReferenced","303135383632353030303436313233303535"
"01","0046123","060","586250","S","Stock","C60723","2026-07-23","","","","","EA","Stock","","","","","","","","87","0454012.MR","FUSE BRD MNT 12A 72VAC 60VDC S",":FUSE BRD MNT 12A 72VAC 60VDC S","1","0","64","0","64","0","0","0","0","Open","true","false","false","Resolved","NotReferenced","NotReferenced","303135383632353030303436313233303630"
"01","0046123","065","586250","S","Stock","C60723","2026-07-23","","","","","EA","Stock","","","","","","","","87","S2761-46R","PC TEST POINT TIN SMD  HARWIN",":PC TEST POINT TIN SMD  HARWIN","1","0","105","0","105","0","0","0","0","Open","true","false","false","Resolved","NotReferenced","NotReferenced","303135383632353030303436313233303635"
"01","0046123","070","586250","S","Stock","C60723","2026-07-23","","","","","EA","Stock","","","","","","","","87","NLFV25T-6R8M-EF","FIXED IND 6.8UH 175MA 350 MOHM",":FIXED IND 6.8UH 175MA 350 MOHM","1","0","50","0","50","0","0","0","0","Open","true","false","false","Resolved","NotReferenced","NotReferenced","303135383632353030303436313233303730"
"01","0046123","075","586250","S","Stock","C60723","2026-07-23","","","","","EA","Stock","","","","","","","","87","ZXTP2029FTA","TRANS PNP 100V 3A SOT-23-3",":TRANS PNP 100V 3A SOT-23-3","1","0","36","0","36","0","0","0","0","Open","true","false","false","Resolved","NotReferenced","NotReferenced","303135383632353030303436313233303735"
"01","0046123","080","586250","S","Stock","C60723","2026-07-23","","","","","EA","Stock","","","","","","","","87","2N2222AUB","TRANS NPN 50V 0.8A UB",":TRANS NPN 50V 0.8A UB","1","0","10","0","10","0","0","0","0","Open","true","false","false","Resolved","NotReferenced","NotReferenced","303135383632353030303436313233303830"
"01","0046123","085","586250","S","Stock","C60723","2026-07-23","","","","","EA","Stock","","","","","","","","87","RT0603BRE0720KL","RES SMD 20KOHM 0.1% 1/10W 0603",":RES SMD 20KOHM 0.1% 1/10W 0603","1","0","80","0","80","0","0","0","0","Open","true","false","false","Resolved","NotReferenced","NotReferenced","303135383632353030303436313233303835"
"01","0046123","090","586250","N","NonStock","C60723","2026-07-23","","","","","","","","","","","","","","87","TARIFF","CHARGE","CHARGE","0","0","1","0","1","0","0","0","0","Open","true","false","false","NotApplicableNonStock","NotReferenced","NotReferenced","303135383632353030303436313233303930"
"01","0046123","095","586250","N","NonStock","C60723","2026-07-23","","","","","","","","","","","","","","87","UPS GROUND","","CHARGE","0","0","1","0","1","0","0","0","0","Open","true","false","false","NotApplicableNonStock","NotReferenced","NotReferenced","303135383632353030303436313233303935"
"01","0046127","005","586250","S","Stock","C60724","2026-07-24","","","","","EA","Stock","","","","","","","","87","UMK107AB7105KA-T","CAP CER 1UF 50V X7R 0603",":CAP CER 1UF 50V X7R 0603","1","0","100","0","100","0","0","0","0","Open","true","false","false","Resolved","NotReferenced","NotReferenced","303135383632353030303436313237303035"
"01","0046127","010","586250","S","Stock","C60724","2026-07-24","","","","","EA","Stock","","","","","","","","87","GRM1885C1H102JA01D","CAP CER 1000PF 50V C0G/NP0 060",":CAP CER 1000PF 50V C0G/NP0 060","1","0","50","0","50","0","0","0","0","Open","true","false","false","Resolved","NotReferenced","NotReferenced","303135383632353030303436313237303130"
"01","0046127","015","586250","S","Stock","C60724","2026-07-24","","","","","EA","Stock","","","","","","","","87","GRT188C71E225KE13D","CAP CER 2.2UF 25V X7S 0603",":CAP CER 2.2UF 25V X7S 0603","1","0","50","0","50","0","0","0","0","Open","true","false","false","Resolved","NotReferenced","NotReferenced","303135383632353030303436313237303135"
"01","0046127","020","586250","S","Stock","C60724","2026-07-24","","","","","EA","Stock","","","","","","","","87","GA0603A101JXAAC31G","CAP CER 100PF 50V C0G/NP0 0603",":CAP CER 100PF 50V C0G/NP0 0603","1","0","50","0","50","0","0","0","0","Open","true","false","false","Resolved","NotReferenced","NotReferenced","303135383632353030303436313237303230"
"01","0046127","025","586250","S","Stock","C60724","2026-07-24","","","","","EA","Stock","","","","","","","","87","CC0603JRX7R8BB104","CAP CER 0.1UF 25V X7R 0603",":CAP CER 0.1UF 25V X7R 0603","1","0","50","0","50","0","0","0","0","Open","true","false","false","Resolved","NotReferenced","NotReferenced","303135383632353030303436313237303235"
"01","0046127","030","586250","S","Stock","C60724","2026-07-24","","","","","EA","Stock","","","","","","","","87","CD0603-B0340R","DIODE SCHOTTKY 40V 300MA 0603",":DIODE SCHOTTKY 40V 300MA 0603","1","0","100","0","100","0","0","0","0","Open","true","false","false","Resolved","NotReferenced","NotReferenced","303135383632353030303436313237303330"
"01","0046127","035","586250","S","Stock","C60724","2026-07-24","","","","","EA","Stock","","","","","","","","87","TS4148_RCG","ASK MJR ABOUT THE UNDERSCORE",":ASK MJR ABOUT THE UNDERSCORE","1","0","100","0","100","0","0","0","0","Open","true","false","false","Resolved","NotReferenced","NotReferenced","303135383632353030303436313237303335"
"01","0046127","040","586250","S","Stock","C60724","2026-07-24","","","","","EA","Stock","","","","","","","","87","S2761-46R","PC TEST POINT TIN SMD  HARWIN",":PC TEST POINT TIN SMD  HARWIN","1","0","150","0","150","0","0","0","0","Open","true","false","false","Resolved","NotReferenced","NotReferenced","303135383632353030303436313237303430"
"01","0046127","045","586250","S","Stock","C60724","2026-07-24","","","","","EA","Stock","","","","","","","","87","NLFV25T-6R8M-EF","FIXED IND 6.8UH 175MA 350 MOHM",":FIXED IND 6.8UH 175MA 350 MOHM","1","0","50","0","50","0","0","0","0","Open","true","false","false","Resolved","NotReferenced","NotReferenced","303135383632353030303436313237303435"
"01","0046127","050","586250","S","Stock","C60724","2026-07-24","","","","","EA","Stock","","","","","","","","87","ZXTP2029FTA","TRANS PNP 100V 3A SOT-23-3",":TRANS PNP 100V 3A SOT-23-3","1","0","36","0","36","0","0","0","0","Open","true","false","false","Resolved","NotReferenced","NotReferenced","303135383632353030303436313237303530"
"01","0046127","055","586250","S","Stock","C60724","2026-07-24","","","","","EA","Stock","","","","","","","","87","NVMFD5C650NLT1G","MOSFET 2N-CH 60V 21A 8DFN",":MOSFET 2N-CH 60V 21A 8DFN","1","0","22","0","22","0","0","0","0","Open","true","false","false","Resolved","NotReferenced","NotReferenced","303135383632353030303436313237303535"
"01","0046127","060","586250","S","Stock","C60724","2026-07-24","","","","","EA","Stock","","","","","","","","87","RMCF0603FT30R0","RES 30 OHM 1% 1/10W 0603",":RES 30 OHM 1% 1/10W 0603","1","0","40","0","40","0","0","0","0","Open","true","false","false","Resolved","NotReferenced","NotReferenced","303135383632353030303436313237303630"
"01","0046127","065","586250","S","Stock","C60724","2026-07-24","","","","","EA","Stock","","","","","","","","87","RT0603BRE0720KL","RES SMD 20KOHM 0.1% 1/10W 0603",":RES SMD 20KOHM 0.1% 1/10W 0603","1","0","120","0","120","0","0","0","0","Open","true","false","false","Resolved","NotReferenced","NotReferenced","303135383632353030303436313237303635"
"01","0046127","070","586250","S","Stock","C60724","2026-07-24","","","","","EA","Stock","","","","","","","","87","CSRF1206FT5L00","RES 0.005 OHM 1% 1W 1206",":RES 0.005 OHM 1% 1W 1206","1","0","40","0","40","0","0","0","0","Open","true","false","false","Resolved","NotReferenced","NotReferenced","303135383632353030303436313237303730"
"01","0046127","075","586250","S","Stock","C60724","2026-07-24","","","","","EA","Stock","","","","","","","","87","RC0603FR-074R99L","RES 4.99 OHM 1% 1/10W 0603",":RES 4.99 OHM 1% 1/10W 0603","1","0","50","0","50","0","0","0","0","Open","true","false","false","Resolved","NotReferenced","NotReferenced","303135383632353030303436313237303735"
"01","0046127","080","586250","S","Stock","C60724","2026-07-24","","","","","EA","Stock","","","","","","","","87","RC0603FR-071KL","RES 1K OHM 1% 1/10W 0603",":RES 1K OHM 1% 1/10W 0603","1","0","50","0","50","0","0","0","0","Open","true","false","false","Resolved","NotReferenced","NotReferenced","303135383632353030303436313237303830"
"01","0046127","085","586250","N","NonStock","C60724","2026-07-24","","","","","","","","","","","","","","87","TARIFF","CHARGE","CHARGE","0","0","1","0","1","0","0","0","0","Open","true","false","false","NotApplicableNonStock","NotReferenced","NotReferenced","303135383632353030303436313237303835"
"01","0046127","090","586250","N","NonStock","C60724","2026-07-24","","","","","","","","","","","","","","87","UPS GROUND","","CHARGE","0","0","1","0","1","0","0","0","0","Open","true","false","false","NotApplicableNonStock","NotReferenced","NotReferenced","303135383632353030303436313237303930"
"01","0447557","005","586250","S","Stock","C40123","2024-01-23","","","","","EA","Stock","","","0115336","565650","0011802","010","","38","12-01501","XSTR,SMD,NPN,MMBT2222ALT1G",":XSTR,SMD,NPN,MMBT2222ALT1G","1","0","2630","0","2630","0","0","0","0","Open","true","false","false","Resolved","Resolved","MissingCurrentSalesOrder","303135383632353030343437353537303035"
"01","0447557","010","586250","S","Stock","C40123","2024-01-23","","","","","EA","Stock","","","","","","","","38","12-01501","XSTR,SMD,NPN,MMBT2222ALT1G",":XSTR,SMD,NPN,MMBT2222ALT1G","1","0","370","0","370","0","0","0","0","Open","true","false","false","Resolved","NotReferenced","NotReferenced","303135383632353030343437353537303130"
"01","0447557","015","586250","S","Stock","C40123","2024-01-23","","","","","EA","Stock","","","0115336","565650","0011802","010","","38","12-01781","CR0805-10W-102JT",":CR0805-10W-102JT","1","0","1760","0","1760","0","0","0","0","Open","true","false","false","Resolved","Resolved","MissingCurrentSalesOrder","303135383632353030343437353537303135"
"01","0447557","020","586250","S","Stock","C40123","2024-01-23","","","","","EA","Stock","","","","","","","","38","12-01781","CR0805-10W-102JT",":CR0805-10W-102JT","1","0","3240","0","3240","0","0","0","0","Open","true","false","false","Resolved","NotReferenced","NotReferenced","303135383632353030343437353537303230"
"01","0447557","025","586250","N","NonStock","C40123","2024-01-23","","","","","","","","","","","","","","38","SHIPPING","FEE","CHARGE","0","0","1","0","1","0","0","0","0","Open","true","false","false","NotApplicableNonStock","NotReferenced","NotReferenced","303135383632353030343437353537303235"
"01","0026987","009","604338","S","Stock","B40403","2014-04-03","","","","","EA","Stock","","","0110036","001148","0008679","050","","12","77-4172","IC BUFF TRI-ST HEX N-INV 16DIP",":MC14503BCP HEX BFFR 3ST 20V","1","0","20","0","20","0","0","0","0","Open","true","false","false","Resolved","Resolved","MissingCurrentSalesOrder","303136303433333830303236393837303039"
"01","0027116","001","604338","S","Stock","B40530","2014-05-30","","","","","EA","Stock","","","","","","","","12","SAMPLES","NO CHARGE",":NO CHARGE","1","0","6","0","6","0","0","0","0","Open","true","false","false","Resolved","NotReferenced","NotReferenced","303136303433333830303237313136303031"
"01","0027116","002","604338","M","NonStock","B40530","2014-05-30","","","","","","","","","","","","","","12","","","357-044-520-202  FOR 77-2609","0","0","0","0","0","0","0","0","0","FullyReceivedPendingClose","false","false","false","NotApplicableNonStock","NotReferenced","NotReferenced","303136303433333830303237313136303032"
"01","0027148","026","604338","S","Stock","B40611","2014-06-11","","","","","EA","Stock","","","","","","","","12","77-3057","550-0407 LED RED INDKTR 20MA","550-0407F:550-0407 LED RED INDKTR 20MA","1","0","36","0","36","0","0","0","0","Open","true","false","false","Resolved","NotReferenced","NotReferenced","303136303433333830303237313438303236"
"01","0027216","030","604338","S","Stock","B40630","2014-06-30","","","","","EA","Stock","","","","","","","","12","77-2713","OPB CNTR KEY AMPHENOL #143953","PKC-156:OPB CNTR KEY AMPHENOL #143953","1","0","85","77","8","0","0","0","77","Open","true","false","false","Resolved","NotReferenced","NotReferenced","303136303433333830303237323136303330"
"01","0028098","051","604338","S","Stock","B50526","2015-05-26","","","","","EA","Stock","","","","","","","","93","0805B103K500BT","CAP, CER, X7R, 0.01uF 50V  10%",":CAP, CER, X7R, 0.01uF 50V  10%","1","0","50","0","50","0","0","0","0","Open","true","false","false","Resolved","NotReferenced","NotReferenced","303136303433333830303238303938303531"
"01","0028202","005","604338","S","Stock","B50723","2015-07-23","","","","","EA","Stock","","","0111051","001148","0009217","240","","12","77-2594","TVA1315-E CDE CAP 500UF 50V","TVA1315-E:TVA1315-E CDE CAP500UF50V85DG","1","0","10","0","10","0","0","0","0","Open","true","false","false","Resolved","Resolved","MissingCurrentSalesOrder","303136303433333830303238323032303035"
"01","0028202","010","604338","S","Stock","B50723","2015-07-23","","","","","EA","Stock","","","","","","","","12","77-2594","TVA1315-E CDE CAP 500UF 50V","TVA1315-E:TVA1315-E CDE CAP500UF50V85DG","1","0","10","0","10","0","0","0","0","Open","true","false","false","Resolved","NotReferenced","NotReferenced","303136303433333830303238323032303130"
"01","0028294","015","604338","S","Stock","B50827","2015-08-27","","","","","EA","Stock","","","","","","","","12","77-3344","CAP TANT 2.2UF 50V 10% RADIAL","TAP225K050SCS:199D225X9050CA2 TAP225K050","1","0","213","0","213","0","0","0","0","Open","true","false","false","Resolved","NotReferenced","NotReferenced","303136303433333830303238323934303135"
"01","0028377","015","604338","S","Stock","B51009","2015-10-09","","","","","EA","Stock","","","","","","","","12","77-2594","TVA1315-E CDE CAP 500UF 50V","TVA1315-E:TVA1315-E CDE CAP500UF50V85DG","1","0","4","3","1","0","0","0","0","Open","true","false","false","Resolved","NotReferenced","NotReferenced","303136303433333830303238333737303135"
"01","0028403","040","604338","S","Stock","B60613","2016-06-13","","","","","EA","Stock","","","","","","","","12","77-2594","TVA1315-E CDE CAP 500UF 50V","TVA1315-E:TVA1315-E CDE CAP500UF50V85DG","1","0","100","0","100","0","0","0","0","Open","true","false","false","Resolved","NotReferenced","NotReferenced","303136303433333830303238343033303430"
"01","0028403","045","604338","S","Stock","B60905","2016-09-05","","","","","EA","Stock","","","","","","","","12","77-2594","TVA1315-E CDE CAP 500UF 50V","TVA1315-E:TVA1315-E CDE CAP500UF50V85DG","1","0","100","0","100","0","0","0","0","Open","true","false","false","Resolved","NotReferenced","NotReferenced","303136303433333830303238343033303435"
"01","0038379","015","604338","S","Stock","B51006","2015-10-06","","","","","EA","Stock","","","0111262","001082","0009311","","","87","A1X344","CAP TANT 47UF 35V 10%2917","T491X476K035AT:CAP TANT 47UF 35V 10%2917","1","0","230","230","0","0","0","0","230","FullyReceivedPendingClose","false","false","false","Resolved","Resolved","MissingCurrentSalesOrder","303136303433333830303338333739303135"
"01","0038409","100","604338","S","Stock","B51106","2015-11-06","","","","","EA","Stock","","","0111346","001249","0009356","010","","A3","ATMEGA48-20AU","IC MCU 8BIT 4KB FLASH 32TQFP",":IC MCU 8BIT 4KB FLASH 32TQFP","1","0","50","48","2","0","0","0","48","Open","true","false","false","Resolved","Resolved","MissingCurrentSalesOrder","303136303433333830303338343039313030"
"01","0038530","005","604338","S","Stock","B60106","2016-01-06","","","","","EA","Stock","","","0111423","001238","0009402","","","08","DG403DYZ","IMPROVED DUAL HIGH SPEED ANALO",":IMPROVED DUAL HIGH SPEED ANALO","1","0","52","0","52","0","0","0","0","Open","true","false","false","Resolved","Resolved","MissingCurrentSalesOrder","303136303433333830303338353330303035"
"01","0039160","005","604338","S","Stock","B61014","2016-10-14","","","","","EA","Stock","","","0112014","001238","0009690","010","","08","CGA3E2C0G1H180J","CAP, CER, 18PF, 50V, 5% ,X7R,",":CAP, CER, 18PF, 50V, 20% ,X7R,","1","0","200","0","200","0","0","0","0","Open","true","false","false","Resolved","Resolved","MissingCurrentSalesOrder","303136303433333830303339313630303035"
"01","0039160","075","604338","S","Stock","B61014","2016-10-14","","","","","EA","Stock","","","0112014","001238","0009690","010","","08","LM3916N-1/NOPB","Dot/Bar Display Driver DIP18",":Dot/Bar Display Driver DIP18","1","0","41","0","41","0","0","0","0","Open","true","false","false","Resolved","Resolved","MissingCurrentSalesOrder","303136303433333830303339313630303735"
"01","0039349","010","604338","S","Stock","B61220","2016-12-20","","","","","EA","05A-35","","","","","","","","12","77-2612","BRER STRP REED# 6PCV-09","6PCV-09-006:BRER STRP REED# 6PCV","1","0","54","44","10","0","0","0","44","Open","true","false","false","Resolved","NotReferenced","NotReferenced","303136303433333830303339333439303130"
"01","0039502","030","604338","S","Stock","B70221","2017-02-21","","","","","EA","Stock","","","0112337","001238","0009824","010","","08","MRA4004","DIODE GEN PURP 400V 1A SMA","45J1687:DIODE GEN PURP 400V","1","0","80","0","80","0","0","0","0","Open","true","false","false","Resolved","Resolved","MissingCurrentSalesOrder","303136303433333830303339353032303330"
"01","0042149","005","604338","S","Stock","C00319","2020-03-19","","","","","EA","Stock","","","0113801","578350","0010796","010","","02","CRS-T0-1810","LUG SOLDER","14T2528:LUG SOLDER","1","0","450","0","450","0","0","0","0","Open","true","false","false","Resolved","Resolved","MissingCurrentSalesOrder","303136303433333830303432313439303035"
"01","0042149","010","604338","S","Stock","C00319","2020-03-19","","","","","EA","Stock","","","","","","","","02","CRS-T0-1810","LUG SOLDER","14T2528:LUG SOLDER","1","0","50","0","50","0","0","0","0","Open","true","false","false","Resolved","NotReferenced","NotReferenced","303136303433333830303432313439303130"
"01","0042149","015","604338","M","NonStock","C00319","2020-03-19","","","","","","","","","","","","","","02","","","STK","0","0","0","0","0","0","0","0","0","FullyReceivedPendingClose","false","false","false","NotApplicableNonStock","NotReferenced","NotReferenced","303136303433333830303432313439303135"
"01","0042351","005","604338","S","Stock","C00713","2020-07-13","","","","","EA","Stock","","","","","","","","00","STD3023-13","CAPACITOR,CERAMIC,1.5UF, KEMET",":CAPACITOR,CERAMIC,1.5UF, KEMET","1","0","250","0","250","0","0","0","0","Open","true","false","false","Resolved","NotReferenced","NotReferenced","303136303433333830303432333531303035"
"01","0042351","010","604338","S","Stock","C00713","2020-07-13","","","","","EA","Stock","","","","","","","","00","STD3008-78","RESISTOR,0.100 OHM,1/4 WA PANA",":RESISTOR,0.100 OHM,1/4 WA PANA","1","0","150","0","150","0","0","0","0","Open","true","false","false","Resolved","NotReferenced","NotReferenced","303136303433333830303432333531303130"
"01","0042717","005","604338","S","Stock","C10122","2021-01-22","","","","","EA","Stock","","","","","","","","B0","980-2000-349","BACKSHELL METAL 50 POS CONN IT",":BACKSHELL METAL 50 POS CONN IT","1","0","1","0","1","0","0","0","0","Open","true","false","false","Resolved","NotReferenced","NotReferenced","303136303433333830303432373137303035"
"01","0042717","010","604338","M","NonStock","C10122","2021-01-22","","","","","","","","","","","","","","B0","","","FOR:TD124583-1","0","0","0","0","0","0","0","0","0","FullyReceivedPendingClose","false","false","false","NotApplicableNonStock","NotReferenced","NotReferenced","303136303433333830303432373137303130"
"01","0042717","015","604338","S","Stock","C10122","2021-01-22","","","","","EA","Stock","","","","","","","","B0","M83519/1-3","SOLDER SLEEVE",":SOLDER SLEEVE","1","0","5","0","5","0","0","0","0","Open","true","false","false","Resolved","NotReferenced","NotReferenced","303136303433333830303432373137303135"
"01","0042717","020","604338","M","NonStock","C10122","2021-01-22","","","","","","","","","","","","","","B0","","","FOR: TD124583-1","0","0","0","0","0","0","0","0","0","FullyReceivedPendingClose","false","false","false","NotApplicableNonStock","NotReferenced","NotReferenced","303136303433333830303432373137303230"
"01","0042717","025","604338","S","Stock","C10122","2021-01-22","","","","","EA","Stock","","","","","","","","B0","M83519/1-3","SOLDER SLEEVE",":SOLDER SLEEVE","1","0","4","0","4","0","0","0","0","Open","true","false","false","Resolved","NotReferenced","NotReferenced","303136303433333830303432373137303235"
"01","0042717","030","604338","M","NonStock","C10122","2021-01-22","","","","","","","","","","","","","","B0","","","FOR: TD124268-1","0","0","0","0","0","0","0","0","0","FullyReceivedPendingClose","false","false","false","NotApplicableNonStock","NotReferenced","NotReferenced","303136303433333830303432373137303330"
"01","0043039","015","604338","S","Stock","C10701","2021-07-01","","","","","EA","04C-50","","","0114625","001148","0011271","010","","12","AP-1180","2N7000KL-TR1-E3 60V,XSTR,5 OHM",":2N7000KL-TR1-E3 60V,XSTR,5 OHM","1","0","5","0","5","0","0","0","0","Open","true","false","false","Resolved","Resolved","MissingCurrentSalesOrder","303136303433333830303433303339303135"
"01","0043039","020","604338","S","Stock","C10701","2021-07-01","","","","","EA","04C-50","","","","","","","","12","AP-1180","2N7000KL-TR1-E3 60V,XSTR,5 OHM",":2N7000KL-TR1-E3 60V,XSTR,5 OHM","1","0","495","0","495","0","0","0","0","Open","true","false","false","Resolved","NotReferenced","NotReferenced","303136303433333830303433303339303230"
"01","0043508","005","604338","S","Stock","C20218","2022-02-18","","","","","EA","Stock","","","0114924","001082","0011439","010","","87","MAX6138BEXR50+T","IC VREF SHUNT 5V SC70 .2% 6138",":IC VREF SHUNT 5V SC70 .2% 6138","1","0","52","51","1","0","0","0","0","Open","true","false","false","Resolved","Resolved","MissingCurrentSalesOrder","303136303433333830303433353038303035"
"01","0043645","015","604338","S","Stock","C20408","2022-04-08","","","","","EA","04C-45","","","0114926","001148","0011441","010","","12","AP-1294","XSTR SILCNX TN2404KL",":XSTR SILCNX TN2404KL","1","0","38","37","1","0","0","0","0","Open","true","false","false","Resolved","Resolved","MissingCurrentSalesOrder","303136303433333830303433363435303135"
"01","0045867","005","604338","S","Stock","C51223","2025-12-23","","","","","EA","06C-155","","","0115544","001148","0012034","010","","12","TP24001420D","XFRMR FS28-700",":XFRMR FS28-700","1","0","7","0","7","0","0","0","0","Open","true","false","false","Resolved","Resolved","MissingCurrentSalesOrder","303136303433333830303435383637303035"
"01","0045142","005","697850","S","Stock","C40930","2024-09-30","","","","","EA","Stock","","","0115422","578351","0011904","010","","02","MS24266R12B12S6","CONNECTOR, PLUG",":CONNECTOR, PLUG","1","0","2","0","2","0","0","0","0","Open","true","false","false","Resolved","Resolved","MissingCurrentSalesOrder","303136393738353030303435313432303035"
"01","0045142","010","697850","S","Stock","C40930","2024-09-30","","","","","EA","Stock","","","0115422","578351","0011904","010","","02","MS24266R12B12SN","CONNECTOR, PLUG",":CONNECTOR, PLUG","1","0","2","0","2","0","0","0","0","Open","true","false","false","Resolved","Resolved","MissingCurrentSalesOrder","303136393738353030303435313432303130"
"01","0045142","015","697850","S","Stock","C40930","2024-09-30","","","","","EA","Stock","","","0115422","578351","0011904","010","","02","MS27291-3","STRAIN RELIEF",":STRAIN RELIEF","1","0","2","0","2","0","0","0","0","Open","true","false","false","Resolved","Resolved","MissingCurrentSalesOrder","303136393738353030303435313432303135"
"01","0045142","020","697850","S","Stock","C40930","2024-09-30","","","","","EA","Stock","","","0115422","578351","0011904","010","","02","MS27291-2","STRAIN RELIEF",":STRAIN RELIEF","1","0","2","0","2","0","0","0","0","Open","true","false","false","Resolved","Resolved","MissingCurrentSalesOrder","303136393738353030303435313432303230"
"01","0012291","010","854250","S","Stock","A20603","2002-06-03","","","","","EA","","W","","0104358","","","","","02","41-802","RECEPTACLE, EB73D-A10SGFX DALE","","1","3","3","0","3","0","0","0","0","Open","true","false","false","Resolved","Resolved","NotReferenced","303138353432353030303132323931303130"
"01","0012291","011","854250","S","Stock","A20625","2002-06-25","","","","","EA","","W","","0104376","","","","","03","10-9004-01","ROX2 250K 1% T-00","","1","90","90","0","90","0","0","0","0","Open","true","false","false","Resolved","Resolved","NotReferenced","303138353432353030303132323931303131"
"01","0012291","012","854250","S","Stock","A20805","2002-08-05","","","","","EA","","W","","0104473","","","","","31","RNR55C1001F(S)","RES MF 1K OHM 1% 1/8W","","1","140","140","0","140","0","0","0","0","Open","true","false","false","Resolved","Resolved","NotReferenced","303138353432353030303132323931303132"
"01","0012291","013","854250","S","Stock","A30129","2003-01-29","","","","","EA","","W","","0104638","","","","","12","741A242H53","CW-5 3K OHM 5W 5%","","1","25","25","0","25","0","0","0","0","Open","true","false","false","Resolved","Resolved","NotReferenced","303138353432353030303132323931303133"
"01","0012291","014","854250","S","Stock","A30310","2003-03-10","","","","","EA","","W","","0104685","","","","","12","741A242H53","CW-5 3K OHM 5W 5%","","1","25","25","0","25","0","0","0","0","Open","true","false","false","Resolved","Resolved","NotReferenced","303138353432353030303132323931303134"
"01","0012291","015","854250","S","Stock","A30317","2003-03-17","","","","","EA","","W","","0104688","","","","","12","RLR07C9101GS","RES MF 9.1K 1/4W 2%","","1","25","25","0","25","0","0","0","0","Open","true","false","false","Resolved","Resolved","NotReferenced","303138353432353030303132323931303135"
"01","0012291","016","854250","S","Stock","A30421","2003-04-21","","","","","EA","","W","","0104729","","","","","12","741A242H53","CW-5 3K OHM 5W 5%","","1","25","25","0","25","0","0","0","0","Open","true","false","false","Resolved","Resolved","NotReferenced","303138353432353030303132323931303136"
"01","0012291","017","854250","S","Stock","A30421","2003-04-21","","","","","EA","","W","","0104741","","","","","12","CP-1273","DMMA-CS22K/.022MF360/600VAC 5%","","1","300","300","0","300","0","0","0","0","Open","true","false","false","Resolved","Resolved","NotReferenced","303138353432353030303132323931303137"
"01","0012291","018","854250","S","Stock","A30513","2003-05-13","","","","","EA","","W","","0104759","","","","","12","CC270C12GT","CAP 27 PF CERM","","1","4","4","0","4","0","0","0","0","Open","true","false","false","Resolved","Resolved","NotReferenced","303138353432353030303132323931303138"
"01","0012291","019","854250","S","Stock","A30513","2003-05-13","","","","","EA","","W","","0104761","","","","","12","CC270C12GT","CAP 27 PF CERM","","1","300","300","0","300","0","0","0","0","Open","true","false","false","Resolved","Resolved","NotReferenced","303138353432353030303132323931303139"
"01","0012291","020","854250","S","Stock","A30521","2003-05-21","","","","","EA","","W","","0104781","","","","","12","RLR07C9101GS","RES MF 9.1K 1/4W 2%","","1","25","25","0","25","0","0","0","0","Open","true","false","false","Resolved","Resolved","NotReferenced","303138353432353030303132323931303230"
"01","0012291","021","854250","S","Stock","A30529","2003-05-29","","","","","EA","","W","","0104783","","","","","12","77-3432","RN55C2373F,237K 1/8W 1% 200V","","1","25","25","0","25","0","0","0","0","Open","true","false","false","Resolved","Resolved","NotReferenced","303138353432353030303132323931303231"
"01","0012291","022","854250","S","Stock","A30529","2003-05-29","","","","","EA","","W","","0104783","","","","","12","CP-1273","DMMA-CS22K/.022MF360/600VAC 5%","","1","25","25","0","25","0","0","0","0","Open","true","false","false","Resolved","Resolved","NotReferenced","303138353432353030303132323931303232"
"01","0012291","023","854250","S","Stock","A30717","2003-07-17","","","","","EA","","W","","0104831","","","","","31","M39014/02-1419","CAP CER 1UF 50V BX RADIAL","","1","100","100","0","100","0","0","0","0","Open","true","false","false","Resolved","Resolved","NotReferenced","303138353432353030303132323931303233"
"01","0012291","024","854250","S","Stock","A30717","2003-07-17","","","","","EA","","W","","0104831","","","","","31","RNR55C1001F(S)","RES MF 1K OHM 1% 1/8W","","1","100","100","0","100","0","0","0","0","Open","true","false","false","Resolved","Resolved","NotReferenced","303138353432353030303132323931303234"
"01","0012291","025","854250","S","Stock","A30729","2003-07-29","","","","","EA","","W","","0104850","","","","","12","CC270C12GT","CAP 27 PF CERM","","1","150","150","0","150","0","0","0","0","Open","true","false","false","Resolved","Resolved","NotReferenced","303138353432353030303132323931303235"
"01","0012291","026","854250","S","Stock","A30731","2003-07-31","","","","","EA","","W","","0104858","","","","","12","CP-1273","DMMA-CS22K/.022MF360/600VAC 5%","","1","700","700","0","700","0","0","0","0","Open","true","false","false","Resolved","Resolved","NotReferenced","303138353432353030303132323931303236"
"01","0012291","027","854250","S","Stock","A30911","2003-09-11","","","","","EA","","W","","0104901","","","","","12","741A242H53","CW-5 3K OHM 5W 5%","","1","10","10","0","10","0","0","0","0","Open","true","false","false","Resolved","Resolved","NotReferenced","303138353432353030303132323931303237"
"01","0012291","028","854250","S","Stock","A30916","2003-09-16","","","","","EA","","W","","0104905","","","","","12","77-3432","RN55C2373F,237K 1/8W 1% 200V","","1","140","140","0","140","0","0","0","0","Open","true","false","false","Resolved","Resolved","NotReferenced","303138353432353030303132323931303238"
"01","0012291","029","854250","S","Stock","A30916","2003-09-16","","","","","EA","","W","","0104905","","","","","12","CP-1273","DMMA-CS22K/.022MF360/600VAC 5%","","1","140","140","0","140","0","0","0","0","Open","true","false","false","Resolved","Resolved","NotReferenced","303138353432353030303132323931303239"
"01","0012291","030","854250","S","Stock","A31030","2003-10-30","","","","","EA","","W","","0104938","","","","","12","CP-1273","DMMA-CS22K/.022MF360/600VAC 5%","","1","200","200","0","200","0","0","0","0","Open","true","false","false","Resolved","Resolved","NotReferenced","303138353432353030303132323931303330"
"01","0012291","031","854250","S","Stock","A31105","2003-11-05","","","","","EA","","W","","0104944","","","","","12","741A242H53","CW-5 3K OHM 5W 5%","","1","15","15","0","15","0","0","0","0","Open","true","false","false","Resolved","Resolved","NotReferenced","303138353432353030303132323931303331"
"01","0012291","032","854250","S","Stock","A40119","2004-01-19","","","","","EA","","W","","0105032","","","","","12","741A242H53","CW-5 3K OHM 5W 5%","","1","25","25","0","25","0","0","0","0","Open","true","false","false","Resolved","Resolved","NotReferenced","303138353432353030303132323931303332"
"01","0012291","033","854250","S","Stock","A40129","2004-01-29","","","","","EA","","W","","0105056","","","","","12","+RLR07C47R0GS","RES MF 47 OHM 1/4W 2% MILR3901","","1","50","50","0","50","0","0","0","0","Open","true","false","false","Resolved","Resolved","NotReferenced","303138353432353030303132323931303333"
"01","0012291","034","854250","S","Stock","A40219","2004-02-19","","","","","EA","","W","","0105073","","","","","12","CC270C12GT","CAP 27 PF CERM","","1","200","200","0","200","0","0","0","0","Open","true","false","false","Resolved","Resolved","NotReferenced","303138353432353030303132323931303334"
"01","0012291","035","854250","S","Stock","A40324","2004-03-24","","","","","EA","","W","","0105083","","","","","12","RE000003","CONN RTANGL HDR 23POS UL94V-0","","1","100","100","0","100","0","0","0","0","Open","true","false","false","Resolved","Resolved","NotReferenced","303138353432353030303132323931303335"
"01","0012291","036","854250","S","Stock","A40325","2004-03-25","","","","","EA","","W","","0105084","","","","","12","CC270C12GT","CAP 27 PF CERM","","1","100","100","0","100","0","0","0","0","Open","true","false","false","Resolved","Resolved","NotReferenced","303138353432353030303132323931303336"
"01","0012291","037","854250","S","Stock","A40415","2004-04-15","","","","","EA","","W","","0105093","","","","","12","CC270C12GT","CAP 27 PF CERM","","1","300","300","0","300","0","0","0","0","Open","true","false","false","Resolved","Resolved","NotReferenced","303138353432353030303132323931303337"
"01","0012291","038","854250","S","Stock","A40426","2004-04-26","","","","","EA","","W","","0105094","","","","","12","M39003/01-2292","CAP TANT 33UF 20V 10%","","1","11","11","0","11","0","0","0","0","Open","true","false","false","Resolved","Resolved","NotReferenced","303138353432353030303132323931303338"
"01","0012291","039","854250","S","Stock","A40511","2004-05-11","","","","","EA","","W","","0105124","","","","","12","M39003/01-2292","CAP TANT 33UF 20V 10%","","1","6","6","0","6","0","0","0","0","Open","true","false","false","Resolved","Resolved","NotReferenced","303138353432353030303132323931303339"
"01","0012291","040","854250","S","Stock","A40608","2004-06-08","","","","","EA","","W","","0105136","","","","","12","M39003/01-2292","CAP TANT 33UF 20V 10%","","1","14","14","0","14","0","0","0","0","Open","true","false","false","Resolved","Resolved","NotReferenced","303138353432353030303132323931303430"
"01","0012291","041","854250","S","Stock","A40722","2004-07-22","","","","","EA","","W","","0105172","","","","","12","M39003/01-2292","CAP TANT 33UF 20V 10%","","1","16","16","0","16","0","0","0","0","Open","true","false","false","Resolved","Resolved","NotReferenced","303138353432353030303132323931303431"
"01","0012291","042","854250","S","Stock","A40728","2004-07-28","","","","","EA","","W","","0105180","","","","","12","77-3432","RN55C2373F,237K 1/8W 1% 200V","","1","75","75","0","75","0","0","0","0","Open","true","false","false","Resolved","Resolved","NotReferenced","303138353432353030303132323931303432"
"01","0012291","043","854250","S","Stock","A40728","2004-07-28","","","","","EA","","W","","0105180","","","","","12","CP-1273","DMMA-CS22K/.022MF360/600VAC 5%","","1","75","75","0","75","0","0","0","0","Open","true","false","false","Resolved","Resolved","NotReferenced","303138353432353030303132323931303433"
"01","0012291","044","854250","S","Stock","A40810","2004-08-10","","","","","EA","","W","","0105193","","","","","12","77-3432","RN55C2373F,237K 1/8W 1% 200V","","1","25","25","0","25","0","0","0","0","Open","true","false","false","Resolved","Resolved","NotReferenced","303138353432353030303132323931303434"
"01","0012291","045","854250","S","Stock","A40810","2004-08-10","","","","","EA","","W","","0105193","","","","","12","CP-1273","DMMA-CS22K/.022MF360/600VAC 5%","","1","25","25","0","25","0","0","0","0","Open","true","false","false","Resolved","Resolved","NotReferenced","303138353432353030303132323931303435"
"01","0012291","046","854250","S","Stock","A40901","2004-09-01","","","","","EA","","W","","0105235","","","","","12","RLR07C9101GS","RES MF 9.1K 1/4W 2%","","1","6","6","0","6","0","0","0","0","Open","true","false","false","Resolved","Resolved","NotReferenced","303138353432353030303132323931303436"
"01","0012291","047","854250","S","Stock","A40902","2004-09-02","","","","","EA","","W","","0105236","","","","","12","CC270C12GT","CAP 27 PF CERM","","1","110","110","0","110","0","0","0","0","Open","true","false","false","Resolved","Resolved","NotReferenced","303138353432353030303132323931303437"
"01","0012291","048","854250","S","Stock","A40928","2004-09-28","","","","","EA","","W","","0105258","","","","","12","CC270C12GT","CAP 27 PF CERM","","1","70","70","0","70","0","0","0","0","Open","true","false","false","Resolved","Resolved","NotReferenced","303138353432353030303132323931303438"
"01","0012291","049","854250","S","Stock","A41007","2004-10-07","","","","","EA","","W","","0105268","","","","","12","CC270C12GT","CAP 27 PF CERM","","1","120","120","0","120","0","0","0","0","Open","true","false","false","Resolved","Resolved","NotReferenced","303138353432353030303132323931303439"
"01","0012291","050","854250","S","Stock","A41014","2004-10-14","","","","","EA","","W","","0105275","","","","","12","77-3432","RN55C2373F,237K 1/8W 1% 200V","","1","45","45","0","45","0","0","0","0","Open","true","false","false","Resolved","Resolved","NotReferenced","303138353432353030303132323931303530"
"01","0012291","051","854250","S","Stock","A41014","2004-10-14","","","","","EA","","W","","0105275","","","","","12","CP-1273","DMMA-CS22K/.022MF360/600VAC 5%","","1","45","45","0","45","0","0","0","0","Open","true","false","false","Resolved","Resolved","NotReferenced","303138353432353030303132323931303531"
"01","0012291","052","854250","S","Stock","A41014","2004-10-14","","","","","EA","","W","","0105276","","","","","12","M39003/01-2292","CAP TANT 33UF 20V 10%","","1","12","12","0","12","0","0","0","0","Open","true","false","false","Resolved","Resolved","NotReferenced","303138353432353030303132323931303532"
"01","0012291","053","854250","S","Stock","A41014","2004-10-14","","","","","EA","","W","","0105278","","","","","12","741A242H53","CW-5 3K OHM 5W 5%","","1","12","12","0","12","0","0","0","0","Open","true","false","false","Resolved","Resolved","NotReferenced","303138353432353030303132323931303533"
"01","0012291","054","854250","S","Stock","A41021","2004-10-21","","","","","EA","","W","","0105286","","","","","12","CP-1273","DMMA-CS22K/.022MF360/600VAC 5%","","1","268","268","0","268","0","0","0","0","Open","true","false","false","Resolved","Resolved","NotReferenced","303138353432353030303132323931303534"
"01","0012291","055","854250","S","Stock","A41029","2004-10-29","","","","","EA","","W","","0105302","","","","","12","77-3432","RN55C2373F,237K 1/8W 1% 200V","","1","20","20","0","20","0","0","0","0","Open","true","false","false","Resolved","Resolved","NotReferenced","303138353432353030303132323931303535"
"01","0012291","056","854250","S","Stock","A41029","2004-10-29","","","","","EA","","W","","0105302","","","","","12","CP-1273","DMMA-CS22K/.022MF360/600VAC 5%","","1","20","20","0","20","0","0","0","0","Open","true","false","false","Resolved","Resolved","NotReferenced","303138353432353030303132323931303536"
"01","0012291","057","854250","S","Stock","A41214","2004-12-14","","","","","EA","","W","","0105360","","","","","12","77-3432","RN55C2373F,237K 1/8W 1% 200V","","1","10","10","0","10","0","0","0","0","Open","true","false","false","Resolved","Resolved","NotReferenced","303138353432353030303132323931303537"
"01","0012291","058","854250","S","Stock","A41214","2004-12-14","","","","","EA","","W","","0105360","","","","","12","CP-1273","DMMA-CS22K/.022MF360/600VAC 5%","","1","10","10","0","10","0","0","0","0","Open","true","false","false","Resolved","Resolved","NotReferenced","303138353432353030303132323931303538"
"01","0012291","059","854250","S","Stock","A41214","2004-12-14","","","","","EA","","W","","0105361","","","","","12","CE477B250F10","CAP ELECTRICAL 470MFD 25VDC","","1","1","1","0","1","0","0","0","0","Open","true","false","false","Resolved","Resolved","NotReferenced","303138353432353030303132323931303539"
"01","0012291","060","854250","S","Stock","A50125","2005-01-25","","","","","EA","","W","","0105416","","","","","12","77-3432","RN55C2373F,237K 1/8W 1% 200V","","1","26","26","0","26","0","0","0","0","Open","true","false","false","Resolved","Resolved","NotReferenced","303138353432353030303132323931303630"
"01","0012291","061","854250","S","Stock","A50201","2005-02-01","","","","","EA","","W","","0105419","","","","","12","RE000003","CONN RTANGL HDR 23POS UL94V-0","","1","20","20","0","20","0","0","0","0","Open","true","false","false","Resolved","Resolved","NotReferenced","303138353432353030303132323931303631"
"01","0012291","062","854250","S","Stock","A50201","2005-02-01","","","","","EA","","W","","0105421","","","","","12","CE477B250F10","CAP ELECTRICAL 470MFD 25VDC","","1","1","1","0","1","0","0","0","0","Open","true","false","false","Resolved","Resolved","NotReferenced","303138353432353030303132323931303632"
"01","0012291","063","854250","S","Stock","A50218","2005-02-18","","","","","EA","","W","","0105440","","","","","12","77-3432","RN55C2373F,237K 1/8W 1% 200V","","1","26","26","0","26","0","0","0","0","Open","true","false","false","Resolved","Resolved","NotReferenced","303138353432353030303132323931303633"
"01","0012291","064","854250","S","Stock","A50218","2005-02-18","","","","","EA","","W","","0105440","","","","","12","CP-1273","DMMA-CS22K/.022MF360/600VAC 5%","","1","26","26","0","26","0","0","0","0","Open","true","false","false","Resolved","Resolved","NotReferenced","303138353432353030303132323931303634"
"01","0012291","065","854250","S","Stock","A50218","2005-02-18","","","","","EA","","W","","0105442","","","","","12","77-3432","RN55C2373F,237K 1/8W 1% 200V","","1","20","20","0","20","0","0","0","0","Open","true","false","false","Resolved","Resolved","NotReferenced","303138353432353030303132323931303635"
"01","0012291","066","854250","S","Stock","A50218","2005-02-18","","","","","EA","","W","","0105442","","","","","12","CP-1273","DMMA-CS22K/.022MF360/600VAC 5%","","1","20","20","0","20","0","0","0","0","Open","true","false","false","Resolved","Resolved","NotReferenced","303138353432353030303132323931303636"
"01","0012291","067","854250","S","Stock","A50304","2005-03-04","","","","","EA","","W","","0105460","","","","","12","77-3432","RN55C2373F,237K 1/8W 1% 200V","","1","20","20","0","20","0","0","0","0","Open","true","false","false","Resolved","Resolved","NotReferenced","303138353432353030303132323931303637"
"01","0012291","068","854250","S","Stock","A50304","2005-03-04","","","","","EA","","W","","0105460","","","","","12","CP-1273","DMMA-CS22K/.022MF360/600VAC 5%","","1","20","20","0","20","0","0","0","0","Open","true","false","false","Resolved","Resolved","NotReferenced","303138353432353030303132323931303638"
"01","0012291","069","854250","S","Stock","A50322","2005-03-22","","","","","EA","","W","","0105501","","","","","12","77-3432","RN55C2373F,237K 1/8W 1% 200V","","1","20","20","0","20","0","0","0","0","Open","true","false","false","Resolved","Resolved","NotReferenced","303138353432353030303132323931303639"
"01","0012291","070","854250","S","Stock","A50322","2005-03-22","","","","","EA","","W","","0105501","","","","","12","CP-1273","DMMA-CS22K/.022MF360/600VAC 5%","","1","20","20","0","20","0","0","0","0","Open","true","false","false","Resolved","Resolved","NotReferenced","303138353432353030303132323931303730"
"01","0012291","071","854250","S","Stock","A50322","2005-03-22","","","","","EA","","W","","0105506","","","","","12","77-3432","RN55C2373F,237K 1/8W 1% 200V","","1","10","10","0","10","0","0","0","0","Open","true","false","false","Resolved","Resolved","NotReferenced","303138353432353030303132323931303731"
"01","0012291","072","854250","S","Stock","A50322","2005-03-22","","","","","EA","","W","","0105506","","","","","12","CP-1273","DMMA-CS22K/.022MF360/600VAC 5%","","1","10","10","0","10","0","0","0","0","Open","true","false","false","Resolved","Resolved","NotReferenced","303138353432353030303132323931303732"
"01","0012291","073","854250","S","Stock","A50412","2005-04-12","","","","","EA","","W","","0105532","","","","","12","CE477B250F10","CAP ELECTRICAL 470MFD 25VDC","","1","3","3","0","3","0","0","0","0","Open","true","false","false","Resolved","Resolved","NotReferenced","303138353432353030303132323931303733"
"01","0012291","074","854250","S","Stock","A50418","2005-04-18","","","","","EA","","W","","0105550","","","","","12","CC270C12GT","CAP 27 PF CERM","","1","50","50","0","50","0","0","0","0","Open","true","false","false","Resolved","Resolved","NotReferenced","303138353432353030303132323931303734"
"01","0012291","075","854250","S","Stock","A50419","2005-04-19","","","","","EA","","W","","0105552","","","","","12","CE477B250F10","CAP ELECTRICAL 470MFD 25VDC","","1","5","5","0","5","0","0","0","0","Open","true","false","false","Resolved","Resolved","NotReferenced","303138353432353030303132323931303735"
"01","0012291","076","854250","S","Stock","A50419","2005-04-19","","","","","EA","","W","","0105553","","","","","12","CE477B250F10","CAP ELECTRICAL 470MFD 25VDC","","1","3","3","0","3","0","0","0","0","Open","true","false","false","Resolved","Resolved","NotReferenced","303138353432353030303132323931303736"
"01","0012291","077","854250","S","Stock","A50419","2005-04-19","","","","","EA","","W","","0105554","","","","","12","CE477B250F10","CAP ELECTRICAL 470MFD 25VDC","","1","5","5","0","5","0","0","0","0","Open","true","false","false","Resolved","Resolved","NotReferenced","303138353432353030303132323931303737"
"01","0012291","078","854250","S","Stock","A50503","2005-05-03","","","","","EA","","W","","0105573","","","","","12","CE477B250F10","CAP ELECTRICAL 470MFD 25VDC","","1","5","5","0","5","0","0","0","0","Open","true","false","false","Resolved","Resolved","NotReferenced","303138353432353030303132323931303738"
"01","0012291","079","854250","S","Stock","A50510","2005-05-10","","","","","EA","","W","","0105581","","","","","12","CE477B250F10","CAP ELECTRICAL 470MFD 25VDC","","1","5","5","0","5","0","0","0","0","Open","true","false","false","Resolved","Resolved","NotReferenced","303138353432353030303132323931303739"
"01","0012291","080","854250","S","Stock","A50510","2005-05-10","","","","","EA","","W","","0105583","","","","","12","CE477B250F10","CAP ELECTRICAL 470MFD 25VDC","","1","5","5","0","5","0","0","0","0","Open","true","false","false","Resolved","Resolved","NotReferenced","303138353432353030303132323931303830"
"01","0012291","081","854250","S","Stock","A50516","2005-05-16","","","","","EA","","W","","0105587","","","","","12","77-3432","RN55C2373F,237K 1/8W 1% 200V","","1","30","30","0","30","0","0","0","0","Open","true","false","false","Resolved","Resolved","NotReferenced","303138353432353030303132323931303831"
"01","0012291","082","854250","S","Stock","A50516","2005-05-16","","","","","EA","","W","","0105587","","","","","12","CP-1273","DMMA-CS22K/.022MF360/600VAC 5%","","1","30","30","0","30","0","0","0","0","Open","true","false","false","Resolved","Resolved","NotReferenced","303138353432353030303132323931303832"
"01","0012291","083","854250","S","Stock","A50524","2005-05-24","","","","","EA","","W","","0105595","","","","","12","CC270C12GT","CAP 27 PF CERM","","1","30","30","0","30","0","0","0","0","Open","true","false","false","Resolved","Resolved","NotReferenced","303138353432353030303132323931303833"
"01","0012291","084","854250","S","Stock","A50603","2005-06-03","","","","","EA","","W","","0105606","","","","","12","77-3432","RN55C2373F,237K 1/8W 1% 200V","","1","20","20","0","20","0","0","0","0","Open","true","false","false","Resolved","Resolved","NotReferenced","303138353432353030303132323931303834"
"01","0012291","085","854250","S","Stock","A50603","2005-06-03","","","","","EA","","W","","0105606","","","","","12","CP-1273","DMMA-CS22K/.022MF360/600VAC 5%","","1","20","20","0","20","0","0","0","0","Open","true","false","false","Resolved","Resolved","NotReferenced","303138353432353030303132323931303835"
"01","0012291","086","854250","S","Stock","A50606","2005-06-06","","","","","EA","","W","","0105621","","","","","12","CC270C12GT","CAP 27 PF CERM","","1","40","40","0","40","0","0","0","0","Open","true","false","false","Resolved","Resolved","NotReferenced","303138353432353030303132323931303836"
"01","0012291","087","854250","S","Stock","A50613","2005-06-13","","","","","EA","","W","","0105628","","","","","12","CE477B250F10","CAP ELECTRICAL 470MFD 25VDC","","1","3","3","0","3","0","0","0","0","Open","true","false","false","Resolved","Resolved","NotReferenced","303138353432353030303132323931303837"
"01","0012291","088","854250","S","Stock","A50622","2005-06-22","","","","","EA","","W","","0105637","","","","","12","CE477B250F10","CAP ELECTRICAL 470MFD 25VDC","","1","5","5","0","5","0","0","0","0","Open","true","false","false","Resolved","Resolved","NotReferenced","303138353432353030303132323931303838"
"01","0012291","089","854250","S","Stock","A50622","2005-06-22","","","","","EA","","W","","0105638","","","","","12","CC270C12GT","CAP 27 PF CERM","","1","100","100","0","100","0","0","0","0","Open","true","false","false","Resolved","Resolved","NotReferenced","303138353432353030303132323931303839"
"01","0012291","090","854250","S","Stock","A50629","2005-06-29","","","","","EA","","W","","0105646","","","","","12","77-3432","RN55C2373F,237K 1/8W 1% 200V","","1","20","20","0","20","0","0","0","0","Open","true","false","false","Resolved","Resolved","NotReferenced","303138353432353030303132323931303930"
"01","0012291","091","854250","S","Stock","A50629","2005-06-29","","","","","EA","","W","","0105646","","","","","12","CP-1273","DMMA-CS22K/.022MF360/600VAC 5%","","1","20","20","0","20","0","0","0","0","Open","true","false","false","Resolved","Resolved","NotReferenced","303138353432353030303132323931303931"
"01","0012291","092","854250","S","Stock","A50708","2005-07-08","","","","","EA","","W","","0105656","","","","","12","CC270C12GT","CAP 27 PF CERM","","1","30","30","0","30","0","0","0","0","Open","true","false","false","Resolved","Resolved","NotReferenced","303138353432353030303132323931303932"
"01","0012291","093","854250","S","Stock","A50713","2005-07-13","","","","","EA","","W","","0105662","","","","","12","CP-1273","DMMA-CS22K/.022MF360/600VAC 5%","","1","125","125","0","125","0","0","0","0","Open","true","false","false","Resolved","Resolved","NotReferenced","303138353432353030303132323931303933"
"01","0012291","094","854250","S","Stock","A50719","2005-07-19","","","","","EA","","W","","0105668","","","","","12","77-3432","RN55C2373F,237K 1/8W 1% 200V","","1","20","20","0","20","0","0","0","0","Open","true","false","false","Resolved","Resolved","NotReferenced","303138353432353030303132323931303934"
"01","0012291","095","854250","S","Stock","A50719","2005-07-19","","","","","EA","","W","","0105668","","","","","12","CP-1273","DMMA-CS22K/.022MF360/600VAC 5%","","1","20","20","0","20","0","0","0","0","Open","true","false","false","Resolved","Resolved","NotReferenced","303138353432353030303132323931303935"
"01","0012291","096","854250","S","Stock","A50816","2005-08-16","","","","","EA","","W","","0105703","","","","","12","77-3432","RN55C2373F,237K 1/8W 1% 200V","","1","20","20","0","20","0","0","0","0","Open","true","false","false","Resolved","Resolved","NotReferenced","303138353432353030303132323931303936"
"01","0012291","097","854250","S","Stock","A50816","2005-08-16","","","","","EA","","W","","0105703","","","","","12","CP-1273","DMMA-CS22K/.022MF360/600VAC 5%","","1","20","20","0","20","0","0","0","0","Open","true","false","false","Resolved","Resolved","NotReferenced","303138353432353030303132323931303937"
"01","0012291","098","854250","S","Stock","A50816","2005-08-16","","","","","EA","","W","","0105707","","","","","12","CE477B250F10","CAP ELECTRICAL 470MFD 25VDC","","1","10","10","0","10","0","0","0","0","Open","true","false","false","Resolved","Resolved","NotReferenced","303138353432353030303132323931303938"
"01","0012291","099","854250","S","Stock","A50830","2005-08-30","","","","","EA","","W","","0105735","","","","","12","77-3432","RN55C2373F,237K 1/8W 1% 200V","","1","10","10","0","10","0","0","0","0","Open","true","false","false","Resolved","Resolved","NotReferenced","303138353432353030303132323931303939"
"01","0012291","100","854250","S","Stock","A50830","2005-08-30","","","","","EA","","W","","0105735","","","","","12","CP-1273","DMMA-CS22K/.022MF360/600VAC 5%","","1","10","10","0","10","0","0","0","0","Open","true","false","false","Resolved","Resolved","NotReferenced","303138353432353030303132323931313030"
"01","0012291","101","854250","S","Stock","A50909","2005-09-09","","","","","EA","","W","","0105750","","","","","12","CC270C12GT","CAP 27 PF CERM","","1","20","20","0","20","0","0","0","0","Open","true","false","false","Resolved","Resolved","NotReferenced","303138353432353030303132323931313031"
"01","0012291","102","854250","S","Stock","A50909","2005-09-09","","","","","EA","","W","","0105753","","","","","12","77-3432","RN55C2373F,237K 1/8W 1% 200V","","1","15","15","0","15","0","0","0","0","Open","true","false","false","Resolved","Resolved","NotReferenced","303138353432353030303132323931313032"
"01","0012291","103","854250","S","Stock","A50909","2005-09-09","","","","","EA","","W","","0105753","","","","","12","CP-1273","DMMA-CS22K/.022MF360/600VAC 5%","","1","15","15","0","15","0","0","0","0","Open","true","false","false","Resolved","Resolved","NotReferenced","303138353432353030303132323931313033"
"01","0012291","104","854250","S","Stock","A50927","2005-09-27","","","","","EA","","W","","0105769","","","","","12","77-3432","RN55C2373F,237K 1/8W 1% 200V","","1","10","10","0","10","0","0","0","0","Open","true","false","false","Resolved","Resolved","NotReferenced","303138353432353030303132323931313034"
"01","0012291","105","854250","S","Stock","A50927","2005-09-27","","","","","EA","","W","","0105769","","","","","12","CP-1273","DMMA-CS22K/.022MF360/600VAC 5%","","1","10","10","0","10","0","0","0","0","Open","true","false","false","Resolved","Resolved","NotReferenced","303138353432353030303132323931313035"
"01","0012291","106","854250","S","Stock","A51014","2005-10-14","","","","","EA","","W","","0105807","","","","","12","77-3432","RN55C2373F,237K 1/8W 1% 200V","","1","15","15","0","15","0","0","0","0","Open","true","false","false","Resolved","Resolved","NotReferenced","303138353432353030303132323931313036"
"01","0012291","107","854250","S","Stock","A51014","2005-10-14","","","","","EA","","W","","0105807","","","","","12","CP-1273","DMMA-CS22K/.022MF360/600VAC 5%","","1","15","15","0","15","0","0","0","0","Open","true","false","false","Resolved","Resolved","NotReferenced","303138353432353030303132323931313037"
"01","0012291","108","854250","S","Stock","A51025","2005-10-25","","","","","EA","","W","","0105809","","","","","12","CE477B250F10","CAP ELECTRICAL 470MFD 25VDC","","1","3","3","0","3","0","0","0","0","Open","true","false","false","Resolved","Resolved","NotReferenced","303138353432353030303132323931313038"
"01","0012291","109","854250","S","Stock","A51102","2005-11-02","","","","","EA","","W","","0105827","","","","","12","77-3432","RN55C2373F,237K 1/8W 1% 200V","","1","10","10","0","10","0","0","0","0","Open","true","false","false","Resolved","Resolved","NotReferenced","303138353432353030303132323931313039"
"01","0012291","110","854250","S","Stock","A51102","2005-11-02","","","","","EA","","W","","0105827","","","","","12","CP-1273","DMMA-CS22K/.022MF360/600VAC 5%","","1","10","10","0","10","0","0","0","0","Open","true","false","false","Resolved","Resolved","NotReferenced","303138353432353030303132323931313130"
"01","0012291","111","854250","S","Stock","A51103","2005-11-03","","","","","EA","","W","","0105836","","","","","12","77-3432","RN55C2373F,237K 1/8W 1% 200V","","1","15","15","0","15","0","0","0","0","Open","true","false","false","Resolved","Resolved","NotReferenced","303138353432353030303132323931313131"
"01","0012291","112","854250","S","Stock","A51103","2005-11-03","","","","","EA","","W","","0105836","","","","","12","CP-1273","DMMA-CS22K/.022MF360/600VAC 5%","","1","15","15","0","15","0","0","0","0","Open","true","false","false","Resolved","Resolved","NotReferenced","303138353432353030303132323931313132"
"01","0012291","113","854250","S","Stock","A51110","2005-11-10","","","","","EA","","W","","0105838","","","","","12","CC270C12GT","CAP 27 PF CERM","","1","20","20","0","20","0","0","0","0","Open","true","false","false","Resolved","Resolved","NotReferenced","303138353432353030303132323931313133"
"01","0012291","114","854250","S","Stock","A51110","2005-11-10","","","","","EA","","W","","0105841","","","","","12","77-3432","RN55C2373F,237K 1/8W 1% 200V","","1","15","15","0","15","0","0","0","0","Open","true","false","false","Resolved","Resolved","NotReferenced","303138353432353030303132323931313134"
"01","0012291","115","854250","S","Stock","A51110","2005-11-10","","","","","EA","","W","","0105841","","","","","12","CP-1273","DMMA-CS22K/.022MF360/600VAC 5%","","1","15","15","0","15","0","0","0","0","Open","true","false","false","Resolved","Resolved","NotReferenced","303138353432353030303132323931313135"
"01","0012291","116","854250","S","Stock","A51115","2005-11-15","","","","","EA","","W","","0105856","","","","","12","RE000003","CONN RTANGL HDR 23POS UL94V-0","","1","10","10","0","10","0","0","0","0","Open","true","false","false","Resolved","Resolved","NotReferenced","303138353432353030303132323931313136"
"01","0012291","117","854250","S","Stock","A51123","2005-11-23","","","","","EA","","W","","0105864","","","","","12","CP-1273","DMMA-CS22K/.022MF360/600VAC 5%","","1","100","100","0","100","0","0","0","0","Open","true","false","false","Resolved","Resolved","NotReferenced","303138353432353030303132323931313137"
"01","0012291","118","854250","S","Stock","A51123","2005-11-23","","","","","EA","","W","","0105866","","","","","12","77-3432","RN55C2373F,237K 1/8W 1% 200V","","1","10","10","0","10","0","0","0","0","Open","true","false","false","Resolved","Resolved","NotReferenced","303138353432353030303132323931313138"
"01","0012291","119","854250","S","Stock","A51123","2005-11-23","","","","","EA","","W","","0105866","","","","","12","CP-1273","DMMA-CS22K/.022MF360/600VAC 5%","","1","10","10","0","10","0","0","0","0","Open","true","false","false","Resolved","Resolved","NotReferenced","303138353432353030303132323931313139"
"01","0012291","120","854250","S","Stock","A51129","2005-11-29","","","","","EA","","W","","0105872","","","","","12","CC270C12GT","CAP 27 PF CERM","","1","10","10","0","10","0","0","0","0","Open","true","false","false","Resolved","Resolved","NotReferenced","303138353432353030303132323931313230"
"01","0012291","121","854250","S","Stock","A51130","2005-11-30","","","","","EA","","W","","0105874","","","","","12","CC270C12GT","CAP 27 PF CERM","","1","220","220","0","220","0","0","0","0","Open","true","false","false","Resolved","Resolved","NotReferenced","303138353432353030303132323931313231"
"01","0012291","122","854250","S","Stock","A51206","2005-12-06","","","","","EA","","W","","0105878","","","","","31","RNR55C1001F(S)","RES MF 1K OHM 1% 1/8W","","1","50","50","0","50","0","0","0","0","Open","true","false","false","Resolved","Resolved","NotReferenced","303138353432353030303132323931313232"
"01","0012291","123","854250","S","Stock","A51206","2005-12-06","","","","","EA","","W","","0105881","","","","","12","CC270C12GT","CAP 27 PF CERM","","1","16","16","0","16","0","0","0","0","Open","true","false","false","Resolved","Resolved","NotReferenced","303138353432353030303132323931313233"
"01","0012291","124","854250","S","Stock","A51206","2005-12-06","","","","","EA","","W","","0105883","","","","","12","CE477B250F10","CAP ELECTRICAL 470MFD 25VDC","","1","5","5","0","5","0","0","0","0","Open","true","false","false","Resolved","Resolved","NotReferenced","303138353432353030303132323931313234"
"01","0012291","125","854250","S","Stock","A51206","2005-12-06","","","","","EA","","W","","0105890","","","","","12","77-3432","RN55C2373F,237K 1/8W 1% 200V","","1","15","15","0","15","0","0","0","0","Open","true","false","false","Resolved","Resolved","NotReferenced","303138353432353030303132323931313235"
"01","0012291","126","854250","S","Stock","A51206","2005-12-06","","","","","EA","","W","","0105890","","","","","12","CP-1273","DMMA-CS22K/.022MF360/600VAC 5%","","1","15","15","0","15","0","0","0","0","Open","true","false","false","Resolved","Resolved","NotReferenced","303138353432353030303132323931313236"
"01","0012291","127","854250","S","Stock","A60111","2006-01-11","","","","","EA","","W","","0105915","","","","","12","77-3432","RN55C2373F,237K 1/8W 1% 200V","","1","15","15","0","15","0","0","0","0","Open","true","false","false","Resolved","Resolved","NotReferenced","303138353432353030303132323931313237"
"01","0012291","128","854250","S","Stock","A60111","2006-01-11","","","","","EA","","W","","0105915","","","","","12","CP-1273","DMMA-CS22K/.022MF360/600VAC 5%","","1","15","15","0","15","0","0","0","0","Open","true","false","false","Resolved","Resolved","NotReferenced","303138353432353030303132323931313238"
"01","0012291","129","854250","S","Stock","A60111","2006-01-11","","","","","EA","","W","","0105920","","","","","12","CE477B250F10","CAP ELECTRICAL 470MFD 25VDC","","1","3","3","0","3","0","0","0","0","Open","true","false","false","Resolved","Resolved","NotReferenced","303138353432353030303132323931313239"
"01","0012291","130","854250","S","Stock","A60126","2006-01-26","","","","","EA","","W","","0105935","","","","","12","77-3432","RN55C2373F,237K 1/8W 1% 200V","","1","10","10","0","10","0","0","0","0","Open","true","false","false","Resolved","Resolved","NotReferenced","303138353432353030303132323931313330"
"01","0012291","131","854250","S","Stock","A60126","2006-01-26","","","","","EA","","W","","0105935","","","","","12","CP-1273","DMMA-CS22K/.022MF360/600VAC 5%","","1","10","10","0","10","0","0","0","0","Open","true","false","false","Resolved","Resolved","NotReferenced","303138353432353030303132323931313331"
"01","0012291","132","854250","S","Stock","A60126","2006-01-26","","","","","EA","","W","","0105937","","","","","12","77-3432","RN55C2373F,237K 1/8W 1% 200V","","1","15","15","0","15","0","0","0","0","Open","true","false","false","Resolved","Resolved","NotReferenced","303138353432353030303132323931313332"
"01","0012291","133","854250","S","Stock","A60126","2006-01-26","","","","","EA","","W","","0105937","","","","","12","CP-1273","DMMA-CS22K/.022MF360/600VAC 5%","","1","15","15","0","15","0","0","0","0","Open","true","false","false","Resolved","Resolved","NotReferenced","303138353432353030303132323931313333"
"01","0012291","134","854250","S","Stock","A60126","2006-01-26","","","","","EA","","W","","0105939","","","","","12","CE477B250F10","CAP ELECTRICAL 470MFD 25VDC","","1","3","3","0","3","0","0","0","0","Open","true","false","false","Resolved","Resolved","NotReferenced","303138353432353030303132323931313334"
"01","0012291","135","854250","S","Stock","A60126","2006-01-26","","","","","EA","","W","","0105940","","","","","12","CE477B250F10","CAP ELECTRICAL 470MFD 25VDC","","1","3","3","0","3","0","0","0","0","Open","true","false","false","Resolved","Resolved","NotReferenced","303138353432353030303132323931313335"
"01","0012291","136","854250","S","Stock","A60126","2006-01-26","","","","","EA","","W","","0105941","","","","","12","CE477B250F10","CAP ELECTRICAL 470MFD 25VDC","","1","5","5","0","5","0","0","0","0","Open","true","false","false","Resolved","Resolved","NotReferenced","303138353432353030303132323931313336"
"01","0012291","137","854250","S","Stock","A60126","2006-01-26","","","","","EA","","W","","0105947","","","","","12","CE477B250F10","CAP ELECTRICAL 470MFD 25VDC","","1","5","5","0","5","0","0","0","0","Open","true","false","false","Resolved","Resolved","NotReferenced","303138353432353030303132323931313337"
"01","0012291","138","854250","S","Stock","A60131","2006-01-31","","","","","EA","","W","","0105963","","","","","12","77-3432","RN55C2373F,237K 1/8W 1% 200V","","1","10","10","0","10","0","0","0","0","Open","true","false","false","Resolved","Resolved","NotReferenced","303138353432353030303132323931313338"
"01","0012291","139","854250","S","Stock","A60131","2006-01-31","","","","","EA","","W","","0105963","","","","","12","CP-1273","DMMA-CS22K/.022MF360/600VAC 5%","","1","10","10","0","10","0","0","0","0","Open","true","false","false","Resolved","Resolved","NotReferenced","303138353432353030303132323931313339"
"01","0012291","140","854250","S","Stock","A60131","2006-01-31","","","","","EA","","W","","0105964","","","","","12","77-3432","RN55C2373F,237K 1/8W 1% 200V","","1","20","20","0","20","0","0","0","0","Open","true","false","false","Resolved","Resolved","NotReferenced","303138353432353030303132323931313430"
"01","0012291","141","854250","S","Stock","A60131","2006-01-31","","","","","EA","","W","","0105964","","","","","12","CP-1273","DMMA-CS22K/.022MF360/600VAC 5%","","1","20","20","0","20","0","0","0","0","Open","true","false","false","Resolved","Resolved","NotReferenced","303138353432353030303132323931313431"
"01","0012291","142","854250","S","Stock","A60131","2006-01-31","","","","","EA","","W","","0105968","","","","","12","CE477B250F10","CAP ELECTRICAL 470MFD 25VDC","","1","25","25","0","25","0","0","0","0","Open","true","false","false","Resolved","Resolved","NotReferenced","303138353432353030303132323931313432"
"01","0012291","143","854250","S","Stock","A60209","2006-02-09","","","","","EA","","W","","0105988","","","","","12","77-3432","RN55C2373F,237K 1/8W 1% 200V","","1","10","10","0","10","0","0","0","0","Open","true","false","false","Resolved","Resolved","NotReferenced","303138353432353030303132323931313433"
"01","0012291","144","854250","S","Stock","A60209","2006-02-09","","","","","EA","","W","","0105988","","","","","12","CP-1273","DMMA-CS22K/.022MF360/600VAC 5%","","1","10","10","0","10","0","0","0","0","Open","true","false","false","Resolved","Resolved","NotReferenced","303138353432353030303132323931313434"
"01","0012291","145","854250","S","Stock","A60209","2006-02-09","","","","","EA","","W","","0105990","","","","","12","77-3432","RN55C2373F,237K 1/8W 1% 200V","","1","10","10","0","10","0","0","0","0","Open","true","false","false","Resolved","Resolved","NotReferenced","303138353432353030303132323931313435"
"01","0012291","146","854250","S","Stock","A60209","2006-02-09","","","","","EA","","W","","0105990","","","","","12","CP-1273","DMMA-CS22K/.022MF360/600VAC 5%","","1","10","10","0","10","0","0","0","0","Open","true","false","false","Resolved","Resolved","NotReferenced","303138353432353030303132323931313436"
"01","0012291","147","854250","S","Stock","A60215","2006-02-15","","","","","EA","","W","","0105995","","","","","12","77-3432","RN55C2373F,237K 1/8W 1% 200V","","1","15","15","0","15","0","0","0","0","Open","true","false","false","Resolved","Resolved","NotReferenced","303138353432353030303132323931313437"
"01","0012291","148","854250","S","Stock","A60215","2006-02-15","","","","","EA","","W","","0105995","","","","","12","CP-1273","DMMA-CS22K/.022MF360/600VAC 5%","","1","15","15","0","15","0","0","0","0","Open","true","false","false","Resolved","Resolved","NotReferenced","303138353432353030303132323931313438"
"01","0012291","149","854250","S","Stock","A60220","2006-02-20","","","","","EA","","W","","0106006","","","","","12","CC270C12GT","CAP 27 PF CERM","","1","10","10","0","10","0","0","0","0","Open","true","false","false","Resolved","Resolved","NotReferenced","303138353432353030303132323931313439"
"01","0012291","150","854250","S","Stock","A60227","2006-02-27","","","","","EA","","W","","0106015","","","","","12","77-3432","RN55C2373F,237K 1/8W 1% 200V","","1","10","10","0","10","0","0","0","0","Open","true","false","false","Resolved","Resolved","NotReferenced","303138353432353030303132323931313530"
"01","0012291","151","854250","S","Stock","A60227","2006-02-27","","","","","EA","","W","","0106015","","","","","12","CP-1273","DMMA-CS22K/.022MF360/600VAC 5%","","1","10","10","0","10","0","0","0","0","Open","true","false","false","Resolved","Resolved","NotReferenced","303138353432353030303132323931313531"
"01","0012291","152","854250","S","Stock","A60227","2006-02-27","","","","","EA","","W","","0106018","","","","","12","CC270C12GT","CAP 27 PF CERM","","1","10","10","0","10","0","0","0","0","Open","true","false","false","Resolved","Resolved","NotReferenced","303138353432353030303132323931313532"
"01","0012291","153","854250","S","Stock","A60308","2006-03-08","","","","","EA","","W","","0106031","","","","","12","CE477B250F10","CAP ELECTRICAL 470MFD 25VDC","","1","5","5","0","5","0","0","0","0","Open","true","false","false","Resolved","Resolved","NotReferenced","303138353432353030303132323931313533"
"01","0012291","154","854250","S","Stock","A60321","2006-03-21","","","","","EA","","W","","0106048","","","","","12","77-3432","RN55C2373F,237K 1/8W 1% 200V","","1","20","20","0","20","0","0","0","0","Open","true","false","false","Resolved","Resolved","NotReferenced","303138353432353030303132323931313534"
"01","0012291","155","854250","S","Stock","A60321","2006-03-21","","","","","EA","","W","","0106048","","","","","12","CP-1273","DMMA-CS22K/.022MF360/600VAC 5%","","1","20","20","0","20","0","0","0","0","Open","true","false","false","Resolved","Resolved","NotReferenced","303138353432353030303132323931313535"
"01","0012291","156","854250","S","Stock","A60329","2006-03-29","","","","","EA","","W","","0106054","","","","","12","77-3432","RN55C2373F,237K 1/8W 1% 200V","","1","20","20","0","20","0","0","0","0","Open","true","false","false","Resolved","Resolved","NotReferenced","303138353432353030303132323931313536"
"01","0012291","157","854250","S","Stock","A60329","2006-03-29","","","","","EA","","W","","0106054","","","","","12","CP-1273","DMMA-CS22K/.022MF360/600VAC 5%","","1","20","20","0","20","0","0","0","0","Open","true","false","false","Resolved","Resolved","NotReferenced","303138353432353030303132323931313537"
"01","0012291","158","854250","S","Stock","A60418","2006-04-18","","","","","EA","","W","","0106081","","","","","12","CC270C12GT","CAP 27 PF CERM","","1","70","70","0","70","0","0","0","0","Open","true","false","false","Resolved","Resolved","NotReferenced","303138353432353030303132323931313538"
"01","0012291","159","854250","S","Stock","A60425","2006-04-25","","","","","EA","","W","","0106088","","","","","12","77-3432","RN55C2373F,237K 1/8W 1% 200V","","1","40","40","0","40","0","0","0","0","Open","true","false","false","Resolved","Resolved","NotReferenced","303138353432353030303132323931313539"
"01","0012291","160","854250","S","Stock","A60425","2006-04-25","","","","","EA","","W","","0106088","","","","","12","CP-1273","DMMA-CS22K/.022MF360/600VAC 5%","","1","40","40","0","40","0","0","0","0","Open","true","false","false","Resolved","Resolved","NotReferenced","303138353432353030303132323931313630"
"01","0012291","161","854250","S","Stock","A60508","2006-05-08","","","","","EA","","W","","0106107","","","","","12","77-3432","RN55C2373F,237K 1/8W 1% 200V","","1","30","30","0","30","0","0","0","0","Open","true","false","false","Resolved","Resolved","NotReferenced","303138353432353030303132323931313631"
"01","0012291","162","854250","S","Stock","A60508","2006-05-08","","","","","EA","","W","","0106107","","","","","12","CP-1273","DMMA-CS22K/.022MF360/600VAC 5%","","1","30","30","0","30","0","0","0","0","Open","true","false","false","Resolved","Resolved","NotReferenced","303138353432353030303132323931313632"
"01","0012291","163","854250","S","Stock","A60515","2006-05-15","","","","","EA","","W","","0106114","","","","","12","CP-1273","DMMA-CS22K/.022MF360/600VAC 5%","","1","300","300","0","300","0","0","0","0","Open","true","false","false","Resolved","Resolved","NotReferenced","303138353432353030303132323931313633"
"01","0012291","164","854250","S","Stock","A60515","2006-05-15","","","","","EA","","W","","0106122","","","","","12","CC270C12GT","CAP 27 PF CERM","","1","10","10","0","10","0","0","0","0","Open","true","false","false","Resolved","Resolved","NotReferenced","303138353432353030303132323931313634"
"01","0012291","165","854250","S","Stock","A60515","2006-05-15","","","","","EA","","W","","0106124","","","","","12","CC270C12GT","CAP 27 PF CERM","","1","90","90","0","90","0","0","0","0","Open","true","false","false","Resolved","Resolved","NotReferenced","303138353432353030303132323931313635"
"01","0012291","166","854250","S","Stock","A60609","2006-06-09","","","","","EA","","W","","0106149","","","","","12","CE477B250F10","CAP ELECTRICAL 470MFD 25VDC","","1","3","3","0","3","0","0","0","0","Open","true","false","false","Resolved","Resolved","NotReferenced","303138353432353030303132323931313636"
"01","0012291","167","854250","S","Stock","A60609","2006-06-09","","","","","EA","","W","","0106155","","","","","31","RNR55C1001F(S)","RES MF 1K OHM 1% 1/8W","","1","80","80","0","80","0","0","0","0","Open","true","false","false","Resolved","Resolved","NotReferenced","303138353432353030303132323931313637"
"01","0012291","168","854250","S","Stock","A60614","2006-06-14","","","","","EA","","W","","0106161","","","","","12","CC270C12GT","CAP 27 PF CERM","","1","10","10","0","10","0","0","0","0","Open","true","false","false","Resolved","Resolved","NotReferenced","303138353432353030303132323931313638"
"01","0012291","169","854250","S","Stock","A60614","2006-06-14","","","","","EA","","W","","0106162","","","","","12","CC270C12GT","CAP 27 PF CERM","","1","100","100","0","100","0","0","0","0","Open","true","false","false","Resolved","Resolved","NotReferenced","303138353432353030303132323931313639"
"01","0012291","170","854250","S","Stock","A60620","2006-06-20","","","","","EA","","W","","0106173","","","","","12","77-3432","RN55C2373F,237K 1/8W 1% 200V","","1","20","20","0","20","0","0","0","0","Open","true","false","false","Resolved","Resolved","NotReferenced","303138353432353030303132323931313730"
"01","0012291","171","854250","S","Stock","A60620","2006-06-20","","","","","EA","","W","","0106173","","","","","12","CP-1273","DMMA-CS22K/.022MF360/600VAC 5%","","1","20","20","0","20","0","0","0","0","Open","true","false","false","Resolved","Resolved","NotReferenced","303138353432353030303132323931313731"
"01","0012291","172","854250","S","Stock","A60712","2006-07-12","","","","","EA","","W","","0106192","","","","","12","CE477B250F10","CAP ELECTRICAL 470MFD 25VDC","","1","5","5","0","5","0","0","0","0","Open","true","false","false","Resolved","Resolved","NotReferenced","303138353432353030303132323931313732"
"01","0012291","173","854250","S","Stock","A60712","2006-07-12","","","","","EA","","W","","0106193","","","","","12","CC270C12GT","CAP 27 PF CERM","","1","100","100","0","100","0","0","0","0","Open","true","false","false","Resolved","Resolved","NotReferenced","303138353432353030303132323931313733"
"01","0012291","174","854250","S","Stock","A60718","2006-07-18","","","","","EA","","W","","0106207","","","","","12","77-3432","RN55C2373F,237K 1/8W 1% 200V","","1","20","20","0","20","0","0","0","0","Open","true","false","false","Resolved","Resolved","NotReferenced","303138353432353030303132323931313734"
"01","0012291","175","854250","S","Stock","A60718","2006-07-18","","","","","EA","","W","","0106207","","","","","12","CP-1273","DMMA-CS22K/.022MF360/600VAC 5%","","1","20","20","0","20","0","0","0","0","Open","true","false","false","Resolved","Resolved","NotReferenced","303138353432353030303132323931313735"
"01","0012291","176","854250","S","Stock","A60718","2006-07-18","","","","","EA","","W","","0106214","","","","","12","CC270C12GT","CAP 27 PF CERM","","1","30","30","0","30","0","0","0","0","Open","true","false","false","Resolved","Resolved","NotReferenced","303138353432353030303132323931313736"
"01","0012291","177","854250","S","Stock","A60804","2006-08-04","","","","","EA","","W","","0106229","","","","","12","77-3432","RN55C2373F,237K 1/8W 1% 200V","","1","20","20","0","20","0","0","0","0","Open","true","false","false","Resolved","Resolved","NotReferenced","303138353432353030303132323931313737"
"01","0012291","178","854250","S","Stock","A60804","2006-08-04","","","","","EA","","W","","0106229","","","","","12","CP-1273","DMMA-CS22K/.022MF360/600VAC 5%","","1","20","20","0","20","0","0","0","0","Open","true","false","false","Resolved","Resolved","NotReferenced","303138353432353030303132323931313738"
"01","0012291","179","854250","S","Stock","A60804","2006-08-04","","","","","EA","","W","","0106232","","","","","12","CC270C12GT","CAP 27 PF CERM","","1","60","60","0","60","0","0","0","0","Open","true","false","false","Resolved","Resolved","NotReferenced","303138353432353030303132323931313739"
"01","0012291","180","854250","S","Stock","A60829","2006-08-29","","","","","EA","","W","","0106265","","","","","12","CP-1273","DMMA-CS22K/.022MF360/600VAC 5%","","1","200","200","0","200","0","0","0","0","Open","true","false","false","Resolved","Resolved","NotReferenced","303138353432353030303132323931313830"
"01","0012291","181","854250","S","Stock","A60829","2006-08-29","","","","","EA","","W","","0106270","","","","","12","77-3432","RN55C2373F,237K 1/8W 1% 200V","","1","25","25","0","25","0","0","0","0","Open","true","false","false","Resolved","Resolved","NotReferenced","303138353432353030303132323931313831"
"01","0012291","182","854250","S","Stock","A70117","2007-01-17","","","","","EA","","W","","0106273","","","","","31","M15733/66-0001","1750 PF LOW PASS EMI FILTER","","1","180","180","0","180","0","0","0","0","Open","true","false","false","Resolved","Resolved","NotReferenced","303138353432353030303132323931313832"
"01","0012291","183","854250","S","Stock","A70117","2007-01-17","","","","","EA","","W","","0106273","","","","","31","M39014/02-1419","CAP CER 1UF 50V BX RADIAL","","1","60","60","0","60","0","0","0","0","Open","true","false","false","Resolved","Resolved","NotReferenced","303138353432353030303132323931313833"
"01","0012291","184","854250","S","Stock","A70117","2007-01-17","","","","","EA","","W","","0106273","","","","","31","RNR55C1001F(S)","RES MF 1K OHM 1% 1/8W","","1","60","60","0","60","0","0","0","0","Open","true","false","false","Resolved","Resolved","NotReferenced","303138353432353030303132323931313834"
"01","0012291","185","854250","S","Stock","A70117","2007-01-17","","","","","EA","","W","","0106273","","","","","31","RNR55C2002F(S)","RES MIL-R-55182/1","","1","60","60","0","60","0","0","0","0","Open","true","false","false","Resolved","Resolved","NotReferenced","303138353432353030303132323931313835"
"01","0012291","186","854250","S","Stock","A70117","2007-01-17","","","","","EA","","W","","0106273","","","","","31","RNR55C1002F(S)","RES MF 10K OHM 1% 1/8W","","1","120","120","0","120","0","0","0","0","Open","true","false","false","Resolved","Resolved","NotReferenced","303138353432353030303132323931313836"
"01","0012291","187","854250","S","Stock","A70117","2007-01-17","","","","","EA","","W","","0106273","","","","","31","RNR55C1003F(S)","RES MIL-R-55182/1","","1","60","60","0","60","0","0","0","0","Open","true","false","false","Resolved","Resolved","NotReferenced","303138353432353030303132323931313837"
"01","0012291","188","854250","S","Stock","A70117","2007-01-17","","","","","EA","","W","","0106273","","","","","31","RNR55C1001F(S)","RES MF 1K OHM 1% 1/8W","","1","60","60","0","60","0","0","0","0","Open","true","false","false","Resolved","Resolved","NotReferenced","303138353432353030303132323931313838"
"01","0012291","189","854250","S","Stock","A60830","2006-08-30","","","","","EA","","W","","0106278","","","","","12","CC270C12GT","CAP 27 PF CERM","","1","40","40","0","40","0","0","0","0","Open","true","false","false","Resolved","Resolved","NotReferenced","303138353432353030303132323931313839"
"01","0012291","190","854250","S","Stock","A60911","2006-09-11","","","","","EA","","W","","0106302","","","","","12","CC270C12GT","CAP 27 PF CERM","","1","40","40","0","40","0","0","0","0","Open","true","false","false","Resolved","Resolved","NotReferenced","303138353432353030303132323931313930"
"01","0012291","191","854250","S","Stock","A60919","2006-09-19","","","","","EA","","W","","0106309","","","","","12","CC270C12GT","CAP 27 PF CERM","","1","12","12","0","12","0","0","0","0","Open","true","false","false","Resolved","Resolved","NotReferenced","303138353432353030303132323931313931"
"01","0012291","192","854250","S","Stock","A60919","2006-09-19","","","","","EA","","W","","0106312","","","","","12","77-3432","RN55C2373F,237K 1/8W 1% 200V","","1","2","2","0","2","0","0","0","0","Open","true","false","false","Resolved","Resolved","NotReferenced","303138353432353030303132323931313932"
"01","0012291","193","854250","S","Stock","A60919","2006-09-19","","","","","EA","","W","","0106312","","","","","12","CP-1273","DMMA-CS22K/.022MF360/600VAC 5%","","1","2","2","0","2","0","0","0","0","Open","true","false","false","Resolved","Resolved","NotReferenced","303138353432353030303132323931313933"
"01","0012291","194","854250","S","Stock","A60919","2006-09-19","","","","","EA","","W","","0106317","","","","","12","77-3432","RN55C2373F,237K 1/8W 1% 200V","","1","5","5","0","5","0","0","0","0","Open","true","false","false","Resolved","Resolved","NotReferenced","303138353432353030303132323931313934"
"01","0012291","195","854250","S","Stock","A60919","2006-09-19","","","","","EA","","W","","0106317","","","","","12","CP-1273","DMMA-CS22K/.022MF360/600VAC 5%","","1","5","5","0","5","0","0","0","0","Open","true","false","false","Resolved","Resolved","NotReferenced","303138353432353030303132323931313935"
"01","0012291","196","854250","S","Stock","A61003","2006-10-03","","","","","EA","","W","","0106323","","","","","12","77-3432","RN55C2373F,237K 1/8W 1% 200V","","1","7","7","0","7","0","0","0","0","Open","true","false","false","Resolved","Resolved","NotReferenced","303138353432353030303132323931313936"
"01","0012291","197","854250","S","Stock","A61003","2006-10-03","","","","","EA","","W","","0106323","","","","","12","CP-1273","DMMA-CS22K/.022MF360/600VAC 5%","","1","7","7","0","7","0","0","0","0","Open","true","false","false","Resolved","Resolved","NotReferenced","303138353432353030303132323931313937"
"01","0012291","198","854250","S","Stock","A61003","2006-10-03","","","","","EA","","W","","0106324","","","","","12","77-3432","RN55C2373F,237K 1/8W 1% 200V","","1","5","5","0","5","0","0","0","0","Open","true","false","false","Resolved","Resolved","NotReferenced","303138353432353030303132323931313938"
"01","0012291","199","854250","S","Stock","A61003","2006-10-03","","","","","EA","","W","","0106324","","","","","12","CP-1273","DMMA-CS22K/.022MF360/600VAC 5%","","1","5","5","0","5","0","0","0","0","Open","true","false","false","Resolved","Resolved","NotReferenced","303138353432353030303132323931313939"
"01","0012291","200","854250","S","Stock","A61013","2006-10-13","","","","","EA","","W","","0106335","","","","","12","CC270C12GT","CAP 27 PF CERM","","1","12","12","0","12","0","0","0","0","Open","true","false","false","Resolved","Resolved","NotReferenced","303138353432353030303132323931323030"
"01","0026593","003","854250","S","Stock","B40320","2014-03-20","","","","","EA","Stock","","","0109812","578350","0008482","","","02","4310R-101-104","RES ARRAY 9 RES 100K OHM 10SIP","4310R-101-104LF:NETWORK, 100 KOHM, 9 CHA","1","0","100","0","100","0","0","0","0","Open","true","false","false","Resolved","Resolved","MissingCurrentSalesOrder","303138353432353030303236353933303033"
"01","0026593","004","854250","S","Stock","B40320","2014-03-20","","","","","EA","Stock","","","","","","","","02","4310R-101-104","RES ARRAY 9 RES 100K OHM 10SIP","4310R-101-104LF:NETWORK, 100 KOHM, 9 CHA","1","0","100","0","100","0","0","0","0","Open","true","false","false","Resolved","NotReferenced","NotReferenced","303138353432353030303236353933303034"
"01","0026593","005","854250","M","NonStock","B40320","2014-03-20","","","","","","","","","","","","","","02","","","STK","0","0","0","0","0","0","0","0","0","FullyReceivedPendingClose","false","false","false","NotApplicableNonStock","NotReferenced","NotReferenced","303138353432353030303236353933303035"
"01","0026593","007","854250","S","Stock","B31204","2013-12-04","","","","","EA","Stock","","","0109812","578350","0008482","","","02","C320C331K2G5CA","CAP,330pF,200V,10%,NPO","C320C331K2G5TA:CAP,330pF,200V,10%,NPO","1","0","100","50","50","0","0","0","50","Open","true","false","false","Resolved","Resolved","MissingCurrentSalesOrder","303138353432353030303236353933303037"
"01","0026593","008","854250","S","Stock","B31204","2013-12-04","","","","","EA","Stock","","","","","","","","02","C320C331K2G5CA","CAP,330pF,200V,10%,NPO","C320C331K2G5TA:CAP,330pF,200V,10%,NPO","1","0","50","0","50","0","0","0","0","Open","true","false","false","Resolved","NotReferenced","NotReferenced","303138353432353030303236353933303038"
"01","0026593","009","854250","M","NonStock","B40320","2014-03-20","","","","","","","","","","","","","","02","","","STK","0","0","0","0","0","0","0","0","0","FullyReceivedPendingClose","false","false","false","NotApplicableNonStock","NotReferenced","NotReferenced","303138353432353030303236353933303039"
"01","0026593","013","854250","S","Stock","B40320","2014-03-20","","","","","EA","Stock","","","0109812","578350","0008482","","","02","3386P-1-103","POT, 1/2W, 10 KOHM","3386P-1-103LF:POT, 1/2W, 10 KOHM","1","0","50","0","50","0","0","0","0","Open","true","false","false","Resolved","Resolved","MissingCurrentSalesOrder","303138353432353030303236353933303133"
"01","0026593","014","854250","S","Stock","B40320","2014-03-20","","","","","EA","Stock","","","","","","","","02","3386P-1-103","POT, 1/2W, 10 KOHM","3386P-1-103LF:POT, 1/2W, 10 KOHM","1","0","50","0","50","0","0","0","0","Open","true","false","false","Resolved","NotReferenced","NotReferenced","303138353432353030303236353933303134"
"01","0026593","015","854250","M","NonStock","B40320","2014-03-20","","","","","","","","","","","","","","02","","","STK","0","0","0","0","0","0","0","0","0","FullyReceivedPendingClose","false","false","false","NotApplicableNonStock","NotReferenced","NotReferenced","303138353432353030303236353933303135"
"01","0026636","001","854250","S","Stock","B31104","2013-11-04","","","","","EA","Stock","","","0109819","001148","0008503","","","12","77-2594","TVA1315-E CDE CAP 500UF 50V",":WBR500-50 CDE CAP500UF50V85DG","1","0","15","0","15","0","0","0","15","Open","true","false","false","Resolved","Resolved","MissingCurrentSalesOrder","303138353432353030303236363336303031"
"01","0026636","002","854250","S","Stock","B31104","2013-11-04","","","","","EA","Stock","","","","","","","","12","77-2594","TVA1315-E CDE CAP 500UF 50V",":WBR500-50 CDE CAP500UF50V85DG","1","0","5","0","5","0","0","0","5","Open","true","false","false","Resolved","NotReferenced","NotReferenced","303138353432353030303236363336303032"
"01","0026636","003","854250","M","NonStock","B31104","2013-11-04","","","","","","","","","","","","","","12","","","STOCK","0","0","0","0","0","0","0","0","0","FullyReceivedPendingClose","false","false","false","NotApplicableNonStock","NotReferenced","NotReferenced","303138353432353030303236363336303033"
"01","0026636","004","854250","S","Stock","B31104","2013-11-04","","","","","EA","Stock","","","0109799","001148","0008478","","","12","FH02CLPD0008","111501  / FUSE CLIP","111501:111501  / FUSE CLIP","1","0","15","0","15","0","0","0","15","Open","true","false","false","Resolved","Resolved","MissingCurrentSalesOrder","303138353432353030303236363336303034"
"01","0026636","005","854250","S","Stock","B31104","2013-11-04","","","","","EA","Stock","","","","","","","","12","FH02CLPD0008","111501  / FUSE CLIP","111501:111501  / FUSE CLIP","1","0","185","0","185","0","0","0","185","Open","true","false","false","Resolved","NotReferenced","NotReferenced","303138353432353030303236363336303035"
"01","0026636","006","854250","M","NonStock","B31104","2013-11-04","","","","","","","","","","","","","","12","","","STOCK","0","0","0","0","0","0","0","0","0","FullyReceivedPendingClose","false","false","false","NotApplicableNonStock","NotReferenced","NotReferenced","303138353432353030303236363336303036"
"01","0026636","007","854250","S","Stock","B31104","2013-11-04","","","","","EA","Stock","","","0109799","001148","0008478","","","12","FU2AG020251","225002 /FUSE 250V.177OD x .57L","225002HXP:225002 /FUSE 250V.177OD x .57L","1","0","50","0","50","0","0","0","50","Open","true","false","false","Resolved","Resolved","MissingCurrentSalesOrder","303138353432353030303236363336303037"
"01","0026636","008","854250","S","Stock","B31104","2013-11-04","","","","","EA","Stock","","","","","","","","12","FU2AG020251","225002 /FUSE 250V.177OD x .57L","225002HXP:225002 /FUSE 250V.177OD x .57L","1","0","150","0","150","0","0","0","150","Open","true","false","false","Resolved","NotReferenced","NotReferenced","303138353432353030303236363336303038"
"01","0026636","009","854250","M","NonStock","B31104","2013-11-04","","","","","","","","","","","","","","12","","","STOCK","0","0","0","0","0","0","0","0","0","FullyReceivedPendingClose","false","false","false","NotApplicableNonStock","NotReferenced","NotReferenced","303138353432353030303236363336303039"
"01","0027059","016","854250","S","Stock","B40508","2014-05-08","","","","","EA","Stock","","","","","","","","12","77-3344","CAP TANT 2.2UF 50V 10% RADIAL","TAP225K050SCS:199D225X9050CA2 TAP225K050","1","0","60","10","50","0","0","0","10","Open","true","false","false","Resolved","NotReferenced","NotReferenced","303138353432353030303237303539303136"
"01","0027279","010","854250","S","Stock","B40725","2014-07-25","","","","","EA","Stock","","","","","","","","12","77-2320","42566-2 .187AMP","42566-2:42566-2 .187AMP","1","0","254","54","200","0","0","0","54","Open","true","false","false","Resolved","NotReferenced","NotReferenced","303138353432353030303237323739303130"
"01","0027360","020","854250","S","Stock","B40815","2014-08-15","","","","","EA","Stock","","","","","","","","08","68683-308LF","CONN 2x8PIN .1"" PITCH FEMALE",":CONN 2x8PIN .1"" PITCH FEMALE","1","0","5","1","4","0","0","0","1","Open","true","false","false","Resolved","NotReferenced","NotReferenced","303138353432353030303237333630303230"
"01","0027360","030","854250","S","Stock","B40815","2014-08-15","","","","","EA","Stock","","","","","","","","08","1761603-6","CONNECTOR 16PIN 0.1"" PITCH IDC",":CONNECTOR 16PIN 0.1"" PITCH IDC","1","0","5","1","4","0","0","0","1","Open","true","false","false","Resolved","NotReferenced","NotReferenced","303138353432353030303237333630303330"
"01","0038758","015","854250","S","Stock","B60511","2016-05-11","","","","","EA","04B-310","","","","","","","","12","TP-1043","IND CHOKE 22OH RFCSS22","1537-44K:IND CHOKE 22OH RFCSS","1","0","50","0","50","0","0","0","0","Open","true","false","false","Resolved","NotReferenced","NotReferenced","303138353432353030303338373538303135"
"01","0038758","020","854250","M","NonStock","B60511","2016-05-11","","","","","","","","","","","","","","12","","","CORRECTION QTY 50 FOR REC#30497","0","0","0","0","0","0","0","0","0","FullyReceivedPendingClose","false","false","false","NotApplicableNonStock","NotReferenced","NotReferenced","303138353432353030303338373538303230"
"01","0039264","035","854250","S","Stock","B61122","2016-11-22","","","","","EA","Stock","","","0112102","001082","0009727","010","","87","A5X212","CAP 0805 100V 5% NPO .10uF","08051C104JAT2A:CAP 0805 100V 5% NPO","1","0","4000","0","4000","0","0","0","0","Open","true","false","false","Resolved","Resolved","MissingCurrentSalesOrder","303138353432353030303339323634303335"
"01","0039554","005","854250","S","Stock","B70310","2017-03-10","","","","","EA","Stock","","","0112053","900014","0009705","","","A1","CRCW12067K50FKEA","RES 7.5K 1% 1206","507-7501-001:RES 7.5K 1% 1206","1","0","5000","0","5000","0","0","0","5000","Open","true","false","false","Resolved","Resolved","MissingCurrentSalesOrder","303138353432353030303339353534303035"
"01","0039558","005","854250","S","Stock","B70313","2017-03-13","","","","","EA","04B-200","","","0112256","578350","0009782","","","02","3386P-1-103","POT, 1/2W, 10 KOHM","3386P-1-103LF:POT, 1/2W, 10 KOHM","1","0","125","0","125","0","0","0","125","Open","true","false","false","Resolved","Resolved","MissingCurrentSalesOrder","303138353432353030303339353538303035"
"01","0039558","010","854250","S","Stock","B70417","2017-04-17","","","","","EA","04B-200","","","","","","","","02","3386P-1-103","POT, 1/2W, 10 KOHM","3386P-1-103LF:POT, 1/2W, 10 KOHM","1","0","75","0","75","0","0","0","75","Open","true","false","false","Resolved","NotReferenced","NotReferenced","303138353432353030303339353538303130"
"01","0039558","015","854250","M","NonStock","B70417","2017-04-17","","","","","","","","","","","","","","02","","","STOCK","0","0","0","0","0","0","0","0","0","FullyReceivedPendingClose","false","false","false","NotApplicableNonStock","NotReferenced","NotReferenced","303138353432353030303339353538303135"
"01","0039558","020","854250","S","Stock","B70313","2017-03-13","","","","","EA","08A-205","","","0112256","578350","0009782","","","02","W01M","BRIDGE RECTIFIER  1.5AMP 100V FULL WAVE, SI, 1.5 A","W01G-E4/51:BRIDGE RECTIFIER  1.","1","0","125","0","125","0","0","0","125","Open","true","false","false","Resolved","Resolved","MissingCurrentSalesOrder","303138353432353030303339353538303230"
"01","0039558","025","854250","S","Stock","B70313","2017-03-13","","","","","EA","08A-205","","","","","","","","02","W01M","BRIDGE RECTIFIER  1.5AMP 100V FULL WAVE, SI, 1.5 A","W01G-E4/51:BRIDGE RECTIFIER  1.","1","0","75","0","75","0","0","0","75","Open","true","false","false","Resolved","NotReferenced","NotReferenced","303138353432353030303339353538303235"
"01","0039558","030","854250","M","NonStock","B70417","2017-04-17","","","","","","","","","","","","","","02","","","STOCK","0","0","0","0","0","0","0","0","0","FullyReceivedPendingClose","false","false","false","NotApplicableNonStock","NotReferenced","NotReferenced","303138353432353030303339353538303330"
"01","0039558","035","854250","S","Stock","B70313","2017-03-13","","","","","EA","Stock","","","0112256","578350","0009782","","","02","40-XAL16V33-RC","CAP ALUM 33UF 20% 16V AXIAL","TVX1C330MAD:CAP ALUM 33UF 20% 16","1","0","125","0","125","0","0","0","125","Open","true","false","false","Resolved","Resolved","MissingCurrentSalesOrder","303138353432353030303339353538303335"
"01","0039558","040","854250","S","Stock","B70313","2017-03-13","","","","","EA","Stock","","","","","","","","02","40-XAL16V33-RC","CAP ALUM 33UF 20% 16V AXIAL","TVX1C330MAD:CAP ALUM 33UF 20% 16","1","0","75","0","75","0","0","0","75","Open","true","false","false","Resolved","NotReferenced","NotReferenced","303138353432353030303339353538303430"
"01","0039558","045","854250","M","NonStock","B70417","2017-04-17","","","","","","","","","","","","","","02","","","STOCK","0","0","0","0","0","0","0","0","0","FullyReceivedPendingClose","false","false","false","NotApplicableNonStock","NotReferenced","NotReferenced","303138353432353030303339353538303435"
"01","0041957","005","854250","S","Stock","B91210","2019-12-10","","","","","EA","Stock","","","0113847","001082","0010824","010","","87","A1X166","CAP TANT 22UF 25V 20% 2917","TPSD226M025R0200:CAP TANT 22UF 25V 20% 2","1","0","150","0","150","0","0","0","0","Open","true","false","false","Resolved","Resolved","MissingCurrentSalesOrder","303138353432353030303431393537303035"
"01","0041957","010","854250","S","Stock","B91210","2019-12-10","","","","","EA","15C-400","","","0113847","001082","0010824","010","","87","A1X165","CAP TANT 100UF 10V 20% 2917","TPSD10M010R0100:CAP TANT 100UF 10V 20% 2","1","0","500","0","500","0","0","0","0","Open","true","false","false","Resolved","Resolved","MissingCurrentSalesOrder","303138353432353030303431393537303130"
"01","0042426","015","854250","S","Stock","C10104","2021-01-04","","","","","EA","Stock","","","0114162","001082","0011042","010","","87","M39014/02-1407","CAP CER 1UF 50V BX RADIAL",":CAP CER 1UF 50V BX RADIAL","1","0","250","0","250","0","0","0","0","Open","true","false","false","Resolved","Resolved","MissingCurrentSalesOrder","303138353432353030303432343236303135"
"01","0042426","030","854250","S","Stock","C10104","2021-01-04","","","","","EA","Stock","","","0114162","001082","0011042","010","","87","M39014/01-1473","CAP CER 0.1UF 50V BX RADIAL",":CAP CER 0.1UF 50V BX RADIAL","1","0","450","0","450","0","0","0","0","Open","true","false","false","Resolved","Resolved","MissingCurrentSalesOrder","303138353432353030303432343236303330"
"01","0042426","045","854250","S","Stock","C10104","2021-01-04","","","","","EA","Stock","","","0114162","001082","0011042","010","","87","M39014/02-1276","CAP CER 0.22UF 50V BX RADIAL",":CAP CER 0.22UF 50V BX RADIAL","1","0","100","0","100","0","0","0","0","Open","true","false","false","Resolved","Resolved","MissingCurrentSalesOrder","303138353432353030303432343236303435"
"01","0042426","060","854250","S","Stock","C10104","2021-01-04","","","","","EA","Stock","","","0114162","001082","0011042","010","","87","M39014/01-1443","CAP CER 2200PF 100V BX RADIAL",":CAP CER 2200PF 100V BX RADIAL","1","0","100","0","100","0","0","0","0","Open","true","false","false","Resolved","Resolved","MissingCurrentSalesOrder","303138353432353030303432343236303630"
"01","0042426","075","854250","S","Stock","C10104","2021-01-04","","","","","EA","Stock","","","0114162","001082","0011042","010","","87","M39014/01-1308","CAP CER 330PF 200V BX RADIAL",":CAP CER 330PF 200V BX RADIAL","1","0","100","0","100","0","0","0","0","Open","true","false","false","Resolved","Resolved","MissingCurrentSalesOrder","303138353432353030303432343236303735"
"01","0042426","090","854250","S","Stock","C10104","2021-01-04","","","","","EA","Stock","","","0114162","001082","0011042","010","","87","562R5GAS10","CAP CER 10000PF 1KV Z5U RADIAL",":CAP CER 10000PF 1KV Z5U RADIAL","1","0","100","0","100","0","0","0","0","Open","true","false","false","Resolved","Resolved","MissingCurrentSalesOrder","303138353432353030303432343236303930"
"01","0042426","105","854250","S","Stock","C10104","2021-01-04","","","","","EA","Stock","","","0114162","001082","0011042","010","","87","RLR05C10R0GS","RES 10 OHM 2% 1/8W AXIAL",":RES 10 OHM 2% 1/8W AXIAL","1","0","100","0","100","0","0","0","0","Open","true","false","false","Resolved","Resolved","MissingCurrentSalesOrder","303138353432353030303432343236313035"
"01","0042426","120","854250","S","Stock","C10104","2021-01-04","","","","","EA","Stock","","","0114162","001082","0011042","010","","87","RLR05C4701GS","RES METAL FILM 4.7K 2% 1/8W AX",":RES METAL FILM 4.7K 2% 1/8W AX","1","0","100","0","100","0","0","0","0","Open","true","false","false","Resolved","Resolved","MissingCurrentSalesOrder","303138353432353030303432343236313230"
"01","0042427","015","854250","S","Stock","C01230","2020-12-30","","","","","EA","Stock","","","0114162","001082","0011042","010","","87","RLR05C1002GSRE6","RES METAL FILM 10K OHM 2% 1/8W",":RES METAL FILM 10K OHM 2% 1/8W","1","0","1000","0","1000","0","0","0","0","Open","true","false","false","Resolved","Resolved","MissingCurrentSalesOrder","303138353432353030303432343237303135"
"01","0042427","030","854250","S","Stock","C01230","2020-12-30","","","","","EA","Stock","","","0114162","001082","0011042","010","","87","RLR05C1001FS","RES 1K OHM 1/8W CARBON AXIAL",":RES 1K OHM 1/8W CARBON AXIAL","1","0","200","0","200","0","0","0","0","Open","true","false","false","Resolved","Resolved","MissingCurrentSalesOrder","303138353432353030303432343237303330"
"01","0042427","060","854250","S","Stock","C01230","2020-12-30","","","","","EA","Stock","","","0114162","001082","0011042","010","","87","RLR05C1302GS","RES METAL FILM 13K 2% 1/8W AXI",":RES METAL FILM 13K 2% 1/8W AXI","1","0","200","0","200","0","0","0","0","Open","true","false","false","Resolved","Resolved","MissingCurrentSalesOrder","303138353432353030303432343237303630"
"01","0042441","015","854250","S","Stock","C10105","2021-01-05","","","","","EA","Stock","","","0114162","001082","0011042","010","","87","RLR05C1201GS","RES METAL FILM 1.2K 2% 1/8W ER",":RES METAL FILM 1.2K 2% 1/8W ER","1","0","100","0","100","0","0","0","0","Open","true","false","false","Resolved","Resolved","MissingCurrentSalesOrder","303138353432353030303432343431303135"
"01","0042441","030","854250","S","Stock","C10105","2021-01-05","","","","","EA","Stock","","","0114162","001082","0011042","010","","87","RLR07C10R0GS","RES 10OHM 1/4W 2%",":RES 10OHM 1/4W 2%","1","0","300","0","300","0","0","0","0","Open","true","false","false","Resolved","Resolved","MissingCurrentSalesOrder","303138353432353030303432343431303330"
"01","0042464","035","854250","S","Stock","C01229","2020-12-29","","","","","EA","Stock","","","0114195","001082","0011055","010","","87","M39014/02-1407","CAP CER 1UF 50V BX RADIAL",":CAP CER 1UF 50V BX RADIAL","1","0","400","0","400","0","0","0","0","Open","true","false","false","Resolved","Resolved","MissingCurrentSalesOrder","303138353432353030303432343634303335"
"01","0042464","040","854250","S","Stock","C00130","2020-01-30","","","","","EA","Stock","","","0114195","001082","0011055","010","","87","M39014/02-1407","CAP CER 1UF 50V BX RADIAL",":CAP CER 1UF 50V BX RADIAL","1","0","50","0","50","0","0","0","0","Open","true","false","false","Resolved","Resolved","MissingCurrentSalesOrder","303138353432353030303432343634303430"
"01","0042465","020","854250","S","Stock","C10104","2021-01-04","","","","","EA","Stock","","","0114195","001082","0011055","010","","87","M39014/01-1317","CAP., .001MF, 200V, 10%",":CAP., .001MF, 200V, 10%","1","0","200","0","200","0","0","0","0","Open","true","false","false","Resolved","Resolved","MissingCurrentSalesOrder","303138353432353030303432343635303230"
"01","0042465","040","854250","S","Stock","C10104","2021-01-04","","","","","EA","Stock","","","0114195","001082","0011055","010","","87","RLR07C1501FS","RES 1.5K OHM 1% 1/4W AXIAL",":RES 1.5K OHM 1% 1/4W AXIAL","1","0","100","0","100","0","0","0","0","Open","true","false","false","Resolved","Resolved","MissingCurrentSalesOrder","303138353432353030303432343635303430"
"01","0042465","110","854250","S","Stock","C10104","2021-01-04","","","","","EA","Stock","","","0114195","001082","0011055","010","","87","RLR05C1201GS","RES METAL FILM 1.2K 2% 1/8W ER",":RES METAL FILM 1.2K 2% 1/8W ER","1","0","100","0","100","0","0","0","0","Open","true","false","false","Resolved","Resolved","MissingCurrentSalesOrder","303138353432353030303432343635313130"
"01","0042465","130","854250","S","Stock","C10104","2021-01-04","","","","","EA","Stock","","","0114195","001082","0011055","010","","87","RLR07C56R0GS","RES 56 OHM 2% 1/4W AXIAL",":RES 56 OHM 2% 1/4W AXIAL","1","0","100","0","100","0","0","0","0","Open","true","false","false","Resolved","Resolved","MissingCurrentSalesOrder","303138353432353030303432343635313330"
"01","0043546","005","854250","S","Stock","C20217","2022-02-17","","","","","EA","Stock","","","0114910","001082","0011426","010","","87","RLR05C1201GS","RES METAL FILM 1.2K 2% 1/8W ER","RLR05C1201GSB14:RES METAL FILM 1.2K 2% 1","1","0","100","0","100","0","0","0","0","Open","true","false","false","Resolved","Resolved","MissingCurrentSalesOrder","303138353432353030303433353436303035"
"01","0044896","045","854250","S","Stock","C40520","2024-05-20","","","","","EA","Stock","","","0115374","565650","0011857","010","","38","50-50893","CAP, 0.1UF, 50V, 5%","CCR07CG104FR:CAP, 0.1UF, 50V, 5%","1","0","32","30","2","0","0","0","0","Open","true","false","false","Resolved","Resolved","MissingCurrentSalesOrder","303138353432353030303434383936303435"
"01","0044949","015","854250","S","Stock","C40612","2024-06-12","","","","","EA","Stock","","","0115378","001030","0011863","010","","60","50-50790","RES, 316 OHM, .1W, 1%,RNC-S,MI","RNC55H3160FSB14:RES, 316 OHM, .1W, 1%,RN","1","0","50","0","50","0","0","0","0","Open","true","false","false","Resolved","Resolved","MissingCurrentSalesOrder","303138353432353030303434393439303135"
"01","0044949","020","854250","S","Stock","C40612","2024-06-12","","","","","EA","Stock","","","0115379","001030","0011864","010","","60","50-50790","RES, 316 OHM, .1W, 1%,RNC-S,MI","RNC55H3160FSB14:RES, 316 OHM, .1W, 1","1","0","50","0","50","0","0","0","0","Open","true","false","false","Resolved","Resolved","MissingCurrentSalesOrder","303138353432353030303434393439303230"
"01","0045898","015","854250","S","Stock","C60601","2026-06-01","","","","","EA","Stock","","","0115570","001165","0012053","010","","31","RNR55C1001F(S)","RES MF 1K OHM 1% 1/8W",":RES MF 1K OHM 1% 1/8W","1","0","100","97","3","0","0","0","0","Open","true","false","false","Resolved","Resolved","MissingCurrentSalesOrder","303138353432353030303435383938303135"
"01","0045934","005","854250","S","Stock","C60306","2026-03-06","","","","","EA","Stock","","","0115573","565650","0012056","010","","38","CDR33BX104AKUS","CAP,0.1UF,50V,1210","CDR33BX104AKUS-7185:CAP,0.1UF,50V,1210","1","0","300","0","300","0","0","0","0","Open","true","false","false","Resolved","Resolved","MissingCurrentSalesOrder","303138353432353030303435393334303035"
"01","0045934","010","854250","S","Stock","C60306","2026-03-06","","","","","EA","Stock","","","0115573","565650","0012056","010","","38","CDR32BP102BKUS","CAP,0.001UF,100V,1206","CDR32BP102BKUS7185:CAP,0.001UF,100V,120","1","0","100","0","100","0","0","0","0","Open","true","false","false","Resolved","Resolved","MissingCurrentSalesOrder","303138353432353030303435393334303130"
"01","0442218","005","854250","S","Stock","C30208","2023-02-08","","","","","EA","Stock","","","0115214","001082","0011656","010","","87","M39014/01-1473","CAP CER 0.1UF 50V BX RADIAL",":CAP CER 0.1UF 50V BX RADIAL","1","0","200","0","200","0","0","0","0","Open","true","false","false","Resolved","Resolved","MissingCurrentSalesOrder","303138353432353030343432323138303035"
"01","0442218","010","854250","S","Stock","C30208","2023-02-08","","","","","EA","Stock","","","0115214","001082","0011656","010","","87","M39014/02-1276","CAP CER 0.22UF 50V BX RADIAL",":CAP CER 0.22UF 50V BX RADIAL","1","0","200","0","200","0","0","0","0","Open","true","false","false","Resolved","Resolved","MissingCurrentSalesOrder","303138353432353030343432323138303130"
"01","0442218","015","854250","S","Stock","C30208","2023-02-08","","","","","EA","Stock","","","0115214","001082","0011656","010","","87","562R5GAS10","CAP CER 10000PF 1KV Z5U RADIAL",":CAP CER 10000PF 1KV Z5U RADIAL","1","0","50","0","50","0","0","0","0","Open","true","false","false","Resolved","Resolved","MissingCurrentSalesOrder","303138353432353030343432323138303135"
"01","0442218","020","854250","S","Stock","C30208","2023-02-08","","","","","EA","Stock","","","0115214","001082","0011656","010","","87","RLR05C3901GS","RES 3.9K OHM 2% 1/8W AXIAL","RLR05C3901GSB14:RES 3.9K OHM 2% 1/8W AXI","1","0","100","0","100","0","0","0","0","Open","true","false","false","Resolved","Resolved","MissingCurrentSalesOrder","303138353432353030343432323138303230"
"01","0442218","025","854250","S","Stock","C30208","2023-02-08","","","","","EA","Stock","","","0115214","001082","0011656","010","","87","RLR05C3002GS","RES METAL FILM 30K 2% 1/8W AXI","RLR05C3002GSB14:RES METAL FILM 30K 2% 1/","1","0","100","0","100","0","0","0","0","Open","true","false","false","Resolved","Resolved","MissingCurrentSalesOrder","303138353432353030343432323138303235"
"01","0442218","030","854250","S","Stock","C30208","2023-02-08","","","","","EA","Stock","","","0115214","001082","0011656","010","","87","CK13BR273K","CAP CERAMIC 0.027UF 50V 10% X7",":CAP CERAMIC 0.027UF 50V 10% X7","1","0","50","0","50","0","0","0","0","Open","true","false","false","Resolved","Resolved","MissingCurrentSalesOrder","303138353432353030343432323138303330"
"01","0039759","010","889350","S","Stock","B70601","2017-06-01","","","","","EA","Stock","","","","","","","","14","JANTX1N5552","DIODE GEN PURP 600V 5A AXIAL","JANTX1N5552:DIODE GEN PURP 600V","1","0","10","9","1","0","0","0","9","Open","true","false","false","Resolved","NotReferenced","NotReferenced","303138383933353030303339373539303130"
"01","0039759","015","889350","M","NonStock","B70601","2017-06-01","","","","","","","","","","","","","","14","","","STOCK","0","0","0","0","0","0","0","0","0","FullyReceivedPendingClose","false","false","false","NotApplicableNonStock","NotReferenced","NotReferenced","303138383933353030303339373539303135"
"01","0039859","005","889350","S","Stock","B70710","2017-07-10","","","","","EA","Stock","","","0112509","001165","0009912","","","31","JANTXV1N4245","DIODE MIL-S-19500/286","JANTX1N4245:DIODE MIL-S-19500/28","1","0","40","0","40","0","0","0","0","Open","true","false","false","Resolved","Resolved","MissingCurrentSalesOrder","303138383933353030303339383539303035"
"01","0042610","025","889350","S","Stock","C10303","2021-03-03","","","","","EA","Stock","","","","","","","","62","JANTX1N6162A","TVS DIODE 51.7VWM 97.1VC AXIAL","JANTX1N6162A:TRANSORB (CR2 & CR3,","1","0","16","0","16","0","0","0","0","Open","true","false","false","Resolved","NotReferenced","NotReferenced","303138383933353030303432363130303235"
"01","0042610","050","889350","S","Stock","C10303","2021-03-03","","","","","EA","Stock","","","","","","","","62","JANTX2N3501","XSTR BJT Q2 & Q3","JANTX2N3501:XSTR BJT Q2 & Q3","1","0","17","0","17","0","0","0","0","Open","true","false","false","Resolved","NotReferenced","NotReferenced","303138383933353030303432363130303530"
"01","0042610","055","889350","M","NonStock","C10303","2021-03-03","","","","","","","","","","","","","","62","","","ALL PARTS FOR: 159617","0","0","0","0","0","0","0","0","0","FullyReceivedPendingClose","false","false","false","NotApplicableNonStock","NotReferenced","NotReferenced","303138383933353030303432363130303535"
"01","0043374","010","889350","S","Stock","C20517","2022-05-17","","","","","EA","Stock","","","0114853","001165","0011400","010","","31","1N6121A","DIODE SEMTECH","JANTX1N6121A:DIODE SEMTECH","1","0","25","22","3","0","0","0","0","Open","true","false","false","Resolved","Resolved","MissingCurrentSalesOrder","303138383933353030303433333734303130"
"01","0044983","015","889350","S","Stock","C50210","2025-02-10","","","","","EA","Stock","","","","","","","","62","JANTX1N6162A","TVS DIODE 51.7VWM 97.1VC AXIAL","JANTX1N6162A:TRANSORB (CR2 & CR3,","1","0","76","72","4","0","0","0","0","Open","true","false","false","Resolved","NotReferenced","NotReferenced","303138383933353030303434393833303135"
"01","0045604","030","889350","S","Stock","C70103","2027-01-03","","","","","EA","Stock","","","0115505","001037","0011998","010","","62","JANTXV2N7236","MOSFET P-CH 100V 18A TO254AA",":MOSFET P-CH 100V 18A TO254AA","1","0","35","0","35","0","0","0","0","Open","true","false","false","Resolved","Resolved","MissingCurrentSalesOrder","303138383933353030303435363034303330"
"01","0045604","060","889350","S","Stock","C70103","2027-01-03","","","","","EA","Stock","","","0115505","001037","0011998","010","","62","JANTX2N3501","XSTR BJT Q2 & Q3","JANTX2N3501:XSTR BJT Q2 & Q3","1","0","80","0","80","0","0","0","0","Open","true","false","false","Resolved","Resolved","MissingCurrentSalesOrder","303138383933353030303435363034303630"
"01","0045604","075","889350","S","Stock","C70103","2027-01-03","","","","","EA","Stock","","","0115505","001037","0011998","010","","62","JANTX1N4964","ZENOR DIODE (CR4, 18VDC 5.0W)","JANTX1N4964:ZENOR DIODE (CR4, 18","1","0","40","0","40","0","0","0","0","Open","true","false","false","Resolved","Resolved","MissingCurrentSalesOrder","303138383933353030303435363034303735"
"01","0045607","025","889350","S","Stock","C70103","2027-01-03","","","","","EA","Stock","","","0115505","001037","0011998","010","","62","JANTX1N6162A","TVS DIODE 51.7VWM 97.1VC AXIAL","JANTX1N6162A:TRANSORB (CR2 & CR3,","1","0","70","0","70","0","0","0","0","Open","true","false","false","Resolved","Resolved","MissingCurrentSalesOrder","303138383933353030303435363037303235"
"01","0045607","030","889350","M","NonStock","C70103","2027-01-03","","","","","","","","","","","","","","62","","","FOR: 159617","0","0","0","0","0","0","0","0","0","FullyReceivedPendingClose","false","false","false","NotApplicableNonStock","NotReferenced","NotReferenced","303138383933353030303435363037303330"
"01","0045897","025","889350","S","Stock","C60401","2026-04-01","","","","","EA","Stock","","","0115570","001165","0012053","010","","31","JANTX1N4245","DIODE MICROSEMI",":DIODE MICROSEMI","1","0","160","0","160","0","0","0","0","Open","true","false","false","Resolved","Resolved","MissingCurrentSalesOrder","303138383933353030303435383937303235"
"01","0045897","030","889350","S","Stock","C60601","2026-06-01","","","","","EA","Stock","","","0115570","001165","0012053","010","","31","JANTX1N4245","DIODE MICROSEMI",":DIODE MICROSEMI","1","0","220","0","220","0","0","0","0","Open","true","false","false","Resolved","Resolved","MissingCurrentSalesOrder","303138383933353030303435383937303330"
"01","0043486","010","895425","S","Stock","C20318","2022-03-18","","","","","EA","07B-200","","","0114845","565650","0011395","010","","38","903505","REV-E  PCB SMOKE DETECTOR","PCB:REV-E  PCB SMOKE DET","1","0","11","0","11","0","0","0","0","Open","true","false","false","Resolved","Resolved","MissingCurrentSalesOrder","303138393534323530303433343836303130"
"01","0043486","015","895425","S","Stock","C20318","2022-03-18","","","","","EA","07B-200","","","","","","","","38","903505","REV-E  PCB SMOKE DETECTOR","PCB:REV-E  PCB SMOKE DET","1","0","44","0","44","0","0","0","0","Open","true","false","false","Resolved","NotReferenced","NotReferenced","303138393534323530303433343836303135"
"01","0043486","020","895425","S","Stock","C20425","2022-04-25","","","","","EA","07B-200","","","","","","","","38","903505","REV-E  PCB SMOKE DETECTOR","PCB:REV-E  PCB SMOKE DET","1","0","100","0","100","0","0","0","0","Open","true","false","false","Resolved","NotReferenced","NotReferenced","303138393534323530303433343836303230"
"01","0046089","005","895425","S","Stock","C60720","2026-07-20","","","","","EA","Stock","","","","","","","","38","910783-01 REV A","PCB, SMOKE DETECTOR, MICRO PRO",":PCB, SMOKE DETECTOR, MICRO PRO","1","0","200","0","200","0","0","0","0","Open","true","false","false","Resolved","NotReferenced","NotReferenced","303138393534323530303436303839303035"
"01","0026659","004","947850","S","Stock","B31115","2013-11-15","","","","","FT","Stock","","","0109812","578350","0008482","","","02","18YEL/BLU","M22759/11-18-46","SAE AS22759-11 YB:MIL-W-16878/4","1","0","538","528","10","0","0","0","0","Open","true","false","false","Resolved","Resolved","MissingCurrentSalesOrder","303139343738353030303236363539303034"
"01","0026659","032","947850","S","Stock","B31115","2013-11-15","","","","","FT","Stock","","","","","","","","02","22WHT/BLU","SAE M22759/11-22-96","SAE AS22759/11 WBLU:SAE AS 22759/11","1","0","50","20","30","0","0","0","0","Open","true","false","false","Resolved","NotReferenced","NotReferenced","303139343738353030303236363539303332"
"01","0026659","033","947850","M","NonStock","B31115","2013-11-15","","","","","","","","","","","","","","02","","","STK","0","0","0","0","0","0","0","0","0","FullyReceivedPendingClose","false","false","false","NotApplicableNonStock","NotReferenced","NotReferenced","303139343738353030303236363539303333"
"01","0026659","037","947850","S","Stock","B31115","2013-11-15","","","","","FT","Stock","","","","578350","0008482","","","02","22RED/GRAY","M22759/11-22-28","SAEAS22759/11:MIL-W-16878/4","1","0","220","0","220","0","0","0","0","Open","true","false","false","Resolved","NotReferenced","MissingCurrentSalesOrder","303139343738353030303236363539303337"
"01","0026659","038","947850","S","Stock","B31115","2013-11-15","","","","","FT","Stock","","","","","","","","02","22RED/GRAY","M22759/11-22-28","SAEAS22759/11:MIL-W-16878/4","1","0","80","0","80","0","0","0","0","Open","true","false","false","Resolved","NotReferenced","NotReferenced","303139343738353030303236363539303338"
"01","0026659","039","947850","M","NonStock","B31115","2013-11-15","","","","","","","","","","","","","","02","","","STK","0","0","0","0","0","0","0","0","0","FullyReceivedPendingClose","false","false","false","NotApplicableNonStock","NotReferenced","NotReferenced","303139343738353030303236363539303339"
"01","0027895","005","947850","S","Stock","B50317","2015-03-17","","","","","EA","Stock","","","0110761","759050","0009066","030","","27","708","FLAT BRAID TINNED COPPER 1/2""","233/2:FLAT BRAID TINNED COPPER 1/2""","1","0","101","0","101","0","0","0","0","Open","true","false","false","Resolved","Resolved","MissingCurrentSalesOrder","303139343738353030303237383935303035"
"01","0027895","010","947850","S","Stock","B50317","2015-03-17","","","","","EA","Stock","","","0110760","759050","0009066","020","","27","708","FLAT BRAID TINNED COPPER 1/2""","233/2:FLAT BRAID TINNED COPPER 1/2""","1","0","92","0","92","0","0","0","0","Open","true","false","false","Resolved","Resolved","MissingCurrentSalesOrder","303139343738353030303237383935303130"
"01","0027895","015","947850","S","Stock","B50317","2015-03-17","","","","","EA","Stock","","","","","","","","27","708","FLAT BRAID TINNED COPPER 1/2""","233/2:FLAT BRAID TINNED COPPER 1/2""","1","0","250","0","250","0","0","0","0","Open","true","false","false","Resolved","NotReferenced","NotReferenced","303139343738353030303237383935303135"
"01","0038693","015","947850","S","Stock","B60412","2016-04-12","","","","","FT","Stock","","","0111652","759050","0009517","010","","27","EXE/EXJ 1934 9/0/2-9","M16878/4 TSJ 3COND 22 AWG","3-EXE/EXJ-1934 9/0/2:M16878/4 TSJ 3COND","1","0","100","0","100","0","0","0","0","Open","true","false","false","Resolved","Resolved","MissingCurrentSalesOrder","303139343738353030303338363933303135"
"01","0040950","005","947850","S","Stock","B81019","2018-10-19","","","","","FT","Stock","","","0113289","001165","0010443","010","","31","M22759/33-20WHT","20 AWG, ELECTRICAL WHITE","22759/33-2019-9:20 AWG, ELECTRICAL W","1","0","500","0","500","0","0","0","500","Open","true","false","false","Resolved","Resolved","MissingCurrentSalesOrder","303139343738353030303430393530303035"
"01","0040951","005","947850","S","Stock","B81019","2018-10-19","","","","","FT","Stock","","","","","","","","01","M23053/5-104/304-5","1/8 SLEEVING GREEN","SUMI-B2-1/8-5S:1/8 SLEEVING GREEN","1","0","500","0","500","0","0","0","500","Open","true","false","false","Resolved","NotReferenced","NotReferenced","303139343738353030303430393531303035"
"01","0040951","010","947850","S","Stock","B81019","2018-10-19","","","","","FT","Stock","","","","","","","","01","BRAID 225","3/32 TINNED COPPER BRAID",":3/32 TINNED COPPER BRAID","1","0","250","0","250","0","0","0","250","Open","true","false","false","Resolved","NotReferenced","NotReferenced","303139343738353030303430393531303130"
"01","0040951","015","947850","M","NonStock","B81019","2018-10-19","","","","","","","","","","","","","","01","","","STK","0","0","0","0","0","0","0","0","0","FullyReceivedPendingClose","false","false","false","NotApplicableNonStock","NotReferenced","NotReferenced","303139343738353030303430393531303135"
"01","0040957","005","947850","S","Stock","B81019","2018-10-19","","","","","FT","Stock","","","","","","","","01","M22759/11-20-9","20 AWG WHITE WIRE","M22759/11-20-9:20 AWG WHITE WIRE","1","0","3500","0","3500","0","0","0","3500","Open","true","false","false","Resolved","NotReferenced","NotReferenced","303139343738353030303430393537303035"
"01","0040957","010","947850","S","Stock","B81019","2018-10-19","","","","","FT","Stock","","","","","","","","01","M22759/11-22-9","22AWG WHITE","M22759/11-22-9:22AWG WHITE","1","0","1500","0","1500","0","0","0","1500","Open","true","false","false","Resolved","NotReferenced","NotReferenced","303139343738353030303430393537303130"
"01","0040957","015","947850","M","NonStock","B81019","2018-10-19","","","","","","","","","","","","","","01","","","ALL STK","0","0","0","0","0","0","0","0","0","FullyReceivedPendingClose","false","false","false","NotApplicableNonStock","NotReferenced","NotReferenced","303139343738353030303430393537303135"
"01","0041277","010","947850","S","Stock","B90719","2019-07-19","","","","","FT","Stock","","","","","","","","02","W-4103-2447","CABLE 4 CONDUCTOR SHIELDED","W-4103-2447:CABLE 4 CONDUCTOR SH","1","0","125","116","9","0","0","0","116","Open","true","false","false","Resolved","NotReferenced","NotReferenced","303139343738353030303431323737303130"
"01","0041277","015","947850","M","NonStock","B90719","2019-07-19","","","","","","","","","","","","","","02","","","FOR: 500146-101","0","0","0","0","0","0","0","0","0","FullyReceivedPendingClose","false","false","false","NotApplicableNonStock","NotReferenced","NotReferenced","303139343738353030303431323737303135"
"01","0041311","002","947850","S","Stock","B91004","2019-10-04","","","","","FT","Stock","","","0113509","001165","0010591","010","","31","M22759/11-22-4","22AWG YELLOW",":22AWG YELLOW","1","0","700","0","700","0","0","0","0","Open","true","false","false","Resolved","Resolved","MissingCurrentSalesOrder","303139343738353030303431333131303032"
"01","0041311","004","947850","S","Stock","B91004","2019-10-04","","","","","FT","Stock","","","0113509","001165","0010591","010","","31","M22759/11-22-2","22AWG RED",":22AWG RED","1","0","700","0","700","0","0","0","0","Open","true","false","false","Resolved","Resolved","MissingCurrentSalesOrder","303139343738353030303431333131303034"
"01","0042172","020","947850","S","Stock","C00325","2020-03-25","","","","","FT","Stock","","","0113961","001148","0010914","010","","12","77-2327-2","16AWG M16878/3-BJE RED 3000V",":16AWG M16878/3-BJE RED 3000V","1","0","50","0","50","0","0","0","0","Open","true","false","false","Resolved","Resolved","MissingCurrentSalesOrder","303139343738353030303432313732303230"
"01","0042172","025","947850","S","Stock","C00325","2020-03-25","","","","","FT","Stock","","","","","","","","12","77-2327-2","16AWG M16878/3-BJE RED 3000V",":16AWG M16878/3-BJE RED 3000V","1","0","75","0","75","0","0","0","0","Open","true","false","false","Resolved","NotReferenced","NotReferenced","303139343738353030303432313732303235"
"01","0042172","030","947850","M","NonStock","C00325","2020-03-25","","","","","","","","","","","","","","12","","","STK H&P","0","0","0","0","0","0","0","0","0","FullyReceivedPendingClose","false","false","false","NotApplicableNonStock","NotReferenced","NotReferenced","303139343738353030303432313732303330"
"01","0042273","005","947850","S","Stock","C00601","2020-06-01","","","","","EA","Stock","","","0114054","578351","0010979","010","","02","M27500-22SD2T23","2-COND TPSJ 22AWG WHT,WHT/BLU",":2-COND TPSJ 22AWG WHT,WHT/BLU","1","0","100","0","100","0","0","0","0","Open","true","false","false","Resolved","Resolved","MissingCurrentSalesOrder","303139343738353030303432323733303035"
"01","0042273","010","947850","S","Stock","C00601","2020-06-01","","","","","EA","Stock","","","0114054","578351","0010979","010","","02","M22759/32-22-92","WIRE PTFE INSUL 22 AWG,600V,WH",":WIRE PTFE INSUL 22 AWG,600V,WH","1","0","100","0","100","0","0","0","0","Open","true","false","false","Resolved","Resolved","MissingCurrentSalesOrder","303139343738353030303432323733303130"
"01","0042273","015","947850","S","Stock","C00601","2020-06-01","","","","","EA","Stock","","","0114054","578351","0010979","010","","02","M22759/32-22-95","WIRE 22AWG WHT/GRN",":WIRE 22AWG WHT/GRN","1","0","100","0","100","0","0","0","0","Open","true","false","false","Resolved","Resolved","MissingCurrentSalesOrder","303139343738353030303432323733303135"
"01","0042445","015","947850","S","Stock","C00828","2020-08-28","","","","","FT","Stock","","","0114174","001270","0011047","050","","B0","M27500-20RC4S06","CABLE  ELEC  20 AWG  4 WIRE",":CABLE  ELEC  20 AWG  4 WIRE","1","0","25","0","25","0","0","0","0","Open","true","false","false","Resolved","Resolved","MissingCurrentSalesOrder","303139343738353030303432343435303135"
"01","0042738","045","947850","S","Stock","C10126","2021-01-26","","","","","FT","Stock","","","","","","","","B0","M27500-22RC2S09","CABLE ELEC  22 AWG  2 WIRE",":CABLE ELEC  22 AWG  2 WIRE","1","0","90","33","57","0","0","0","0","Open","true","false","false","Resolved","NotReferenced","NotReferenced","303139343738353030303432373338303435"
"01","0042738","050","947850","M","NonStock","C10126","2021-01-26","","","","","","","","","","","","","","B0","","","FOR: TD127049-1","0","0","0","0","0","0","0","0","0","FullyReceivedPendingClose","false","false","false","NotApplicableNonStock","NotReferenced","NotReferenced","303139343738353030303432373338303530"
"01","0042738","080","947850","S","Stock","C10126","2021-01-26","","","","","FT","Stock","","","","","","","","B0","M27500-20RC2U00","CABLE ELEC 20 AWG  2 WIRE  NO",":CABLE ELEC 20 AWG  2 WIRE  NO","1","0","50","34","16","0","0","0","0","Open","true","false","false","Resolved","NotReferenced","NotReferenced","303139343738353030303432373338303830"
"01","0042738","085","947850","M","NonStock","C10126","2021-01-26","","","","","","","","","","","","","","B0","","","FOR: TD124267-1","0","0","0","0","0","0","0","0","0","FullyReceivedPendingClose","false","false","false","NotApplicableNonStock","NotReferenced","NotReferenced","303139343738353030303432373338303835"
"01","0042948","005","947850","S","Stock","C10524","2021-05-24","","","","","FT","Stock","","","0114549","001057","0011223","010","","72","+GEPSP173-30","18AWG 3000V RED M16878/3-BHE2",":18AWG 3000V RED M16878/3-BHE2","1","0","95","0","95","0","0","0","0","Open","true","false","false","Resolved","Resolved","MissingCurrentSalesOrder","303139343738353030303432393438303035"
"01","0042948","010","947850","S","Stock","C10524","2021-05-24","","","","","FT","Stock","","","0114532","001057","0011215","010","","72","+GEPSP173-30","18AWG 3000V RED M16878/3-BHE2",":18AWG 3000V RED M16878/3-BHE2","1","0","45","0","45","0","0","0","0","Open","true","false","false","Resolved","Resolved","MissingCurrentSalesOrder","303139343738353030303432393438303130"
"01","0042948","015","947850","S","Stock","C10524","2021-05-24","","","","","FT","Stock","","","","","","","","72","+GEPSP173-30","18AWG 3000V RED M16878/3-BHE2",":18AWG 3000V RED M16878/3-BHE2","1","0","160","0","160","0","0","0","0","Open","true","false","false","Resolved","NotReferenced","NotReferenced","303139343738353030303432393438303135"
"01","0043686","005","947850","S","Stock","C20421","2022-04-21","","","","","FT","Stock","","","0114990","001270","0011485","210","","B0","M27500-22RC4S09","CABLE ELE  22AWG  4 WIRE",":CABLE ELE  22AWG  4 WIRE","1","0","100","0","100","0","0","0","0","Open","true","false","false","Resolved","Resolved","MissingCurrentSalesOrder","303139343738353030303433363836303035"
"01","0043686","010","947850","S","Stock","C20421","2022-04-21","","","","","FT","Stock","","","0115001","001270","0011493","010","","B0","M22759/11-22-0","22AWG BLACK",":22AWG BLACK","1","0","100","0","100","0","0","0","0","Open","true","false","false","Resolved","Resolved","MissingCurrentSalesOrder","303139343738353030303433363836303130"
"01","0043686","015","947850","S","Stock","C20421","2022-04-21","","","","","FT","Stock","","","","","","","","B0","M22759/11-24-9","24AWG WHITE",":24AWG WHITE","1","0","100","0","100","0","0","0","0","Open","true","false","false","Resolved","NotReferenced","NotReferenced","303139343738353030303433363836303135"
"01","0044910","005","947850","S","Stock","C40515","2024-05-15","","","","","FT","Stock","","","","","","","","31","5M592S22C2","WIRE","AA59551-S22S1T:WIRE","1","0","2000","0","2000","0","0","0","0","Open","true","false","false","Resolved","NotReferenced","NotReferenced","303139343738353030303434393130303035"
"01","0045029","020","947850","S","Stock","C40715","2024-07-15","","","","","FT","Stock","","","","","","","","B0","M23053/5-301-9","SHRINK SLEEVING.063/.031 3/32""",":SHRINK SLEEVING.063/.031 3/32""","1","0","100","0","100","0","0","0","0","Open","true","false","false","Resolved","NotReferenced","NotReferenced","303139343738353030303435303239303230"
"01","0045029","025","947850","M","NonStock","C40715","2024-07-15","","","","","","","","","","","","","","B0","","","FOR: SK132140","0","0","0","0","0","0","0","0","0","FullyReceivedPendingClose","false","false","false","NotApplicableNonStock","NotReferenced","NotReferenced","303139343738353030303435303239303235"
"01","0045287","005","947850","S","Stock","C50410","2025-04-10","","","","","FT","Stock","","","","","","","","31","C811-000001","22 AWG TWISTED SHLD PAIR, GRN",":22 AWG TWISTED SHLD PAIR, GRN","1","0","500","0","500","0","0","0","0","Open","true","false","false","Resolved","NotReferenced","NotReferenced","303139343738353030303435323837303035"
"01","0045473","010","947850","S","Stock","C50530","2025-05-30","","","","","FT","Stock","","","","","","","","B0","M22759/11-22-9","22AWG WHITE","M22759/11-22-9:22AWG WHITE","1","0","0","0","0","0","0","0","0","FullyReceivedPendingClose","false","false","false","Resolved","NotReferenced","NotReferenced","303139343738353030303435343733303130"
